{"type":"FeatureCollection","features":[{"type":"Feature","geometry":{"type":"Point","coordinates":[-122.4908797,37.722374]},"properties":{"id":358767175,"category":"park","name":"Harding Park","area":0}},{"type":"Feature","geometry":{"type":"Point","coordinates":[-122.4994167,37.7254875]},"properties":{"id":358803668,"category":"park","name":"Lake Merced Sports Center","area":0}},{"type":"Feature","geometry":{"type":"Point","coordinates":[-122.4136718,37.7224769]},"properties":{"id":358803681,"category":"park","name":"Louis Sutter Playground","area":0}},{"type":"Feature","geometry":{"type":"Point","coordinates":[-122.376915,37.7296529]},"properties":{"id":358803706,"category":"park","name":"Milton Myer Recreation Center","area":0}},{"type":"Feature","geometry":{"type":"Point","coordinates":[-122.4477778,37.7769444]},"properties":{"id":358857214,"category":"park","name":"Ulrich Field","area":0}},{"type":"Feature","geometry":{"type":"Point","coordinates":[-122.4480556,37.7769444]},"properties":{"id":358857215,"category":"park","name":"Benedetti Diamond","area":0}},{"type":"Feature","geometry":{"type":"Point","coordinates":[-122.4333527,37.7504387]},"properties":{"id":360959372,"category":"park","name":null,"area":0}},{"type":"Feature","geometry":{"type":"Point","coordinates":[-122.420967,37.739994]},"properties":{"id":571374368,"category":"park","name":"Good Prospect Community Garden","area":0}},{"type":"Feature","geometry":{"type":"Point","coordinates":[-122.4367154,37.7606897]},"properties":{"id":734841521,"category":"park","name":null,"area":0}},{"type":"Feature","geometry":{"type":"Point","coordinates":[-122.4020158,37.7844545]},"properties":{"id":1250280541,"category":"park","name":"Sister City Gardens","area":0}},{"type":"Feature","geometry":{"type":"Point","coordinates":[-122.4575307,37.7721126]},"properties":{"id":1350922072,"category":"park","name":"Camellia Gardens","area":0}},{"type":"Feature","geometry":{"type":"Point","coordinates":[-122.4252808,37.7735256]},"properties":{"id":2627667993,"category":"park","name":"Page & Laguna Community Garden","area":0}},{"type":"Feature","geometry":{"type":"Point","coordinates":[-122.4263834,37.7732997]},"properties":{"id":2627670561,"category":"park","name":"Koshland Park Community Garden","area":0}},{"type":"Feature","geometry":{"type":"Point","coordinates":[-122.440633,37.7413665]},"properties":{"id":2627730431,"category":"park","name":"Crags Court Community Garden","area":0}},{"type":"Feature","geometry":{"type":"Point","coordinates":[-122.4257655,37.7364603]},"properties":{"id":2627740453,"category":"park","name":"Park Street Community Garden","area":0}},{"type":"Feature","geometry":{"type":"Point","coordinates":[-122.420224,37.7641918]},"properties":{"id":2627761804,"category":"park","name":"Kid Power Park Community Garden","area":0}},{"type":"Feature","geometry":{"type":"Point","coordinates":[-122.397618,37.7573265]},"properties":{"id":2627767256,"category":"park","name":"Arkansas Friendship Community Garden","area":0}},{"type":"Feature","geometry":{"type":"Point","coordinates":[-122.396885,37.7573604]},"properties":{"id":2627767875,"category":"park","name":"Connecticut Friendship Community Garden","area":0}},{"type":"Feature","geometry":{"type":"Point","coordinates":[-122.4551728,37.7085798]},"properties":{"id":2627776189,"category":"park","name":"Lessing & Sears Community Garden","area":0}},{"type":"Feature","geometry":{"type":"Point","coordinates":[-122.4781764,37.7229871]},"properties":{"id":2713436108,"category":"park","name":"Fairy Circle","area":0}},{"type":"Feature","geometry":{"type":"Point","coordinates":[-122.4780564,37.7232459]},"properties":{"id":2721828529,"category":"park","name":"Secret Garden","area":0}},{"type":"Feature","geometry":{"type":"Point","coordinates":[-122.4766931,37.7225694]},"properties":{"id":2726228491,"category":"park","name":"Stormwater / Roofwater Management Bioswales","area":0}},{"type":"Feature","geometry":{"type":"Point","coordinates":[-122.4796587,37.7234748]},"properties":{"id":2726228500,"category":"park","name":"Habitat Gardens","area":0}},{"type":"Feature","geometry":{"type":"Point","coordinates":[-122.4779047,37.7210093]},"properties":{"id":2802306724,"category":"park","name":"Landscape Learning Library","area":0}},{"type":"Feature","geometry":{"type":"Point","coordinates":[-122.4749591,37.7660355]},"properties":{"id":2969748418,"category":"park","name":"Children's Garden","area":0}},{"type":"Feature","geometry":{"type":"Point","coordinates":[-122.473044,37.7662433]},"properties":{"id":2969748419,"category":"park","name":"Nursery Center for Sustainable Gardening","area":0}},{"type":"Feature","geometry":{"type":"Point","coordinates":[-122.4724003,37.7672611]},"properties":{"id":2969748422,"category":"park","name":"Southeast Asian Cloud Forest","area":0}},{"type":"Feature","geometry":{"type":"Point","coordinates":[-122.4714776,37.768071]},"properties":{"id":2969748423,"category":"park","name":"Camellia Garden","area":0}},{"type":"Feature","geometry":{"type":"Point","coordinates":[-122.4717888,37.7678336]},"properties":{"id":2969748424,"category":"park","name":"Moon Viewing Garden","area":0}},{"type":"Feature","geometry":{"type":"Point","coordinates":[-122.4720127,37.7683848]},"properties":{"id":2969748425,"category":"park","name":"Zellenbach Garden of Perennials","area":0}},{"type":"Feature","geometry":{"type":"Point","coordinates":[-122.4714991,37.768775]},"properties":{"id":2969748426,"category":"park","name":"Andean Cloud Forest Garden","area":0}},{"type":"Feature","geometry":{"type":"Point","coordinates":[-122.4705979,37.7688386]},"properties":{"id":2969748427,"category":"park","name":"Australia Garden","area":0}},{"type":"Feature","geometry":{"type":"Point","coordinates":[-122.4683019,37.7662985]},"properties":{"id":2969749536,"category":"park","name":"Temperate Asia Garden","area":0}},{"type":"Feature","geometry":{"type":"Point","coordinates":[-122.4578759,37.7726425]},"properties":{"id":3077094260,"category":"park","name":"Dahlia Dell","area":0}},{"type":"Feature","geometry":{"type":"Point","coordinates":[-122.4014153,37.7869717]},"properties":{"id":3640213359,"category":"park","name":"Annie St Plaza","area":0}},{"type":"Feature","geometry":{"type":"Point","coordinates":[-122.4198268,37.72236]},"properties":{"id":4293393198,"category":"park","name":null,"area":0}},{"type":"Feature","geometry":{"type":"Point","coordinates":[-122.4405792,37.7705932]},"properties":{"id":4731441413,"category":"park","name":"Buena Vista Peace Symbol","area":0}},{"type":"Feature","geometry":{"type":"Point","coordinates":[-122.4766707,37.7748696]},"properties":{"id":6592179996,"category":"park","name":"Argonne School Native Garden and Outdoor Classroom","area":0}},{"type":"Feature","geometry":{"type":"Point","coordinates":[-122.4847897,37.7047833]},"properties":{"id":6680676651,"category":"park","name":"Serenity Garden","area":0}},{"type":"Feature","geometry":{"type":"Point","coordinates":[-122.454135,37.7770937]},"properties":{"id":6743302325,"category":"park","name":"Promenade Gardens","area":0}},{"type":"Feature","geometry":{"type":"Point","coordinates":[-122.464709,37.7721673]},"properties":{"id":8878517394,"category":"park","name":"John McLaren Memorial Rhododendron Dell","area":0}},{"type":"Feature","geometry":{"type":"Point","coordinates":[-122.414938,37.7539244]},"properties":{"id":10656685007,"category":"park","name":null,"area":0}},{"type":"Feature","geometry":{"type":"Point","coordinates":[-122.4258266,37.7724228]},"properties":{"id":11296125208,"category":"park","name":"Community Garden","area":0}},{"type":"Feature","geometry":{"type":"Point","coordinates":[-122.3996226,37.7955872]},"properties":{"id":12440345641,"category":"park","name":"Maritime Plaza","area":0}},{"type":"Feature","geometry":{"type":"Point","coordinates":[-122.4643295,37.7691822]},"properties":{"id":12639557817,"category":"park","name":"California Garden","area":0}},{"type":"Feature","geometry":{"type":"Point","coordinates":[-122.4168114,37.780703]},"properties":{"id":13593832126,"category":"park","name":"Tenderloin Peoples' Garden","area":0}},{"type":"Feature","geometry":{"type":"Point","coordinates":[-122.44167165048542,37.76843415922332]},"properties":{"id":7459901,"category":"park","name":"Buena Vista Park","area":153340}},{"type":"Feature","geometry":{"type":"Point","coordinates":[-122.48002744444443,37.74351297777778]},"properties":{"id":16750270,"category":"park","name":"McCoppin Square","area":29748}},{"type":"Feature","geometry":{"type":"Point","coordinates":[-122.4500273,37.771986188]},"properties":{"id":16751151,"category":"park","name":"Panhandle","area":97971}},{"type":"Feature","geometry":{"type":"Point","coordinates":[-122.43767375,37.79118125]},"properties":{"id":16751737,"category":"park","name":"Alta Plaza Park","area":48037}},{"type":"Feature","geometry":{"type":"Point","coordinates":[-122.4269625125,37.791504812499994]},"properties":{"id":16751838,"category":"park","name":"Lafayette Park","area":46565}},{"type":"Feature","geometry":{"type":"Point","coordinates":[-122.4138990977778,37.74300967111111]},"properties":{"id":16752188,"category":"park","name":"Bernal Heights Park","area":130790}},{"type":"Feature","geometry":{"type":"Point","coordinates":[-122.41993775094338,37.737208175471686]},"properties":{"id":16752409,"category":"park","name":"Holly Park","area":32897}},{"type":"Feature","geometry":{"type":"Point","coordinates":[-122.43916161,37.80674431]},"properties":{"id":16761472,"category":"park","name":"Marina Green","area":30872}},{"type":"Feature","geometry":{"type":"Point","coordinates":[-122.41014772727272,37.800835436363634]},"properties":{"id":18583270,"category":"park","name":"Washington Square Park","area":8936}},{"type":"Feature","geometry":{"type":"Point","coordinates":[-122.38808831212121,37.78084613333333]},"properties":{"id":23750468,"category":"park","name":"South Beach Park","area":4203}},{"type":"Feature","geometry":{"type":"Point","coordinates":[-122.3996185,37.76402978181818]},"properties":{"id":23750483,"category":"park","name":"Jackson Park","area":18316}},{"type":"Feature","geometry":{"type":"Point","coordinates":[-122.42753602857144,37.75951064285715]},"properties":{"id":23871270,"category":"park","name":"Mission Dolores Park","area":64752}},{"type":"Feature","geometry":{"type":"Point","coordinates":[-122.4063097,37.74999290666666]},"properties":{"id":23881517,"category":"park","name":"Rolph Playground","area":11835}},{"type":"Feature","geometry":{"type":"Point","coordinates":[-122.41143892999999,37.74708557]},"properties":{"id":23908184,"category":"park","name":"Precita Park","area":8482}},{"type":"Feature","geometry":{"type":"Point","coordinates":[-122.39902555,37.7975142]},"properties":{"id":23916482,"category":"park","name":"Sydney G. Walton Square","area":7819}},{"type":"Feature","geometry":{"type":"Point","coordinates":[-122.3938995297872,37.78163824680853]},"properties":{"id":24052083,"category":"park","name":"South Park","area":3494}},{"type":"Feature","geometry":{"type":"Point","coordinates":[-122.41222864000001,37.75007596]},"properties":{"id":24253472,"category":"park","name":"Garfield Square","area":11973}},{"type":"Feature","geometry":{"type":"Point","coordinates":[-122.40510004000002,37.75074032]},"properties":{"id":24445970,"category":"park","name":"Potrero Del Sol Park","area":17723}},{"type":"Feature","geometry":{"type":"Point","coordinates":[-122.40911444285715,37.76494638571428]},"properties":{"id":24547823,"category":"park","name":"Franklin Square","area":20278}},{"type":"Feature","geometry":{"type":"Point","coordinates":[-122.4045595125,37.75909206875]},"properties":{"id":24547834,"category":"park","name":"McKinley Square","area":9619}},{"type":"Feature","geometry":{"type":"Point","coordinates":[-122.44532066666666,37.724636408333325]},"properties":{"id":24562831,"category":"park","name":"Balboa Park","area":104138}},{"type":"Feature","geometry":{"type":"Point","coordinates":[-122.43386530000002,37.76955008620689]},"properties":{"id":24562854,"category":"park","name":"Duboce Park","area":16164}},{"type":"Feature","geometry":{"type":"Point","coordinates":[-122.43307662142855,37.80192233571429]},"properties":{"id":24562872,"category":"park","name":"Moscone Recreation Center","area":49161}},{"type":"Feature","geometry":{"type":"Point","coordinates":[-122.42033711666669,37.76413265]},"properties":{"id":25004325,"category":"park","name":"Kid Power Park","area":1003}},{"type":"Feature","geometry":{"type":"Point","coordinates":[-122.42277205555554,37.762426922222225]},"properties":{"id":25169977,"category":"park","name":null,"area":596}},{"type":"Feature","geometry":{"type":"Point","coordinates":[-122.40751392500002,37.787932930000004]},"properties":{"id":25278818,"category":"park","name":"Union Square","area":9226}},{"type":"Feature","geometry":{"type":"Point","coordinates":[-122.4014686875,37.802280687499994]},"properties":{"id":25751184,"category":"park","name":"Levi's Plaza","area":7863}},{"type":"Feature","geometry":{"type":"Point","coordinates":[-122.44757160000002,37.75988147142857]},"properties":{"id":26278429,"category":"park","name":"Tank Hill","area":11487}},{"type":"Feature","geometry":{"type":"Point","coordinates":[-122.45156357142857,37.76260129999999]},"properties":{"id":27092661,"category":"park","name":"Grattan Playground","area":6156}},{"type":"Feature","geometry":{"type":"Point","coordinates":[-122.39500278545457,37.79516861636364]},"properties":{"id":27146063,"category":"park","name":"Embarcadero Plaza","area":14728}},{"type":"Feature","geometry":{"type":"Point","coordinates":[-122.38314491153848,37.75401971923077]},"properties":{"id":27239292,"category":"park","name":"Warm Water Cove Park","area":7555}},{"type":"Feature","geometry":{"type":"Point","coordinates":[-122.39110639999998,37.76110672]},"properties":{"id":27239372,"category":"park","name":"Esprit Park","area":8292}},{"type":"Feature","geometry":{"type":"Point","coordinates":[-122.39677076000002,37.77082257600001]},"properties":{"id":27369705,"category":"park","name":"Mission Creek Park","area":39633}},{"type":"Feature","geometry":{"type":"Point","coordinates":[-122.38978051666668,37.75373071666667]},"properties":{"id":27369817,"category":"park","name":"Minnesota Grove","area":1068}},{"type":"Feature","geometry":{"type":"Point","coordinates":[-122.3884057409091,37.77608588636364]},"properties":{"id":27656676,"category":"park","name":"China Basin Park","area":19436}},{"type":"Feature","geometry":{"type":"Point","coordinates":[-122.4221026857143,37.749393128571434]},"properties":{"id":27657304,"category":"park","name":"Juri Commons","area":785}},{"type":"Feature","geometry":{"type":"Point","coordinates":[-122.424434875,37.77623025]},"properties":{"id":28015862,"category":"park","name":"Patricia's Green","area":1848}},{"type":"Feature","geometry":{"type":"Point","coordinates":[-122.37294656666668,37.73816259135804]},"properties":{"id":28671926,"category":"park","name":"Heron's Head Park","area":82330}},{"type":"Feature","geometry":{"type":"Point","coordinates":[-122.39066754347827,37.748088778260865]},"properties":{"id":28689198,"category":"park","name":"Tulare Park","area":5853}},{"type":"Feature","geometry":{"type":"Point","coordinates":[-122.42110864090907,37.717226862878775]},"properties":{"id":28716696,"category":"park","name":"John McLaren Park","area":1443436}},{"type":"Feature","geometry":{"type":"Point","coordinates":[-122.40496782307693,37.792048753846146]},"properties":{"id":28841124,"category":"park","name":"Saint Mary's Square","area":5134}},{"type":"Feature","geometry":{"type":"Point","coordinates":[-122.40242797954548,37.78464588181819]},"properties":{"id":28842443,"category":"park","name":"Yerba Buena Gardens","area":15633}},{"type":"Feature","geometry":{"type":"Point","coordinates":[-122.39336488823528,37.789974300000004]},"properties":{"id":28844805,"category":"park","name":"The Crossing at East Cut","area":8696}},{"type":"Feature","geometry":{"type":"Point","coordinates":[-122.4030171230769,37.73276159230769]},"properties":{"id":29285191,"category":"park","name":"Silver Terrace Playground","area":21552}},{"type":"Feature","geometry":{"type":"Point","coordinates":[-122.4190814,37.80664806666667]},"properties":{"id":30029902,"category":"park","name":"Joseph Conrad Square","area":570}},{"type":"Feature","geometry":{"type":"Point","coordinates":[-122.4672851057143,37.77080590571428]},"properties":{"id":30899551,"category":"park","name":"Music Concourse","area":35657}},{"type":"Feature","geometry":{"type":"Point","coordinates":[-122.47029850999999,37.77017936]},"properties":{"id":30900516,"category":"park","name":"Japanese Tea Garden","area":13550}},{"type":"Feature","geometry":{"type":"Point","coordinates":[-122.47978128947369,37.71958396842105]},"properties":{"id":31968290,"category":"park","name":null,"area":371}},{"type":"Feature","geometry":{"type":"Point","coordinates":[-122.40449306666666,37.799127733333336]},"properties":{"id":32611442,"category":"park","name":null,"area":697}},{"type":"Feature","geometry":{"type":"Point","coordinates":[-122.40505542857144,37.80188425714285]},"properties":{"id":32611483,"category":"park","name":"Filbert Steps Garden","area":1040}},{"type":"Feature","geometry":{"type":"Point","coordinates":[-122.42324368809525,37.806915407142846]},"properties":{"id":32839638,"category":"park","name":"Aquatic Park Historic District","area":35897}},{"type":"Feature","geometry":{"type":"Point","coordinates":[-122.41068683333333,37.80043253333333]},"properties":{"id":32857635,"category":"park","name":"Marini Plaza","area":319}},{"type":"Feature","geometry":{"type":"Point","coordinates":[-122.38885119230767,37.79032866153845]},"properties":{"id":32862590,"category":"park","name":null,"area":315}},{"type":"Feature","geometry":{"type":"Point","coordinates":[-122.38963763500001,37.791190405]},"properties":{"id":32862802,"category":"park","name":"Rincon Park","area":13153}},{"type":"Feature","geometry":{"type":"Point","coordinates":[-122.39387916923076,37.790721976923074]},"properties":{"id":32862942,"category":"park","name":null,"area":816}},{"type":"Feature","geometry":{"type":"Point","coordinates":[-122.41962268461538,37.77869753846154]},"properties":{"id":32865354,"category":"park","name":null,"area":1068}},{"type":"Feature","geometry":{"type":"Point","coordinates":[-122.41863317272728,37.77878820909091]},"properties":{"id":32865362,"category":"park","name":null,"area":914}},{"type":"Feature","geometry":{"type":"Point","coordinates":[-122.41920824545454,37.77857914545455]},"properties":{"id":32865366,"category":"park","name":null,"area":103}},{"type":"Feature","geometry":{"type":"Point","coordinates":[-122.41898009090909,37.77860708181818]},"properties":{"id":32865381,"category":"park","name":null,"area":106}},{"type":"Feature","geometry":{"type":"Point","coordinates":[-122.41982704374999,37.77976504375]},"properties":{"id":32865408,"category":"park","name":null,"area":804}},{"type":"Feature","geometry":{"type":"Point","coordinates":[-122.41887494375,37.7799123625]},"properties":{"id":32865521,"category":"park","name":null,"area":746}},{"type":"Feature","geometry":{"type":"Point","coordinates":[-122.41217623333331,37.792174016666664]},"properties":{"id":32946958,"category":"park","name":"Huntington Park","area":4249}},{"type":"Feature","geometry":{"type":"Point","coordinates":[-122.41118552500001,37.792038925]},"properties":{"id":32947088,"category":"park","name":null,"area":586}},{"type":"Feature","geometry":{"type":"Point","coordinates":[-122.41151394999999,37.791963700000004]},"properties":{"id":32947094,"category":"park","name":null,"area":439}},{"type":"Feature","geometry":{"type":"Point","coordinates":[-122.4095152,37.7924838]},"properties":{"id":32947179,"category":"park","name":null,"area":880}},{"type":"Feature","geometry":{"type":"Point","coordinates":[-122.402183275,37.793248774999995]},"properties":{"id":32947395,"category":"park","name":null,"area":69}},{"type":"Feature","geometry":{"type":"Point","coordinates":[-122.41207412857143,37.78438944285714]},"properties":{"id":33619301,"category":"park","name":"Boeddeker Park","area":3371}},{"type":"Feature","geometry":{"type":"Point","coordinates":[-122.41912905714287,37.7976154]},"properties":{"id":33883156,"category":"park","name":null,"area":353}},{"type":"Feature","geometry":{"type":"Point","coordinates":[-122.46866152156866,37.76807770196079]},"properties":{"id":34218961,"category":"park","name":"Garden of Fragrance","area":2104}},{"type":"Feature","geometry":{"type":"Point","coordinates":[-122.44169837,37.75839403333334]},"properties":{"id":34856612,"category":"park","name":"Kite Hill Open Space","area":10793}},{"type":"Feature","geometry":{"type":"Point","coordinates":[-122.40713015833335,37.79361834166666]},"properties":{"id":35049434,"category":"park","name":"Willie \"Woo Woo\" Wong Park","area":2002}},{"type":"Feature","geometry":{"type":"Point","coordinates":[-122.4181782,37.78540478333333]},"properties":{"id":35050562,"category":"park","name":"Sergeant John Macaulay Park","area":787}},{"type":"Feature","geometry":{"type":"Point","coordinates":[-122.41233418888889,37.802435411111105]},"properties":{"id":35065721,"category":"park","name":"Joe DiMaggio Playground","area":10405}},{"type":"Feature","geometry":{"type":"Point","coordinates":[-122.44289151311477,37.73908386196722]},"properties":{"id":35800082,"category":"park","name":"Glen Canyon Park","area":292733}},{"type":"Feature","geometry":{"type":"Point","coordinates":[-122.43230876000003,37.7864286]},"properties":{"id":36949360,"category":"park","name":"Cottage Row Mini Park","area":516}},{"type":"Feature","geometry":{"type":"Point","coordinates":[-122.4425677,37.78563497500001]},"properties":{"id":36950468,"category":"park","name":"Baker & Broderick Mini Park","area":347}},{"type":"Feature","geometry":{"type":"Point","coordinates":[-122.40431752499998,37.802928325]},"properties":{"id":37126515,"category":"park","name":null,"area":1651}},{"type":"Feature","geometry":{"type":"Point","coordinates":[-122.40532191666667,37.8028752]},"properties":{"id":37126551,"category":"park","name":null,"area":847}},{"type":"Feature","geometry":{"type":"Point","coordinates":[-122.4159648,37.782748500000004]},"properties":{"id":37191966,"category":"park","name":"Turk-Hyde Mini Park","area":434}},{"type":"Feature","geometry":{"type":"Point","coordinates":[-122.43777105,37.763570900000005]},"properties":{"id":38026629,"category":"park","name":"States Street (Corona Heights) Community Garden","area":253}},{"type":"Feature","geometry":{"type":"Point","coordinates":[-122.44889062162162,37.76632053783784]},"properties":{"id":38224213,"category":"park","name":"Sunset Tunnel Park","area":3014}},{"type":"Feature","geometry":{"type":"Point","coordinates":[-122.43329666666666,37.72019542222222]},"properties":{"id":39335773,"category":"park","name":"Excelsior Playground","area":6367}},{"type":"Feature","geometry":{"type":"Point","coordinates":[-122.40960517142857,37.729152157142856]},"properties":{"id":39997532,"category":"park","name":"Palega Recreation Center","area":20418}},{"type":"Feature","geometry":{"type":"Point","coordinates":[-122.38191614509805,37.714070450326815]},"properties":{"id":40060675,"category":"park","name":"Candlestick Point State Recreation Area","area":632887}},{"type":"Feature","geometry":{"type":"Point","coordinates":[-122.46462496250001,37.7389162625]},"properties":{"id":41373180,"category":"park","name":null,"area":1506}},{"type":"Feature","geometry":{"type":"Point","coordinates":[-122.40592073888888,37.77690568888889]},"properties":{"id":43100742,"category":"park","name":"Victoria Manalo Draves Park","area":9728}},{"type":"Feature","geometry":{"type":"Point","coordinates":[-122.48447894107142,37.70343879285715]},"properties":{"id":43762562,"category":"park","name":"Westlake Park","area":63560}},{"type":"Feature","geometry":{"type":"Point","coordinates":[-122.44986644999999,37.704772733333336]},"properties":{"id":43762580,"category":"park","name":"Frankfort Park","area":2257}},{"type":"Feature","geometry":{"type":"Point","coordinates":[-122.46813832333333,37.70135250666667]},"properties":{"id":43762635,"category":"park","name":"Marchbank Park","area":25058}},{"type":"Feature","geometry":{"type":"Point","coordinates":[-122.45256431249999,37.7070634125]},"properties":{"id":43762655,"category":"park","name":"Lincoln Park","area":8300}},{"type":"Feature","geometry":{"type":"Point","coordinates":[-122.44125892222223,37.70753671111111]},"properties":{"id":43762856,"category":"park","name":"Mission Hills Park","area":2906}},{"type":"Feature","geometry":{"type":"Point","coordinates":[-122.42924110000001,37.70550395]},"properties":{"id":43762861,"category":"park","name":"Arden Park","area":1004}},{"type":"Feature","geometry":{"type":"Point","coordinates":[-122.44875600000002,37.741681257142865]},"properties":{"id":47971227,"category":"park","name":"Marietta Green Space","area":486}},{"type":"Feature","geometry":{"type":"Point","coordinates":[-122.46675281538462,37.72828446923077]},"properties":{"id":48435252,"category":"park","name":"Aptos Playground","area":19437}},{"type":"Feature","geometry":{"type":"Point","coordinates":[-122.46482481666668,37.736790150000004]},"properties":{"id":48435281,"category":"park","name":"Terrace Green Park","area":7205}},{"type":"Feature","geometry":{"type":"Point","coordinates":[-122.47402155499996,37.724709520000005]},"properties":{"id":48537425,"category":"park","name":"Junipero Serra Playground","area":6028}},{"type":"Feature","geometry":{"type":"Point","coordinates":[-122.38740534285714,37.77102014285714]},"properties":{"id":48569996,"category":"park","name":"Mission Bay Commons","area":9586}},{"type":"Feature","geometry":{"type":"Point","coordinates":[-122.41218735,37.791976174999995]},"properties":{"id":49875529,"category":"park","name":null,"area":12}},{"type":"Feature","geometry":{"type":"Point","coordinates":[-122.4120897,37.791988075]},"properties":{"id":49875530,"category":"park","name":null,"area":12}},{"type":"Feature","geometry":{"type":"Point","coordinates":[-122.48443238888889,37.78489671111112]},"properties":{"id":52243885,"category":"park","name":"Rochambeau Playground","area":3256}},{"type":"Feature","geometry":{"type":"Point","coordinates":[-122.39583982380952,37.77296462380953]},"properties":{"id":56656116,"category":"park","name":"Mission Creek Park","area":29208}},{"type":"Feature","geometry":{"type":"Point","coordinates":[-122.4278269125,37.797462575]},"properties":{"id":68705976,"category":"park","name":"Allyne Park","area":3148}},{"type":"Feature","geometry":{"type":"Point","coordinates":[-122.45045172631578,37.713709773684215]},"properties":{"id":68854101,"category":"park","name":"Cayuga Park","area":13754}},{"type":"Feature","geometry":{"type":"Point","coordinates":[-122.41340023636366,37.75461697272727]},"properties":{"id":68881688,"category":"park","name":"Treat Commons Community Garden","area":190}},{"type":"Feature","geometry":{"type":"Point","coordinates":[-122.41357145,37.754341416666676]},"properties":{"id":68881693,"category":"park","name":"Parque Niños Unidos","area":2205}},{"type":"Feature","geometry":{"type":"Point","coordinates":[-122.40859552500001,37.75305044166667]},"properties":{"id":68882142,"category":"park","name":"24th & York Mini Park","area":480}},{"type":"Feature","geometry":{"type":"Point","coordinates":[-122.38363491818183,37.73090730303029]},"properties":{"id":68883459,"category":"park","name":"Adam Rodgers Park","area":11432}},{"type":"Feature","geometry":{"type":"Point","coordinates":[-122.4466831,37.709828325000004]},"properties":{"id":68886068,"category":"park","name":"Alice Chalmers Playground","area":6651}},{"type":"Feature","geometry":{"type":"Point","coordinates":[-122.44813285000002,37.805964933333335]},"properties":{"id":69020319,"category":"park","name":"Little Marina Green","area":8929}},{"type":"Feature","geometry":{"type":"Point","coordinates":[-122.41823540000001,37.758915550000005]},"properties":{"id":69029501,"category":"park","name":"Alioto Mini Park","area":672}},{"type":"Feature","geometry":{"type":"Point","coordinates":[-122.45711655925926,37.778685644444444]},"properties":{"id":69032470,"category":"park","name":"Angelo Rossi Park","area":24982}},{"type":"Feature","geometry":{"type":"Point","coordinates":[-122.42075736666665,37.795829499999996]},"properties":{"id":69060030,"category":"park","name":"Helen Wills Park","area":3150}},{"type":"Feature","geometry":{"type":"Point","coordinates":[-122.44829499038458,37.80332956346154]},"properties":{"id":69422745,"category":"park","name":null,"area":42453}},{"type":"Feature","geometry":{"type":"Point","coordinates":[-122.41745894999998,37.79641035714286]},"properties":{"id":72024278,"category":"park","name":"Broadway Tunnel West Mini Park","area":588}},{"type":"Feature","geometry":{"type":"Point","coordinates":[-122.429248102381,37.807134520238094]},"properties":{"id":82207054,"category":"park","name":"Fort Mason","area":260088}},{"type":"Feature","geometry":{"type":"Point","coordinates":[-122.39350684285715,37.72586941428572]},"properties":{"id":82480067,"category":"park","name":"Bayview Playground","area":14477}},{"type":"Feature","geometry":{"type":"Point","coordinates":[-122.43113946000001,37.71426562363638]},"properties":{"id":82480273,"category":"park","name":"Crocker Amazon Playground","area":170209}},{"type":"Feature","geometry":{"type":"Point","coordinates":[-122.39246637894736,37.71562704210527]},"properties":{"id":82480966,"category":"park","name":"Bayview Park","area":251670}},{"type":"Feature","geometry":{"type":"Point","coordinates":[-122.38699407500002,37.77169955]},"properties":{"id":84812337,"category":"park","name":null,"area":1809}},{"type":"Feature","geometry":{"type":"Point","coordinates":[-122.3918701,37.768167125000005]},"properties":{"id":84821725,"category":"park","name":"Koret Quad","area":12621}},{"type":"Feature","geometry":{"type":"Point","coordinates":[-122.45971744545454,37.74196384545455]},"properties":{"id":85676254,"category":"park","name":"Edgehill Mountain Open Space","area":10838}},{"type":"Feature","geometry":{"type":"Point","coordinates":[-122.43875743333332,37.747870033333335]},"properties":{"id":85684053,"category":"park","name":"Douglass Playground","area":11781}},{"type":"Feature","geometry":{"type":"Point","coordinates":[-122.43945142499999,37.733769037500004]},"properties":{"id":85686582,"category":"park","name":"Dorothy W. Erskine Park","area":7148}},{"type":"Feature","geometry":{"type":"Point","coordinates":[-122.43892135,37.7514069]},"properties":{"id":85687774,"category":"park","name":"Noe Valley Courts","area":3644}},{"type":"Feature","geometry":{"type":"Point","coordinates":[-122.43343471428571,37.7460762]},"properties":{"id":85689113,"category":"park","name":"Duncan-Castro Open Space","area":2764}},{"type":"Feature","geometry":{"type":"Point","coordinates":[-122.48698399999999,37.77347669090909]},"properties":{"id":85796801,"category":"park","name":"Fulton Playground","area":3414}},{"type":"Feature","geometry":{"type":"Point","coordinates":[-122.47815840666667,37.78524348]},"properties":{"id":85796807,"category":"park","name":"Richmond Playground","area":3277}},{"type":"Feature","geometry":{"type":"Point","coordinates":[-122.47792235714284,37.78322052857142]},"properties":{"id":85796808,"category":"park","name":"Richmond Recreation Center","area":3305}},{"type":"Feature","geometry":{"type":"Point","coordinates":[-122.43975157222222,37.743546116666664]},"properties":{"id":85880982,"category":"park","name":"George Christopher Playground","area":25692}},{"type":"Feature","geometry":{"type":"Point","coordinates":[-122.43525498666665,37.743720993333326]},"properties":{"id":85888165,"category":"park","name":"29th & Diamond Open Space","area":3899}},{"type":"Feature","geometry":{"type":"Point","coordinates":[-122.43463486428571,37.74051678571429]},"properties":{"id":85891396,"category":"park","name":"Walter Haas Playground","area":18732}},{"type":"Feature","geometry":{"type":"Point","coordinates":[-122.43306610555558,37.741439644444455]},"properties":{"id":85891397,"category":"park","name":"Billy Goat Hill","area":13364}},{"type":"Feature","geometry":{"type":"Point","coordinates":[-122.43319988,37.74265038]},"properties":{"id":85891398,"category":"park","name":null,"area":2303}},{"type":"Feature","geometry":{"type":"Point","coordinates":[-122.436136875,37.741706712500005]},"properties":{"id":85891868,"category":"park","name":"Topaz Open Space","area":3848}},{"type":"Feature","geometry":{"type":"Point","coordinates":[-122.46309837999999,37.75663478]},"properties":{"id":85929954,"category":"park","name":"White Crane Springs Community Garden","area":4292}},{"type":"Feature","geometry":{"type":"Point","coordinates":[-122.46322811538461,37.757999946153845]},"properties":{"id":85930055,"category":"park","name":null,"area":9718}},{"type":"Feature","geometry":{"type":"Point","coordinates":[-122.42913838333334,37.73845948333334]},"properties":{"id":86023454,"category":"park","name":"Fairmount Open Space","area":2746}},{"type":"Feature","geometry":{"type":"Point","coordinates":[-122.4777096,37.7794183]},"properties":{"id":86124597,"category":"park","name":"Argonne Playground","area":3288}},{"type":"Feature","geometry":{"type":"Point","coordinates":[-122.48686705,37.756595700000005]},"properties":{"id":86124617,"category":"park","name":"Sunset Playground","area":14337}},{"type":"Feature","geometry":{"type":"Point","coordinates":[-122.4650559,37.741847050000004]},"properties":{"id":86124618,"category":"park","name":"West Portal Playground","area":4619}},{"type":"Feature","geometry":{"type":"Point","coordinates":[-122.49780563750001,37.7493015825]},"properties":{"id":86124624,"category":"park","name":"West Sunset Playground","area":66507}},{"type":"Feature","geometry":{"type":"Point","coordinates":[-122.40602731999999,37.76234594]},"properties":{"id":86303730,"category":"park","name":"Fallen Bridge Park","area":917}},{"type":"Feature","geometry":{"type":"Point","coordinates":[-122.38400837222224,37.73804546666667]},"properties":{"id":86303734,"category":"park","name":"Youngblood-Coleman Playground","area":24604}},{"type":"Feature","geometry":{"type":"Point","coordinates":[-122.41288770000001,37.79703222]},"properties":{"id":87376664,"category":"park","name":null,"area":277}},{"type":"Feature","geometry":{"type":"Point","coordinates":[-122.4564439181818,37.802831560606066]},"properties":{"id":91114607,"category":"park","name":"Presidio Tunnel Tops","area":56767}},{"type":"Feature","geometry":{"type":"Point","coordinates":[-122.408912996,37.808345572]},"properties":{"id":91913157,"category":"park","name":null,"area":816}},{"type":"Feature","geometry":{"type":"Point","coordinates":[-122.4204566,37.8011827375]},"properties":{"id":93703754,"category":"park","name":"George Sterling Park","area":11411}},{"type":"Feature","geometry":{"type":"Point","coordinates":[-122.44959767777777,37.78844605555555]},"properties":{"id":99687084,"category":"park","name":"Presidio Heights Playground","area":1661}},{"type":"Feature","geometry":{"type":"Point","coordinates":[-122.4507605292683,37.78399714878048]},"properties":{"id":99687086,"category":"park","name":"Laurel Hill Playground","area":5858}},{"type":"Feature","geometry":{"type":"Point","coordinates":[-122.4786723103448,37.7361314]},"properties":{"id":103637554,"category":"park","name":"Sigmund Stern Recreation Grove","area":140068}},{"type":"Feature","geometry":{"type":"Point","coordinates":[-122.48765626868682,37.73680576868686]},"properties":{"id":103637565,"category":"park","name":"Pine Lake Park","area":125553}},{"type":"Feature","geometry":{"type":"Point","coordinates":[-122.4834082375,37.737833287499996]},"properties":{"id":103637793,"category":"park","name":"Parkside Square","area":33843}},{"type":"Feature","geometry":{"type":"Point","coordinates":[-122.47800057333333,37.71806427166667]},"properties":{"id":103654951,"category":"park","name":"Robert Pender Park","area":12013}},{"type":"Feature","geometry":{"type":"Point","coordinates":[-122.41318304736842,37.708558910526314]},"properties":{"id":106952544,"category":"park","name":"Kelloch-Velasco Park","area":6326}},{"type":"Feature","geometry":{"type":"Point","coordinates":[-122.48029671000002,37.73063293]},"properties":{"id":111573499,"category":"park","name":"Rolph Nicol Jr Playground","area":9396}},{"type":"Feature","geometry":{"type":"Point","coordinates":[-122.4169554,37.8011561]},"properties":{"id":114151111,"category":"park","name":"Michelangelo Playground","area":1643}},{"type":"Feature","geometry":{"type":"Point","coordinates":[-122.41322041250001,37.798230787499996]},"properties":{"id":114151121,"category":"park","name":"Ina Coolbrith Park","area":3294}},{"type":"Feature","geometry":{"type":"Point","coordinates":[-122.43345735000001,37.764931524999994]},"properties":{"id":115433818,"category":"park","name":"Noe & Beaver Mini Park Community Garden","area":230}},{"type":"Feature","geometry":{"type":"Point","coordinates":[-122.39714929999998,37.7562574875]},"properties":{"id":116771007,"category":"park","name":"Potrero Hill Recreation Center","area":41745}},{"type":"Feature","geometry":{"type":"Point","coordinates":[-122.47143409545455,37.77197746818182]},"properties":{"id":120479804,"category":"park","name":"Rose Garden","area":2932}},{"type":"Feature","geometry":{"type":"Point","coordinates":[-122.47044361774196,37.76751858387097]},"properties":{"id":120480164,"category":"park","name":"San Francisco Botanical Garden","area":179415}},{"type":"Feature","geometry":{"type":"Point","coordinates":[-122.46014831951217,37.77197539024391]},"properties":{"id":120480366,"category":"park","name":"Conservatory Valley","area":3387}},{"type":"Feature","geometry":{"type":"Point","coordinates":[-122.50921987241381,37.770285272413794]},"properties":{"id":120483945,"category":"park","name":"Queen Wilhelmina Tulip Garden","area":1106}},{"type":"Feature","geometry":{"type":"Point","coordinates":[-122.46948536111111,37.7499748611111]},"properties":{"id":128241105,"category":"park","name":"Golden Gate Heights Park","area":28233}},{"type":"Feature","geometry":{"type":"Point","coordinates":[-122.42219073999999,37.8266076]},"properties":{"id":128245368,"category":"park","name":null,"area":782}},{"type":"Feature","geometry":{"type":"Point","coordinates":[-122.38809823846152,37.74683675384616]},"properties":{"id":133399685,"category":"park","name":"Islais Landing","area":2145}},{"type":"Feature","geometry":{"type":"Point","coordinates":[-122.425269475,37.773480774999996]},"properties":{"id":137911952,"category":"park","name":"Page & Laguna Mini Park","area":612}},{"type":"Feature","geometry":{"type":"Point","coordinates":[-122.44000056666667,37.75767596666666]},"properties":{"id":138662530,"category":"park","name":"Seward Mini Park","area":2064}},{"type":"Feature","geometry":{"type":"Point","coordinates":[-122.42219674545454,37.75936323636363]},"properties":{"id":147777246,"category":"park","name":"Mission Playground","area":8129}},{"type":"Feature","geometry":{"type":"Point","coordinates":[-122.39788484,37.789076290000004]},"properties":{"id":148288769,"category":"park","name":"Rooftop Park","area":1427}},{"type":"Feature","geometry":{"type":"Point","coordinates":[-122.38959635,37.78495129999999]},"properties":{"id":148547445,"category":"park","name":null,"area":257}},{"type":"Feature","geometry":{"type":"Point","coordinates":[-122.39384736428569,37.734047878571424]},"properties":{"id":151183374,"category":"park","name":"Bridgeview Garden","area":291}},{"type":"Feature","geometry":{"type":"Point","coordinates":[-122.39199361428572,37.733660042857146]},"properties":{"id":151183378,"category":"park","name":"Quesada Gardens","area":1350}},{"type":"Feature","geometry":{"type":"Point","coordinates":[-122.4267794888889,37.77319942222222]},"properties":{"id":153905784,"category":"park","name":"Koshland Park","area":3407}},{"type":"Feature","geometry":{"type":"Point","coordinates":[-122.44043228333334,37.760776750000005]},"properties":{"id":156681276,"category":"park","name":"Community Park","area":409}},{"type":"Feature","geometry":{"type":"Point","coordinates":[-122.4434353473684,37.76084493684211]},"properties":{"id":157018893,"category":"park","name":null,"area":584}},{"type":"Feature","geometry":{"type":"Point","coordinates":[-122.48046049999995,37.768521066346146]},"properties":{"id":158602261,"category":"park","name":"Golden Gate Park","area":4064689}},{"type":"Feature","geometry":{"type":"Point","coordinates":[-122.51154394842104,37.77787782]},"properties":{"id":160025743,"category":"park","name":"Sutro Heights Park","area":116534}},{"type":"Feature","geometry":{"type":"Point","coordinates":[-122.41790905,37.80299445]},"properties":{"id":161843741,"category":"park","name":"Fay Park","area":1015}},{"type":"Feature","geometry":{"type":"Point","coordinates":[-122.4351095259259,37.80609052222221]},"properties":{"id":161843752,"category":"park","name":null,"area":7625}},{"type":"Feature","geometry":{"type":"Point","coordinates":[-122.41035579999999,37.7958547625]},"properties":{"id":162056252,"category":"park","name":"Woh Hei Yuen Recreation Center","area":1073}},{"type":"Feature","geometry":{"type":"Point","coordinates":[-122.4650100625,37.78010665]},"properties":{"id":162518010,"category":"park","name":"Muriel Leff Mini Park","area":832}},{"type":"Feature","geometry":{"type":"Point","coordinates":[-122.49874415,37.772943116666674]},"properties":{"id":162518012,"category":"park","name":"Cabrillo Playground","area":3710}},{"type":"Feature","geometry":{"type":"Point","coordinates":[-122.47028144999999,37.7175067]},"properties":{"id":162651463,"category":"park","name":"Merced Heights Playground","area":4247}},{"type":"Feature","geometry":{"type":"Point","coordinates":[-122.45750524285714,37.71602612857142]},"properties":{"id":162651466,"category":"park","name":"Ocean View Park","area":42117}},{"type":"Feature","geometry":{"type":"Point","coordinates":[-122.4167916125,37.78072146875]},"properties":{"id":165846554,"category":"park","name":"Tenderloin People’s Garden","area":430}},{"type":"Feature","geometry":{"type":"Point","coordinates":[-122.4098406,37.7772579]},"properties":{"id":172250619,"category":"park","name":"Howard & Langton Mini Park Community Garden","area":844}},{"type":"Feature","geometry":{"type":"Point","coordinates":[-122.38940725238092,37.78507918571428]},"properties":{"id":175009858,"category":"park","name":null,"area":595}},{"type":"Feature","geometry":{"type":"Point","coordinates":[-122.38955304,37.78481243333333]},"properties":{"id":175009859,"category":"park","name":null,"area":212}},{"type":"Feature","geometry":{"type":"Point","coordinates":[-122.4220648375,37.7457806625]},"properties":{"id":188964531,"category":"park","name":"San Jose/Guerrero Park","area":560}},{"type":"Feature","geometry":{"type":"Point","coordinates":[-122.43631082000002,37.71406956]},"properties":{"id":188964533,"category":"park","name":"Naples Green","area":69}},{"type":"Feature","geometry":{"type":"Point","coordinates":[-122.43651,37.7137978]},"properties":{"id":188964535,"category":"park","name":"Naples Green","area":496}},{"type":"Feature","geometry":{"type":"Point","coordinates":[-122.46690793666666,37.71738679333334]},"properties":{"id":193055100,"category":"park","name":"Brooks Park","area":16562}},{"type":"Feature","geometry":{"type":"Point","coordinates":[-122.43297156000001,37.73035686000001]},"properties":{"id":195274553,"category":"park","name":"Cayuga & Lamartine mini park","area":499}},{"type":"Feature","geometry":{"type":"Point","coordinates":[-122.400134875,37.767429775]},"properties":{"id":205644314,"category":"park","name":"F.A.R.M.","area":113}},{"type":"Feature","geometry":{"type":"Point","coordinates":[-122.38762023999998,37.784022650000004]},"properties":{"id":207811319,"category":"park","name":"Brannan Street Wharf","area":6565}},{"type":"Feature","geometry":{"type":"Point","coordinates":[-122.375694004,37.745897408000005]},"properties":{"id":215139414,"category":"park","name":"Pier 94 Wetlands","area":41700}},{"type":"Feature","geometry":{"type":"Point","coordinates":[-122.39813871428571,37.70989541428572]},"properties":{"id":217583813,"category":"park","name":"Little Hollywood Park","area":5428}},{"type":"Feature","geometry":{"type":"Point","coordinates":[-122.44070894545456,37.73194439090909]},"properties":{"id":218917064,"category":"park","name":"Sunnyside Conservatory","area":1266}},{"type":"Feature","geometry":{"type":"Point","coordinates":[-122.43995696666667,37.76207183333333]},"properties":{"id":219036273,"category":"park","name":null,"area":293}},{"type":"Feature","geometry":{"type":"Point","coordinates":[-122.4362059642857,37.76237465714286]},"properties":{"id":219036309,"category":"park","name":"Pink Triangle Memorial","area":331}},{"type":"Feature","geometry":{"type":"Point","coordinates":[-122.44085430000001,37.7327466]},"properties":{"id":219166342,"category":"park","name":"Baden-Joost Mini Park","area":376}},{"type":"Feature","geometry":{"type":"Point","coordinates":[-122.41814194000001,37.74625785]},"properties":{"id":222822105,"category":"park","name":"Coso Square","area":620}},{"type":"Feature","geometry":{"type":"Point","coordinates":[-122.3941250409091,37.79190226818182]},"properties":{"id":223360164,"category":"park","name":"123 Mission Plaza","area":1241}},{"type":"Feature","geometry":{"type":"Point","coordinates":[-122.40600452962964,37.80253474074074]},"properties":{"id":224941774,"category":"park","name":"Pioneer Park","area":23614}},{"type":"Feature","geometry":{"type":"Point","coordinates":[-122.43869873114753,37.764817014754094]},"properties":{"id":225182880,"category":"park","name":"Corona Heights Park","area":60024}},{"type":"Feature","geometry":{"type":"Point","coordinates":[-122.43547893939396,37.76229864545454]},"properties":{"id":225526801,"category":"park","name":"Harvey Milk Plaza","area":1087}},{"type":"Feature","geometry":{"type":"Point","coordinates":[-122.44753628235294,37.733628394117645]},"properties":{"id":226290099,"category":"park","name":"Sunnyside Playground","area":8386}},{"type":"Feature","geometry":{"type":"Point","coordinates":[-122.3720440897959,37.732976159183664]},"properties":{"id":233459930,"category":"park","name":"India Basin Open Space","area":21783}},{"type":"Feature","geometry":{"type":"Point","coordinates":[-122.40668151666667,37.781359650000006]},"properties":{"id":243571693,"category":"park","name":"The Parks at 5M","area":1431}},{"type":"Feature","geometry":{"type":"Point","coordinates":[-122.39603084210523,37.770505939473686]},"properties":{"id":251511539,"category":"park","name":null,"area":882}},{"type":"Feature","geometry":{"type":"Point","coordinates":[-122.4410859285714,37.7450504952381]},"properties":{"id":255475804,"category":"park","name":"Community Garden","area":991}},{"type":"Feature","geometry":{"type":"Point","coordinates":[-122.42898115000001,37.75133018333333]},"properties":{"id":256784864,"category":"park","name":"Noe Valley Town Square","area":887}},{"type":"Feature","geometry":{"type":"Point","coordinates":[-122.40651720833331,37.77728248333333]},"properties":{"id":257035814,"category":"park","name":"Community Garden","area":200}},{"type":"Feature","geometry":{"type":"Point","coordinates":[-122.4051199,37.749874166666665]},"properties":{"id":257161335,"category":"park","name":"Potrero Del Sol Community Garden","area":1491}},{"type":"Feature","geometry":{"type":"Point","coordinates":[-122.41705701250001,37.801173425]},"properties":{"id":257163595,"category":"park","name":"Michelangelo Community Garden","area":219}},{"type":"Feature","geometry":{"type":"Point","coordinates":[-122.42636537499999,37.73706785]},"properties":{"id":257177768,"category":"park","name":"Arlington Community Garden","area":465}},{"type":"Feature","geometry":{"type":"Point","coordinates":[-122.41310195999999,37.742098240000004]},"properties":{"id":257177970,"category":"park","name":"Bernal Heights Community Garden","area":1851}},{"type":"Feature","geometry":{"type":"Point","coordinates":[-122.41204100000002,37.735805]},"properties":{"id":257178822,"category":"park","name":"Ogden Terrace Community Garden","area":508}},{"type":"Feature","geometry":{"type":"Point","coordinates":[-122.41827513888887,37.75885271111111]},"properties":{"id":257180752,"category":"park","name":"Alioto Community Garden","area":147}},{"type":"Feature","geometry":{"type":"Point","coordinates":[-122.38361379090908,37.73131599090909]},"properties":{"id":257181229,"category":"park","name":"Adam Rodgers Park Community Garden","area":1528}},{"type":"Feature","geometry":{"type":"Point","coordinates":[-122.4057681777778,37.71395423333333]},"properties":{"id":257182717,"category":"park","name":"Visitacion Valley Greenway Community Garden","area":1307}},{"type":"Feature","geometry":{"type":"Point","coordinates":[-122.46603404999999,37.717183125000005]},"properties":{"id":257182718,"category":"park","name":"Brooks Park Community Garden","area":2116}},{"type":"Feature","geometry":{"type":"Point","coordinates":[-122.45736536875,37.76612264375]},"properties":{"id":257183576,"category":"park","name":"Golden Gate Park Community Gardens","area":2537}},{"type":"Feature","geometry":{"type":"Point","coordinates":[-122.40719725,37.74506805]},"properties":{"id":257183688,"category":"park","name":"Brewster-Rutledge (Miller Memorial) Community Garden","area":1190}},{"type":"Feature","geometry":{"type":"Point","coordinates":[-122.40666167499998,37.7452798375]},"properties":{"id":257183758,"category":"park","name":"Wolfe Lane Community Garden","area":477}},{"type":"Feature","geometry":{"type":"Point","coordinates":[-122.38606505000001,37.76627045]},"properties":{"id":257344295,"category":"park","name":"Agua Vista Park","area":2383}},{"type":"Feature","geometry":{"type":"Point","coordinates":[-122.41949344,37.74436908]},"properties":{"id":259774228,"category":"park","name":"Coleridge Mini Park","area":180}},{"type":"Feature","geometry":{"type":"Point","coordinates":[-122.42035355,37.743208249999995]},"properties":{"id":259775230,"category":"park","name":"Coleridge Park","area":619}},{"type":"Feature","geometry":{"type":"Point","coordinates":[-122.47396083333332,37.77401477777778]},"properties":{"id":259849026,"category":"park","name":"Argonne Community Garden","area":1317}},{"type":"Feature","geometry":{"type":"Point","coordinates":[-122.42792545,37.761669774999994]},"properties":{"id":260316045,"category":"park","name":null,"area":915}},{"type":"Feature","geometry":{"type":"Point","coordinates":[-122.42679313750001,37.761705725]},"properties":{"id":260316046,"category":"park","name":null,"area":644}},{"type":"Feature","geometry":{"type":"Point","coordinates":[-122.4038469,37.794253940000004]},"properties":{"id":260924230,"category":"park","name":"Empire Park","area":155}},{"type":"Feature","geometry":{"type":"Point","coordinates":[-122.45543071578945,37.75167852105263]},"properties":{"id":261129576,"category":"park","name":"Midtown Terrace Park and Sutro Recreation Center","area":5952}},{"type":"Feature","geometry":{"type":"Point","coordinates":[-122.40229678181818,37.79523459545454]},"properties":{"id":261988292,"category":"park","name":"Transamerica Redwood Park","area":2913}},{"type":"Feature","geometry":{"type":"Point","coordinates":[-122.39070468333334,37.75763381666667]},"properties":{"id":266694696,"category":"park","name":"Woods Yard Park","area":997}},{"type":"Feature","geometry":{"type":"Point","coordinates":[-122.45807515999999,37.769814735]},"properties":{"id":272711313,"category":"park","name":"Hippie Hill","area":4535}},{"type":"Feature","geometry":{"type":"Point","coordinates":[-122.47156280000002,37.74881435]},"properties":{"id":278139342,"category":"park","name":"Green Hairstreak Corridor - Quintara Steps","area":125}},{"type":"Feature","geometry":{"type":"Point","coordinates":[-122.4707858235294,37.75226239411765]},"properties":{"id":278139776,"category":"park","name":"Green Hairstreak Corridor - 14th Avenue & Pacheco","area":227}},{"type":"Feature","geometry":{"type":"Point","coordinates":[-122.46875025000001,37.75199122]},"properties":{"id":278139938,"category":"park","name":"Green Hairstreak Corridor - 12th and Pacheco","area":306}},{"type":"Feature","geometry":{"type":"Point","coordinates":[-122.4705779,37.752457119999995]},"properties":{"id":278140586,"category":"park","name":"Green Hairstreak Corridor - Aerial Steps (access point)","area":27}},{"type":"Feature","geometry":{"type":"Point","coordinates":[-122.47269739999999,37.7580351]},"properties":{"id":278140657,"category":"park","name":"Green Hairstreak Corridor - Aloha & Lomita","area":79}},{"type":"Feature","geometry":{"type":"Point","coordinates":[-122.47130059999999,37.75423343333333]},"properties":{"id":278140838,"category":"park","name":"Green Hairstreak Corridor - Mount Steps (access point)","area":190}},{"type":"Feature","geometry":{"type":"Point","coordinates":[-122.41762372380951,37.77995128095239]},"properties":{"id":284764947,"category":"park","name":"Civic Center Plaza","area":20591}},{"type":"Feature","geometry":{"type":"Point","coordinates":[-122.47098556060607,37.75403956060607]},"properties":{"id":303422138,"category":"park","name":"Rocky Outcrop","area":6979}},{"type":"Feature","geometry":{"type":"Point","coordinates":[-122.4000246652174,37.75363426521739]},"properties":{"id":306787829,"category":"park","name":"Starr King Open Space","area":10874}},{"type":"Feature","geometry":{"type":"Point","coordinates":[-122.42283007692309,37.77157507692307]},"properties":{"id":310027918,"category":"park","name":"McCoppin Hub","area":501}},{"type":"Feature","geometry":{"type":"Point","coordinates":[-122.3952489,37.7367323875]},"properties":{"id":330694199,"category":"park","name":"Palou Community Garden","area":1230}},{"type":"Feature","geometry":{"type":"Point","coordinates":[-122.392612325,37.730942074999994]},"properties":{"id":330694868,"category":"park","name":"Latona Community Garden","area":211}},{"type":"Feature","geometry":{"type":"Point","coordinates":[-122.39504946470588,37.73563425294118]},"properties":{"id":330695712,"category":"park","name":"Palou Phelps Mini Park","area":13254}},{"type":"Feature","geometry":{"type":"Point","coordinates":[-122.395911625,37.7306721]},"properties":{"id":330697238,"category":"park","name":"Florence Fang Asian Community Garden","area":3307}},{"type":"Feature","geometry":{"type":"Point","coordinates":[-122.47539838,37.72359748]},"properties":{"id":338697483,"category":"park","name":null,"area":48}},{"type":"Feature","geometry":{"type":"Point","coordinates":[-122.48291624999997,37.72069821666666]},"properties":{"id":338697484,"category":"park","name":null,"area":6}},{"type":"Feature","geometry":{"type":"Point","coordinates":[-122.48245063333333,37.72145411666667]},"properties":{"id":338697485,"category":"park","name":null,"area":11}},{"type":"Feature","geometry":{"type":"Point","coordinates":[-122.4794998,37.720384550000006]},"properties":{"id":338697486,"category":"park","name":null,"area":8}},{"type":"Feature","geometry":{"type":"Point","coordinates":[-122.47915374285715,37.72397464285715]},"properties":{"id":338697487,"category":"park","name":null,"area":11}},{"type":"Feature","geometry":{"type":"Point","coordinates":[-122.48059247777776,37.72734687777777]},"properties":{"id":338697488,"category":"park","name":null,"area":7}},{"type":"Feature","geometry":{"type":"Point","coordinates":[-122.47808156666667,37.72033003333333]},"properties":{"id":338697489,"category":"park","name":null,"area":9}},{"type":"Feature","geometry":{"type":"Point","coordinates":[-122.48165436666666,37.720960266666665]},"properties":{"id":338697490,"category":"park","name":null,"area":8}},{"type":"Feature","geometry":{"type":"Point","coordinates":[-122.47963265714286,37.72733727142857]},"properties":{"id":338697491,"category":"park","name":null,"area":8}},{"type":"Feature","geometry":{"type":"Point","coordinates":[-122.48417318333333,37.724294449999995]},"properties":{"id":338697494,"category":"park","name":null,"area":13}},{"type":"Feature","geometry":{"type":"Point","coordinates":[-122.48014034285714,37.72270415714286]},"properties":{"id":338697495,"category":"park","name":null,"area":13}},{"type":"Feature","geometry":{"type":"Point","coordinates":[-122.47831724999998,37.72390938333333]},"properties":{"id":338697496,"category":"park","name":null,"area":10}},{"type":"Feature","geometry":{"type":"Point","coordinates":[-122.48315948823532,37.724059747058824]},"properties":{"id":338697497,"category":"park","name":null,"area":90}},{"type":"Feature","geometry":{"type":"Point","coordinates":[-122.47951283333335,37.720678944444444]},"properties":{"id":338697499,"category":"park","name":null,"area":2}},{"type":"Feature","geometry":{"type":"Point","coordinates":[-122.48026235,37.720817312499996]},"properties":{"id":338697500,"category":"park","name":null,"area":8}},{"type":"Feature","geometry":{"type":"Point","coordinates":[-122.47955455555558,37.724226222222214]},"properties":{"id":338697501,"category":"park","name":null,"area":65}},{"type":"Feature","geometry":{"type":"Point","coordinates":[-122.48207088,37.72052726]},"properties":{"id":338697502,"category":"park","name":null,"area":17}},{"type":"Feature","geometry":{"type":"Point","coordinates":[-122.47726499999999,37.72060018571428]},"properties":{"id":338697503,"category":"park","name":null,"area":7}},{"type":"Feature","geometry":{"type":"Point","coordinates":[-122.475611375,37.72529575]},"properties":{"id":338697504,"category":"park","name":null,"area":33}},{"type":"Feature","geometry":{"type":"Point","coordinates":[-122.48459794,37.72147178]},"properties":{"id":338697505,"category":"park","name":null,"area":20}},{"type":"Feature","geometry":{"type":"Point","coordinates":[-122.48338528888888,37.726655111111114]},"properties":{"id":338697506,"category":"park","name":null,"area":4}},{"type":"Feature","geometry":{"type":"Point","coordinates":[-122.4803814375,37.72036423749999]},"properties":{"id":338697507,"category":"park","name":null,"area":6}},{"type":"Feature","geometry":{"type":"Point","coordinates":[-122.47931082,37.72778228]},"properties":{"id":338697509,"category":"park","name":null,"area":1}},{"type":"Feature","geometry":{"type":"Point","coordinates":[-122.47556562727273,37.72481475454545]},"properties":{"id":338697510,"category":"park","name":null,"area":33}},{"type":"Feature","geometry":{"type":"Point","coordinates":[-122.48141718,37.72575458]},"properties":{"id":338697511,"category":"park","name":null,"area":16}},{"type":"Feature","geometry":{"type":"Point","coordinates":[-122.48164299999998,37.725844062499995]},"properties":{"id":338697515,"category":"park","name":null,"area":7}},{"type":"Feature","geometry":{"type":"Point","coordinates":[-122.47876242500001,37.72077143749999]},"properties":{"id":338697516,"category":"park","name":null,"area":5}},{"type":"Feature","geometry":{"type":"Point","coordinates":[-122.47881345,37.72040676]},"properties":{"id":338697517,"category":"park","name":null,"area":9}},{"type":"Feature","geometry":{"type":"Point","coordinates":[-122.48140806666667,37.72053025]},"properties":{"id":338697518,"category":"park","name":null,"area":15}},{"type":"Feature","geometry":{"type":"Point","coordinates":[-122.48415406666668,37.72157165]},"properties":{"id":338697520,"category":"park","name":null,"area":22}},{"type":"Feature","geometry":{"type":"Point","coordinates":[-122.4834408,37.72433704]},"properties":{"id":338697521,"category":"park","name":null,"area":19}},{"type":"Feature","geometry":{"type":"Point","coordinates":[-122.4822731,37.72096748]},"properties":{"id":338697523,"category":"park","name":null,"area":17}},{"type":"Feature","geometry":{"type":"Point","coordinates":[-122.4790632,37.72387533999999]},"properties":{"id":338697525,"category":"park","name":null,"area":17}},{"type":"Feature","geometry":{"type":"Point","coordinates":[-122.48032812222222,37.72198848888889]},"properties":{"id":338697526,"category":"park","name":null,"area":9}},{"type":"Feature","geometry":{"type":"Point","coordinates":[-122.48351774285713,37.721329742857144]},"properties":{"id":338697529,"category":"park","name":null,"area":16}},{"type":"Feature","geometry":{"type":"Point","coordinates":[-122.482509175,37.721412175]},"properties":{"id":338697530,"category":"park","name":null,"area":5}},{"type":"Feature","geometry":{"type":"Point","coordinates":[-122.48240291111112,37.72093590000001]},"properties":{"id":338697531,"category":"park","name":null,"area":11}},{"type":"Feature","geometry":{"type":"Point","coordinates":[-122.48352661666667,37.726697083333335]},"properties":{"id":338697532,"category":"park","name":null,"area":20}},{"type":"Feature","geometry":{"type":"Point","coordinates":[-122.4834613,37.72367285714285]},"properties":{"id":338697533,"category":"park","name":null,"area":13}},{"type":"Feature","geometry":{"type":"Point","coordinates":[-122.48019320000002,37.720815216666665]},"properties":{"id":338697535,"category":"park","name":null,"area":7}},{"type":"Feature","geometry":{"type":"Point","coordinates":[-122.4822249,37.72777028]},"properties":{"id":338697536,"category":"park","name":null,"area":124}},{"type":"Feature","geometry":{"type":"Point","coordinates":[-122.4838055625,37.721329425]},"properties":{"id":338697537,"category":"park","name":null,"area":23}},{"type":"Feature","geometry":{"type":"Point","coordinates":[-122.47864526250001,37.7203512625]},"properties":{"id":338697538,"category":"park","name":null,"area":8}},{"type":"Feature","geometry":{"type":"Point","coordinates":[-122.479786975,37.728898550000004]},"properties":{"id":338697540,"category":"park","name":null,"area":9}},{"type":"Feature","geometry":{"type":"Point","coordinates":[-122.48245996666668,37.72106044444444]},"properties":{"id":338697543,"category":"park","name":null,"area":10}},{"type":"Feature","geometry":{"type":"Point","coordinates":[-122.47933163999998,37.72774776000001]},"properties":{"id":338697544,"category":"park","name":null,"area":5}},{"type":"Feature","geometry":{"type":"Point","coordinates":[-122.47973821666666,37.720797049999994]},"properties":{"id":338697545,"category":"park","name":null,"area":9}},{"type":"Feature","geometry":{"type":"Point","coordinates":[-122.48252620000001,37.72053112500001]},"properties":{"id":338697547,"category":"park","name":null,"area":19}},{"type":"Feature","geometry":{"type":"Point","coordinates":[-122.48299945000001,37.72444725]},"properties":{"id":338697548,"category":"park","name":null,"area":65}},{"type":"Feature","geometry":{"type":"Point","coordinates":[-122.47953453333332,37.72388371666667]},"properties":{"id":338697549,"category":"park","name":null,"area":31}},{"type":"Feature","geometry":{"type":"Point","coordinates":[-122.48422538571428,37.72156634285715]},"properties":{"id":338697550,"category":"park","name":null,"area":71}},{"type":"Feature","geometry":{"type":"Point","coordinates":[-122.4806913857143,37.72068525714286]},"properties":{"id":338697551,"category":"park","name":null,"area":14}},{"type":"Feature","geometry":{"type":"Point","coordinates":[-122.48016136000001,37.72044548]},"properties":{"id":338697552,"category":"park","name":null,"area":21}},{"type":"Feature","geometry":{"type":"Point","coordinates":[-122.47783475,37.7257118]},"properties":{"id":338697553,"category":"park","name":null,"area":0}},{"type":"Feature","geometry":{"type":"Point","coordinates":[-122.47992083333334,37.72612983333333]},"properties":{"id":338697554,"category":"park","name":null,"area":6}},{"type":"Feature","geometry":{"type":"Point","coordinates":[-122.47696821428572,37.72167214285714]},"properties":{"id":338697555,"category":"park","name":null,"area":15}},{"type":"Feature","geometry":{"type":"Point","coordinates":[-122.4791151,37.7275024]},"properties":{"id":338697559,"category":"park","name":null,"area":20}},{"type":"Feature","geometry":{"type":"Point","coordinates":[-122.47928715,37.7290585]},"properties":{"id":338697561,"category":"park","name":null,"area":10}},{"type":"Feature","geometry":{"type":"Point","coordinates":[-122.48490564,37.721406259999995]},"properties":{"id":338697562,"category":"park","name":null,"area":13}},{"type":"Feature","geometry":{"type":"Point","coordinates":[-122.48291513750002,37.720737325]},"properties":{"id":338697564,"category":"park","name":null,"area":4}},{"type":"Feature","geometry":{"type":"Point","coordinates":[-122.4789306875,37.7203980875]},"properties":{"id":338697565,"category":"park","name":null,"area":12}},{"type":"Feature","geometry":{"type":"Point","coordinates":[-122.475484875,37.725391675]},"properties":{"id":338697566,"category":"park","name":null,"area":11}},{"type":"Feature","geometry":{"type":"Point","coordinates":[-122.47870654444445,37.72067687777778]},"properties":{"id":338697567,"category":"park","name":null,"area":4}},{"type":"Feature","geometry":{"type":"Point","coordinates":[-122.47683212,37.72550008]},"properties":{"id":338697568,"category":"park","name":null,"area":9}},{"type":"Feature","geometry":{"type":"Point","coordinates":[-122.47920746,37.7292076]},"properties":{"id":338697569,"category":"park","name":null,"area":20}},{"type":"Feature","geometry":{"type":"Point","coordinates":[-122.47880124285714,37.720367557142865]},"properties":{"id":338697570,"category":"park","name":null,"area":7}},{"type":"Feature","geometry":{"type":"Point","coordinates":[-122.47975346000001,37.7203548]},"properties":{"id":338697571,"category":"park","name":null,"area":20}},{"type":"Feature","geometry":{"type":"Point","coordinates":[-122.4787437888889,37.72141067777778]},"properties":{"id":338697572,"category":"park","name":null,"area":25}},{"type":"Feature","geometry":{"type":"Point","coordinates":[-122.48231165,37.7242473]},"properties":{"id":338697573,"category":"park","name":null,"area":51}},{"type":"Feature","geometry":{"type":"Point","coordinates":[-122.47891994285715,37.720534657142856]},"properties":{"id":338697575,"category":"park","name":null,"area":5}},{"type":"Feature","geometry":{"type":"Point","coordinates":[-122.48364266666665,37.72143953333333]},"properties":{"id":338697576,"category":"park","name":null,"area":17}},{"type":"Feature","geometry":{"type":"Point","coordinates":[-122.47926176000001,37.72824162]},"properties":{"id":338697578,"category":"park","name":null,"area":23}},{"type":"Feature","geometry":{"type":"Point","coordinates":[-122.47988045714285,37.7269822]},"properties":{"id":338697580,"category":"park","name":null,"area":3}},{"type":"Feature","geometry":{"type":"Point","coordinates":[-122.47891486,37.725793620000005]},"properties":{"id":338697581,"category":"park","name":null,"area":4}},{"type":"Feature","geometry":{"type":"Point","coordinates":[-122.47584537272728,37.72040577272727]},"properties":{"id":338697582,"category":"park","name":null,"area":58}},{"type":"Feature","geometry":{"type":"Point","coordinates":[-122.48063027142858,37.72079297142857]},"properties":{"id":338697583,"category":"park","name":null,"area":9}},{"type":"Feature","geometry":{"type":"Point","coordinates":[-122.47812848333332,37.723902583333334]},"properties":{"id":338697584,"category":"park","name":null,"area":10}},{"type":"Feature","geometry":{"type":"Point","coordinates":[-122.48221653333333,37.72145504444444]},"properties":{"id":338697585,"category":"park","name":null,"area":8}},{"type":"Feature","geometry":{"type":"Point","coordinates":[-122.47955920000003,37.723812714285714]},"properties":{"id":338697586,"category":"park","name":null,"area":35}},{"type":"Feature","geometry":{"type":"Point","coordinates":[-122.476200075,37.72119565]},"properties":{"id":338697587,"category":"park","name":null,"area":24}},{"type":"Feature","geometry":{"type":"Point","coordinates":[-122.47748203333333,37.72030923333333]},"properties":{"id":338697588,"category":"park","name":null,"area":5}},{"type":"Feature","geometry":{"type":"Point","coordinates":[-122.48265521666667,37.7210042]},"properties":{"id":338697589,"category":"park","name":null,"area":9}},{"type":"Feature","geometry":{"type":"Point","coordinates":[-122.48143790000002,37.7224529]},"properties":{"id":338697590,"category":"park","name":null,"area":3}},{"type":"Feature","geometry":{"type":"Point","coordinates":[-122.4795972090909,37.72052856363637]},"properties":{"id":338697591,"category":"park","name":null,"area":7}},{"type":"Feature","geometry":{"type":"Point","coordinates":[-122.47786361428571,37.72575192857143]},"properties":{"id":338697592,"category":"park","name":null,"area":14}},{"type":"Feature","geometry":{"type":"Point","coordinates":[-122.4781201,37.72022915]},"properties":{"id":338697593,"category":"park","name":null,"area":9}},{"type":"Feature","geometry":{"type":"Point","coordinates":[-122.47867048571428,37.7256743]},"properties":{"id":338697594,"category":"park","name":null,"area":24}},{"type":"Feature","geometry":{"type":"Point","coordinates":[-122.48291318749999,37.72077986249999]},"properties":{"id":338697595,"category":"park","name":null,"area":5}},{"type":"Feature","geometry":{"type":"Point","coordinates":[-122.47821275,37.724132575]},"properties":{"id":338697596,"category":"park","name":null,"area":9}},{"type":"Feature","geometry":{"type":"Point","coordinates":[-122.47932542222225,37.7204262]},"properties":{"id":338697598,"category":"park","name":null,"area":18}},{"type":"Feature","geometry":{"type":"Point","coordinates":[-122.47819021111111,37.72044228888888]},"properties":{"id":338697600,"category":"park","name":null,"area":5}},{"type":"Feature","geometry":{"type":"Point","coordinates":[-122.48232424999999,37.72088681666667]},"properties":{"id":338697602,"category":"park","name":null,"area":17}},{"type":"Feature","geometry":{"type":"Point","coordinates":[-122.48367508888889,37.72132895555555]},"properties":{"id":338697603,"category":"park","name":null,"area":28}},{"type":"Feature","geometry":{"type":"Point","coordinates":[-122.47876015,37.728879925]},"properties":{"id":338697604,"category":"park","name":null,"area":6}},{"type":"Feature","geometry":{"type":"Point","coordinates":[-122.47908538749999,37.722123425]},"properties":{"id":338697605,"category":"park","name":null,"area":10}},{"type":"Feature","geometry":{"type":"Point","coordinates":[-122.48110967500001,37.72248247500001]},"properties":{"id":338697606,"category":"park","name":null,"area":8}},{"type":"Feature","geometry":{"type":"Point","coordinates":[-122.48003622499999,37.7200488875]},"properties":{"id":338697607,"category":"park","name":null,"area":9}},{"type":"Feature","geometry":{"type":"Point","coordinates":[-122.48032782,37.72759704]},"properties":{"id":338697608,"category":"park","name":null,"area":7}},{"type":"Feature","geometry":{"type":"Point","coordinates":[-122.47593804,37.724823279999995]},"properties":{"id":338697609,"category":"park","name":null,"area":5}},{"type":"Feature","geometry":{"type":"Point","coordinates":[-122.48463279090907,37.72408470909091]},"properties":{"id":338697611,"category":"park","name":null,"area":7}},{"type":"Feature","geometry":{"type":"Point","coordinates":[-122.48449967000002,37.7214736]},"properties":{"id":338697613,"category":"park","name":null,"area":17}},{"type":"Feature","geometry":{"type":"Point","coordinates":[-122.482911325,37.72082235]},"properties":{"id":338697615,"category":"park","name":null,"area":4}},{"type":"Feature","geometry":{"type":"Point","coordinates":[-122.4765001,37.72505054]},"properties":{"id":338697617,"category":"park","name":null,"area":3}},{"type":"Feature","geometry":{"type":"Point","coordinates":[-122.47902452999999,37.7216748]},"properties":{"id":338697618,"category":"park","name":null,"area":51}},{"type":"Feature","geometry":{"type":"Point","coordinates":[-122.47699904285716,37.72169828571428]},"properties":{"id":338697620,"category":"park","name":null,"area":6}},{"type":"Feature","geometry":{"type":"Point","coordinates":[-122.4814059875,37.720737]},"properties":{"id":338697622,"category":"park","name":null,"area":18}},{"type":"Feature","geometry":{"type":"Point","coordinates":[-122.47946015555557,37.722454866666666]},"properties":{"id":338697623,"category":"park","name":null,"area":91}},{"type":"Feature","geometry":{"type":"Point","coordinates":[-122.4847307,37.7213590125]},"properties":{"id":338697624,"category":"park","name":null,"area":4}},{"type":"Feature","geometry":{"type":"Point","coordinates":[-122.47910144444444,37.72817555555556]},"properties":{"id":338697625,"category":"park","name":null,"area":8}},{"type":"Feature","geometry":{"type":"Point","coordinates":[-122.47935315555554,37.72067684444445]},"properties":{"id":338697626,"category":"park","name":null,"area":12}},{"type":"Feature","geometry":{"type":"Point","coordinates":[-122.47590287142859,37.7251632]},"properties":{"id":338697627,"category":"park","name":null,"area":21}},{"type":"Feature","geometry":{"type":"Point","coordinates":[-122.47562115714287,37.7251462]},"properties":{"id":338697628,"category":"park","name":null,"area":21}},{"type":"Feature","geometry":{"type":"Point","coordinates":[-122.48337478571429,37.72392777142857]},"properties":{"id":338697629,"category":"park","name":null,"area":34}},{"type":"Feature","geometry":{"type":"Point","coordinates":[-122.4798848,37.72080281428571]},"properties":{"id":338697630,"category":"park","name":null,"area":10}},{"type":"Feature","geometry":{"type":"Point","coordinates":[-122.4825032125,37.721187125]},"properties":{"id":338697631,"category":"park","name":null,"area":25}},{"type":"Feature","geometry":{"type":"Point","coordinates":[-122.47663568333331,37.722462449999995]},"properties":{"id":338697632,"category":"park","name":null,"area":15}},{"type":"Feature","geometry":{"type":"Point","coordinates":[-122.4792441625,37.720400575000006]},"properties":{"id":338697633,"category":"park","name":null,"area":4}},{"type":"Feature","geometry":{"type":"Point","coordinates":[-122.4791731,37.72639268571429]},"properties":{"id":338697634,"category":"park","name":null,"area":28}},{"type":"Feature","geometry":{"type":"Point","coordinates":[-122.47674835714285,37.72544292857143]},"properties":{"id":338697636,"category":"park","name":null,"area":11}},{"type":"Feature","geometry":{"type":"Point","coordinates":[-122.47963856666667,37.72066186666667]},"properties":{"id":338697637,"category":"park","name":null,"area":7}},{"type":"Feature","geometry":{"type":"Point","coordinates":[-122.4786106333333,37.72067083333333]},"properties":{"id":338697638,"category":"park","name":null,"area":9}},{"type":"Feature","geometry":{"type":"Point","coordinates":[-122.48199496666666,37.72352464444444]},"properties":{"id":338697639,"category":"park","name":null,"area":60}},{"type":"Feature","geometry":{"type":"Point","coordinates":[-122.48169469,37.720853139999996]},"properties":{"id":338697640,"category":"park","name":null,"area":11}},{"type":"Feature","geometry":{"type":"Point","coordinates":[-122.48056064,37.72290743999999]},"properties":{"id":338697641,"category":"park","name":null,"area":2}},{"type":"Feature","geometry":{"type":"Point","coordinates":[-122.47961860000001,37.71992686000001]},"properties":{"id":338697642,"category":"park","name":null,"area":6}},{"type":"Feature","geometry":{"type":"Point","coordinates":[-122.4774945875,37.720460599999996]},"properties":{"id":338697644,"category":"park","name":null,"area":22}},{"type":"Feature","geometry":{"type":"Point","coordinates":[-122.48044545555555,37.72055903333333]},"properties":{"id":338697645,"category":"park","name":null,"area":11}},{"type":"Feature","geometry":{"type":"Point","coordinates":[-122.47936863333332,37.72684189999999]},"properties":{"id":338697646,"category":"park","name":null,"area":22}},{"type":"Feature","geometry":{"type":"Point","coordinates":[-122.4804711111111,37.72359348888889]},"properties":{"id":338697648,"category":"park","name":null,"area":21}},{"type":"Feature","geometry":{"type":"Point","coordinates":[-122.48033453999999,37.72030984]},"properties":{"id":338697649,"category":"park","name":null,"area":4}},{"type":"Feature","geometry":{"type":"Point","coordinates":[-122.47891898750001,37.720623274999994]},"properties":{"id":338697650,"category":"park","name":null,"area":12}},{"type":"Feature","geometry":{"type":"Point","coordinates":[-122.4794404,37.72875372]},"properties":{"id":338697652,"category":"park","name":null,"area":4}},{"type":"Feature","geometry":{"type":"Point","coordinates":[-122.47539822857142,37.7254924]},"properties":{"id":338697653,"category":"park","name":null,"area":9}},{"type":"Feature","geometry":{"type":"Point","coordinates":[-122.482030375,37.7260043125]},"properties":{"id":338697654,"category":"park","name":null,"area":13}},{"type":"Feature","geometry":{"type":"Point","coordinates":[-122.48062158,37.726967720000005]},"properties":{"id":338697655,"category":"park","name":null,"area":16}},{"type":"Feature","geometry":{"type":"Point","coordinates":[-122.47943331666666,37.72023543333333]},"properties":{"id":338697657,"category":"park","name":null,"area":5}},{"type":"Feature","geometry":{"type":"Point","coordinates":[-122.48307009999999,37.723155885714284]},"properties":{"id":338697659,"category":"park","name":null,"area":47}},{"type":"Feature","geometry":{"type":"Point","coordinates":[-122.47765281428572,37.72058495714286]},"properties":{"id":338697660,"category":"park","name":null,"area":8}},{"type":"Feature","geometry":{"type":"Point","coordinates":[-122.4768083,37.7243132]},"properties":{"id":338697662,"category":"park","name":null,"area":31}},{"type":"Feature","geometry":{"type":"Point","coordinates":[-122.47936913750002,37.720681725]},"properties":{"id":338697663,"category":"park","name":null,"area":2}},{"type":"Feature","geometry":{"type":"Point","coordinates":[-122.47831041666667,37.72414268333333]},"properties":{"id":338697664,"category":"park","name":null,"area":71}},{"type":"Feature","geometry":{"type":"Point","coordinates":[-122.47733391666668,37.72137545]},"properties":{"id":338697665,"category":"park","name":null,"area":7}},{"type":"Feature","geometry":{"type":"Point","coordinates":[-122.48388705999999,37.72406581]},"properties":{"id":338697666,"category":"park","name":null,"area":5}},{"type":"Feature","geometry":{"type":"Point","coordinates":[-122.48051164285714,37.72058801428572]},"properties":{"id":338697669,"category":"park","name":null,"area":11}},{"type":"Feature","geometry":{"type":"Point","coordinates":[-122.47936834999999,37.721015975]},"properties":{"id":338697670,"category":"park","name":null,"area":45}},{"type":"Feature","geometry":{"type":"Point","coordinates":[-122.48305926666666,37.72333271111111]},"properties":{"id":338697673,"category":"park","name":null,"area":23}},{"type":"Feature","geometry":{"type":"Point","coordinates":[-122.479490275,37.720789275]},"properties":{"id":338697676,"category":"park","name":null,"area":9}},{"type":"Feature","geometry":{"type":"Point","coordinates":[-122.47726489999998,37.72135071666667]},"properties":{"id":338697679,"category":"park","name":null,"area":12}},{"type":"Feature","geometry":{"type":"Point","coordinates":[-122.4810413,37.721972975]},"properties":{"id":338697684,"category":"park","name":null,"area":149}},{"type":"Feature","geometry":{"type":"Point","coordinates":[-122.47939286,37.72387774]},"properties":{"id":338697688,"category":"park","name":null,"area":11}},{"type":"Feature","geometry":{"type":"Point","coordinates":[-122.48176124,37.7206045]},"properties":{"id":338697691,"category":"park","name":null,"area":9}},{"type":"Feature","geometry":{"type":"Point","coordinates":[-122.48175172,37.72090286]},"properties":{"id":338697695,"category":"park","name":null,"area":10}},{"type":"Feature","geometry":{"type":"Point","coordinates":[-122.47540441249998,37.7235309625]},"properties":{"id":338697699,"category":"park","name":null,"area":48}},{"type":"Feature","geometry":{"type":"Point","coordinates":[-122.47985638749999,37.726945925]},"properties":{"id":338697703,"category":"park","name":null,"area":4}},{"type":"Feature","geometry":{"type":"Point","coordinates":[-122.48191305999998,37.724041070000006]},"properties":{"id":338697706,"category":"park","name":null,"area":9}},{"type":"Feature","geometry":{"type":"Point","coordinates":[-122.47874816000001,37.724159900000004]},"properties":{"id":338697711,"category":"park","name":null,"area":106}},{"type":"Feature","geometry":{"type":"Point","coordinates":[-122.48019328571426,37.720402542857144]},"properties":{"id":338697717,"category":"park","name":null,"area":13}},{"type":"Feature","geometry":{"type":"Point","coordinates":[-122.4805420909091,37.72126792727273]},"properties":{"id":338697721,"category":"park","name":null,"area":32}},{"type":"Feature","geometry":{"type":"Point","coordinates":[-122.48249784545455,37.72128116363637]},"properties":{"id":338697723,"category":"park","name":null,"area":9}},{"type":"Feature","geometry":{"type":"Point","coordinates":[-122.48206125384617,37.72130416153846]},"properties":{"id":338697724,"category":"park","name":null,"area":21}},{"type":"Feature","geometry":{"type":"Point","coordinates":[-122.48027616666667,37.72042668333333]},"properties":{"id":338697726,"category":"park","name":null,"area":3}},{"type":"Feature","geometry":{"type":"Point","coordinates":[-122.48164806,37.72081203]},"properties":{"id":338697727,"category":"park","name":null,"area":10}},{"type":"Feature","geometry":{"type":"Point","coordinates":[-122.48026096000001,37.72072349]},"properties":{"id":338697729,"category":"park","name":null,"area":8}},{"type":"Feature","geometry":{"type":"Point","coordinates":[-122.48024758,37.72668438]},"properties":{"id":338697730,"category":"park","name":null,"area":16}},{"type":"Feature","geometry":{"type":"Point","coordinates":[-122.47569201818183,37.721327099999996]},"properties":{"id":338697732,"category":"park","name":null,"area":15}},{"type":"Feature","geometry":{"type":"Point","coordinates":[-122.48126632857144,37.725681599999994]},"properties":{"id":338697733,"category":"park","name":null,"area":6}},{"type":"Feature","geometry":{"type":"Point","coordinates":[-122.48018551999999,37.72072371]},"properties":{"id":338697734,"category":"park","name":null,"area":6}},{"type":"Feature","geometry":{"type":"Point","coordinates":[-122.48316718000001,37.72423275999999]},"properties":{"id":338697735,"category":"park","name":null,"area":15}},{"type":"Feature","geometry":{"type":"Point","coordinates":[-122.4781555909091,37.720325890909095]},"properties":{"id":338697737,"category":"park","name":null,"area":13}},{"type":"Feature","geometry":{"type":"Point","coordinates":[-122.4799750875,37.7199979875]},"properties":{"id":338697738,"category":"park","name":null,"area":9}},{"type":"Feature","geometry":{"type":"Point","coordinates":[-122.4817134857143,37.72686635714285]},"properties":{"id":338697739,"category":"park","name":null,"area":11}},{"type":"Feature","geometry":{"type":"Point","coordinates":[-122.48318121666665,37.72329163333333]},"properties":{"id":338697740,"category":"park","name":null,"area":13}},{"type":"Feature","geometry":{"type":"Point","coordinates":[-122.4816173625,37.7237846625]},"properties":{"id":338697741,"category":"park","name":null,"area":44}},{"type":"Feature","geometry":{"type":"Point","coordinates":[-122.48050966666669,37.72081476666667]},"properties":{"id":338697742,"category":"park","name":null,"area":9}},{"type":"Feature","geometry":{"type":"Point","coordinates":[-122.48191449999999,37.72050812]},"properties":{"id":338697743,"category":"park","name":null,"area":13}},{"type":"Feature","geometry":{"type":"Point","coordinates":[-122.479114775,37.726632450000004]},"properties":{"id":338697745,"category":"park","name":null,"area":24}},{"type":"Feature","geometry":{"type":"Point","coordinates":[-122.47954177500002,37.7199845125]},"properties":{"id":338697746,"category":"park","name":null,"area":23}},{"type":"Feature","geometry":{"type":"Point","coordinates":[-122.47985367500002,37.7198941]},"properties":{"id":338697748,"category":"park","name":null,"area":11}},{"type":"Feature","geometry":{"type":"Point","coordinates":[-122.47650565714285,37.72509594285714]},"properties":{"id":338697749,"category":"park","name":null,"area":11}},{"type":"Feature","geometry":{"type":"Point","coordinates":[-122.48152296363637,37.720732909090906]},"properties":{"id":338697750,"category":"park","name":null,"area":12}},{"type":"Feature","geometry":{"type":"Point","coordinates":[-122.48149005714285,37.7208235]},"properties":{"id":338697751,"category":"park","name":null,"area":8}},{"type":"Feature","geometry":{"type":"Point","coordinates":[-122.4825753625,37.720814175]},"properties":{"id":338697753,"category":"park","name":null,"area":16}},{"type":"Feature","geometry":{"type":"Point","coordinates":[-122.47740125454547,37.72141504545454]},"properties":{"id":338697754,"category":"park","name":null,"area":55}},{"type":"Feature","geometry":{"type":"Point","coordinates":[-122.48168830999998,37.72059812]},"properties":{"id":338697756,"category":"park","name":null,"area":11}},{"type":"Feature","geometry":{"type":"Point","coordinates":[-122.48073352222221,37.72218556666667]},"properties":{"id":338697757,"category":"park","name":null,"area":34}},{"type":"Feature","geometry":{"type":"Point","coordinates":[-122.48241679999998,37.723680599999994]},"properties":{"id":338697759,"category":"park","name":null,"area":52}},{"type":"Feature","geometry":{"type":"Point","coordinates":[-122.48160974,37.72057589]},"properties":{"id":338697761,"category":"park","name":null,"area":13}},{"type":"Feature","geometry":{"type":"Point","coordinates":[-122.48195996,37.7212122]},"properties":{"id":338697762,"category":"park","name":null,"area":18}},{"type":"Feature","geometry":{"type":"Point","coordinates":[-122.48115326973685,37.72802358026316]},"properties":{"id":338697763,"category":"park","name":null,"area":7671}},{"type":"Feature","geometry":{"type":"Point","coordinates":[-122.4825307125,37.720934575]},"properties":{"id":338697764,"category":"park","name":null,"area":10}},{"type":"Feature","geometry":{"type":"Point","coordinates":[-122.47969854444445,37.72434134444445]},"properties":{"id":338697765,"category":"park","name":null,"area":36}},{"type":"Feature","geometry":{"type":"Point","coordinates":[-122.48001408571429,37.721059357142856]},"properties":{"id":338697766,"category":"park","name":null,"area":145}},{"type":"Feature","geometry":{"type":"Point","coordinates":[-122.47891640999998,37.72030898]},"properties":{"id":338697768,"category":"park","name":null,"area":13}},{"type":"Feature","geometry":{"type":"Point","coordinates":[-122.47706190000001,37.72094472]},"properties":{"id":338697770,"category":"park","name":null,"area":7}},{"type":"Feature","geometry":{"type":"Point","coordinates":[-122.48175608333334,37.724007875000005]},"properties":{"id":338697771,"category":"park","name":null,"area":12}},{"type":"Feature","geometry":{"type":"Point","coordinates":[-122.48398451666668,37.724214561111104]},"properties":{"id":338697772,"category":"park","name":null,"area":11}},{"type":"Feature","geometry":{"type":"Point","coordinates":[-122.48468959000002,37.721462]},"properties":{"id":338697773,"category":"park","name":null,"area":12}},{"type":"Feature","geometry":{"type":"Point","coordinates":[-122.47881603,37.720542290000004]},"properties":{"id":338697774,"category":"park","name":null,"area":12}},{"type":"Feature","geometry":{"type":"Point","coordinates":[-122.48010138333332,37.720814983333334]},"properties":{"id":338697776,"category":"park","name":null,"area":9}},{"type":"Feature","geometry":{"type":"Point","coordinates":[-122.48414261111111,37.72421425555555]},"properties":{"id":338697777,"category":"park","name":null,"area":20}},{"type":"Feature","geometry":{"type":"Point","coordinates":[-122.47926322,37.72767023000001]},"properties":{"id":338697778,"category":"park","name":null,"area":33}},{"type":"Feature","geometry":{"type":"Point","coordinates":[-122.4804781,37.721778625]},"properties":{"id":338697779,"category":"park","name":null,"area":81}},{"type":"Feature","geometry":{"type":"Point","coordinates":[-122.48033751428572,37.72073065714286]},"properties":{"id":338697780,"category":"park","name":null,"area":8}},{"type":"Feature","geometry":{"type":"Point","coordinates":[-122.48043296249999,37.7207568375]},"properties":{"id":338697781,"category":"park","name":null,"area":4}},{"type":"Feature","geometry":{"type":"Point","coordinates":[-122.48155661250001,37.7208729]},"properties":{"id":338697782,"category":"park","name":null,"area":10}},{"type":"Feature","geometry":{"type":"Point","coordinates":[-122.48127638571428,37.72629491428571]},"properties":{"id":338697783,"category":"park","name":null,"area":15}},{"type":"Feature","geometry":{"type":"Point","coordinates":[-122.47935282,37.72565203999999]},"properties":{"id":338697784,"category":"park","name":null,"area":22}},{"type":"Feature","geometry":{"type":"Point","coordinates":[-122.48184178,37.720921770000004]},"properties":{"id":338697785,"category":"park","name":null,"area":22}},{"type":"Feature","geometry":{"type":"Point","coordinates":[-122.4794404,37.72049109999999]},"properties":{"id":338697786,"category":"park","name":null,"area":17}},{"type":"Feature","geometry":{"type":"Point","coordinates":[-122.47649220000001,37.72497279285714]},"properties":{"id":338697787,"category":"park","name":null,"area":72}},{"type":"Feature","geometry":{"type":"Point","coordinates":[-122.4792032625,37.7281298875]},"properties":{"id":338697788,"category":"park","name":null,"area":6}},{"type":"Feature","geometry":{"type":"Point","coordinates":[-122.48178016249999,37.7210487125]},"properties":{"id":338697789,"category":"park","name":null,"area":23}},{"type":"Feature","geometry":{"type":"Point","coordinates":[-122.4817037111111,37.72101763333333]},"properties":{"id":338697790,"category":"park","name":null,"area":5}},{"type":"Feature","geometry":{"type":"Point","coordinates":[-122.48431973,37.721446209999996]},"properties":{"id":338697791,"category":"park","name":null,"area":13}},{"type":"Feature","geometry":{"type":"Point","coordinates":[-122.48232246666667,37.723574988888885]},"properties":{"id":338697792,"category":"park","name":null,"area":21}},{"type":"Feature","geometry":{"type":"Point","coordinates":[-122.4770412875,37.723227324999996]},"properties":{"id":338697793,"category":"park","name":null,"area":49}},{"type":"Feature","geometry":{"type":"Point","coordinates":[-122.48375448333333,37.724666750000004]},"properties":{"id":338697794,"category":"park","name":null,"area":84}},{"type":"Feature","geometry":{"type":"Point","coordinates":[-122.4833394,37.726654266666664]},"properties":{"id":338697795,"category":"park","name":null,"area":12}},{"type":"Feature","geometry":{"type":"Point","coordinates":[-122.48269199166667,37.72408597500001]},"properties":{"id":338697796,"category":"park","name":null,"area":22}},{"type":"Feature","geometry":{"type":"Point","coordinates":[-122.47856522727271,37.720404063636366]},"properties":{"id":338697797,"category":"park","name":null,"area":16}},{"type":"Feature","geometry":{"type":"Point","coordinates":[-122.47783928333332,37.72317243333334]},"properties":{"id":338697798,"category":"park","name":null,"area":59}},{"type":"Feature","geometry":{"type":"Point","coordinates":[-122.47607196666667,37.725160988888895]},"properties":{"id":338697799,"category":"park","name":null,"area":13}},{"type":"Feature","geometry":{"type":"Point","coordinates":[-122.4791870375,37.7239572625]},"properties":{"id":338697801,"category":"park","name":null,"area":14}},{"type":"Feature","geometry":{"type":"Point","coordinates":[-122.47773939999999,37.72035399]},"properties":{"id":338697803,"category":"park","name":null,"area":15}},{"type":"Feature","geometry":{"type":"Point","coordinates":[-122.48483660714285,37.72160976428572]},"properties":{"id":338697804,"category":"park","name":null,"area":78}},{"type":"Feature","geometry":{"type":"Point","coordinates":[-122.48154003636364,37.7205006]},"properties":{"id":338697805,"category":"park","name":null,"area":12}},{"type":"Feature","geometry":{"type":"Point","coordinates":[-122.47789396,37.7232504]},"properties":{"id":338697806,"category":"park","name":null,"area":47}},{"type":"Feature","geometry":{"type":"Point","coordinates":[-122.47688240000001,37.72135425]},"properties":{"id":338697807,"category":"park","name":null,"area":39}},{"type":"Feature","geometry":{"type":"Point","coordinates":[-122.47558746,37.72131560666667]},"properties":{"id":338697808,"category":"park","name":null,"area":14}},{"type":"Feature","geometry":{"type":"Point","coordinates":[-122.4791375,37.72334405]},"properties":{"id":338697809,"category":"park","name":null,"area":33}},{"type":"Feature","geometry":{"type":"Point","coordinates":[-122.48235718888888,37.7229964]},"properties":{"id":338697810,"category":"park","name":null,"area":22}},{"type":"Feature","geometry":{"type":"Point","coordinates":[-122.48199281818182,37.72065453636364]},"properties":{"id":338697811,"category":"park","name":null,"area":22}},{"type":"Feature","geometry":{"type":"Point","coordinates":[-122.48063513076923,37.722254853846145]},"properties":{"id":338697813,"category":"park","name":null,"area":25}},{"type":"Feature","geometry":{"type":"Point","coordinates":[-122.4830756375,37.7237161125]},"properties":{"id":338697814,"category":"park","name":null,"area":16}},{"type":"Feature","geometry":{"type":"Point","coordinates":[-122.47935779090909,37.723266200000005]},"properties":{"id":338697815,"category":"park","name":null,"area":29}},{"type":"Feature","geometry":{"type":"Point","coordinates":[-122.47848967272726,37.7202741]},"properties":{"id":338697816,"category":"park","name":null,"area":14}},{"type":"Feature","geometry":{"type":"Point","coordinates":[-122.48303965999999,37.72361138]},"properties":{"id":338697817,"category":"park","name":null,"area":23}},{"type":"Feature","geometry":{"type":"Point","coordinates":[-122.47991522500001,37.727987225]},"properties":{"id":338697818,"category":"park","name":null,"area":12}},{"type":"Feature","geometry":{"type":"Point","coordinates":[-122.47795375000001,37.72031821]},"properties":{"id":338697819,"category":"park","name":null,"area":10}},{"type":"Feature","geometry":{"type":"Point","coordinates":[-122.4812227,37.72240944285715]},"properties":{"id":338697820,"category":"park","name":null,"area":19}},{"type":"Feature","geometry":{"type":"Point","coordinates":[-122.47784713749999,37.7217233625]},"properties":{"id":338697821,"category":"park","name":null,"area":22}},{"type":"Feature","geometry":{"type":"Point","coordinates":[-122.47864944000001,37.72275354666667]},"properties":{"id":338697822,"category":"park","name":null,"area":93}},{"type":"Feature","geometry":{"type":"Point","coordinates":[-122.47563521666666,37.72169718333333]},"properties":{"id":338697823,"category":"park","name":null,"area":38}},{"type":"Feature","geometry":{"type":"Point","coordinates":[-122.48141124285715,37.72405964285714]},"properties":{"id":338697824,"category":"park","name":null,"area":14}},{"type":"Feature","geometry":{"type":"Point","coordinates":[-122.47868880909091,37.720400218181815]},"properties":{"id":338697825,"category":"park","name":null,"area":9}},{"type":"Feature","geometry":{"type":"Point","coordinates":[-122.47751617272728,37.720365672727276]},"properties":{"id":338697826,"category":"park","name":null,"area":12}},{"type":"Feature","geometry":{"type":"Point","coordinates":[-122.47881013749999,37.721734875]},"properties":{"id":338697827,"category":"park","name":null,"area":34}},{"type":"Feature","geometry":{"type":"Point","coordinates":[-122.48345940769232,37.72143705384615]},"properties":{"id":338697828,"category":"park","name":null,"area":27}},{"type":"Feature","geometry":{"type":"Point","coordinates":[-122.48336408750001,37.7213860375]},"properties":{"id":338697829,"category":"park","name":null,"area":24}},{"type":"Feature","geometry":{"type":"Point","coordinates":[-122.4774137,37.72115327222223]},"properties":{"id":338697830,"category":"park","name":null,"area":80}},{"type":"Feature","geometry":{"type":"Point","coordinates":[-122.48198006,37.720789333333336]},"properties":{"id":338697831,"category":"park","name":null,"area":19}},{"type":"Feature","geometry":{"type":"Point","coordinates":[-122.47971718181817,37.72799402727273]},"properties":{"id":338697832,"category":"park","name":null,"area":41}},{"type":"Feature","geometry":{"type":"Point","coordinates":[-122.4764921375,37.722419075]},"properties":{"id":338697833,"category":"park","name":null,"area":25}},{"type":"Feature","geometry":{"type":"Point","coordinates":[-122.479391,37.72031535]},"properties":{"id":338697834,"category":"park","name":null,"area":6}},{"type":"Feature","geometry":{"type":"Point","coordinates":[-122.48325861666667,37.72374198333333]},"properties":{"id":338697836,"category":"park","name":null,"area":96}},{"type":"Feature","geometry":{"type":"Point","coordinates":[-122.48091997142856,37.72741807142857]},"properties":{"id":338697837,"category":"park","name":null,"area":6}},{"type":"Feature","geometry":{"type":"Point","coordinates":[-122.47803325000001,37.723866587500005]},"properties":{"id":338697838,"category":"park","name":null,"area":20}},{"type":"Feature","geometry":{"type":"Point","coordinates":[-122.47844539,37.72037636]},"properties":{"id":338697839,"category":"park","name":null,"area":8}},{"type":"Feature","geometry":{"type":"Point","coordinates":[-122.4790229,37.72880398333333]},"properties":{"id":338697840,"category":"park","name":null,"area":15}},{"type":"Feature","geometry":{"type":"Point","coordinates":[-122.47658386,37.72374292]},"properties":{"id":338697841,"category":"park","name":null,"area":26}},{"type":"Feature","geometry":{"type":"Point","coordinates":[-122.48352144545456,37.723389772727266]},"properties":{"id":338697842,"category":"park","name":null,"area":31}},{"type":"Feature","geometry":{"type":"Point","coordinates":[-122.47975331428572,37.725943799999996]},"properties":{"id":338697844,"category":"park","name":null,"area":18}},{"type":"Feature","geometry":{"type":"Point","coordinates":[-122.48154492727272,37.720586909090905]},"properties":{"id":338697846,"category":"park","name":null,"area":5}},{"type":"Feature","geometry":{"type":"Point","coordinates":[-122.47962091000002,37.72079579]},"properties":{"id":338697847,"category":"park","name":null,"area":11}},{"type":"Feature","geometry":{"type":"Point","coordinates":[-122.47939326666665,37.7199829111111]},"properties":{"id":338697848,"category":"park","name":null,"area":16}},{"type":"Feature","geometry":{"type":"Point","coordinates":[-122.47839196666668,37.720598775]},"properties":{"id":338697850,"category":"park","name":null,"area":26}},{"type":"Feature","geometry":{"type":"Point","coordinates":[-122.48440872727271,37.72146753636363]},"properties":{"id":338697851,"category":"park","name":null,"area":24}},{"type":"Feature","geometry":{"type":"Point","coordinates":[-122.47542205555555,37.72511826666667]},"properties":{"id":338697853,"category":"park","name":null,"area":24}},{"type":"Feature","geometry":{"type":"Point","coordinates":[-122.48270475,37.723133616666665]},"properties":{"id":338697854,"category":"park","name":null,"area":12}},{"type":"Feature","geometry":{"type":"Point","coordinates":[-122.47966095714287,37.729004471428574]},"properties":{"id":338697855,"category":"park","name":null,"area":26}},{"type":"Feature","geometry":{"type":"Point","coordinates":[-122.47885375714286,37.72600151428571]},"properties":{"id":338697856,"category":"park","name":null,"area":11}},{"type":"Feature","geometry":{"type":"Point","coordinates":[-122.47539780000001,37.72356560000001]},"properties":{"id":338697857,"category":"park","name":null,"area":31}},{"type":"Feature","geometry":{"type":"Point","coordinates":[-122.47681320000001,37.72163207142858]},"properties":{"id":338697858,"category":"park","name":null,"area":15}},{"type":"Feature","geometry":{"type":"Point","coordinates":[-122.4820999111111,37.723883011111106]},"properties":{"id":338697859,"category":"park","name":null,"area":40}},{"type":"Feature","geometry":{"type":"Point","coordinates":[-122.47896662222222,37.72749437777778]},"properties":{"id":338697861,"category":"park","name":null,"area":54}},{"type":"Feature","geometry":{"type":"Point","coordinates":[-122.48176166,37.727703840000004]},"properties":{"id":338697862,"category":"park","name":null,"area":911}},{"type":"Feature","geometry":{"type":"Point","coordinates":[-122.47941676666666,37.72390098333333]},"properties":{"id":338697863,"category":"park","name":null,"area":14}},{"type":"Feature","geometry":{"type":"Point","coordinates":[-122.48046182,37.72728242]},"properties":{"id":338697865,"category":"park","name":null,"area":12}},{"type":"Feature","geometry":{"type":"Point","coordinates":[-122.47725371428571,37.72120105714286]},"properties":{"id":338697866,"category":"park","name":null,"area":95}},{"type":"Feature","geometry":{"type":"Point","coordinates":[-122.4783136375,37.725898237500004]},"properties":{"id":338697867,"category":"park","name":null,"area":28}},{"type":"Feature","geometry":{"type":"Point","coordinates":[-122.48329304999997,37.72312557]},"properties":{"id":338697868,"category":"park","name":null,"area":18}},{"type":"Feature","geometry":{"type":"Point","coordinates":[-122.47650548571427,37.72224982857143]},"properties":{"id":338697870,"category":"park","name":null,"area":226}},{"type":"Feature","geometry":{"type":"Point","coordinates":[-122.48217134999999,37.721405718750006]},"properties":{"id":338697871,"category":"park","name":null,"area":25}},{"type":"Feature","geometry":{"type":"Point","coordinates":[-122.47791595000001,37.720368191666665]},"properties":{"id":338697875,"category":"park","name":null,"area":38}},{"type":"Feature","geometry":{"type":"Point","coordinates":[-122.47572204117648,37.72045348823529]},"properties":{"id":338697876,"category":"park","name":null,"area":38}},{"type":"Feature","geometry":{"type":"Point","coordinates":[-122.4788653375,37.722588925000004]},"properties":{"id":338697878,"category":"park","name":null,"area":13}},{"type":"Feature","geometry":{"type":"Point","coordinates":[-122.4773211875,37.7210105625]},"properties":{"id":338697882,"category":"park","name":null,"area":327}},{"type":"Feature","geometry":{"type":"Point","coordinates":[-122.4793263,37.72389802857143]},"properties":{"id":338697883,"category":"park","name":null,"area":5}},{"type":"Feature","geometry":{"type":"Point","coordinates":[-122.47537257142857,37.72450918571428]},"properties":{"id":338697884,"category":"park","name":null,"area":210}},{"type":"Feature","geometry":{"type":"Point","coordinates":[-122.48236969999999,37.7211573625]},"properties":{"id":338697885,"category":"park","name":null,"area":20}},{"type":"Feature","geometry":{"type":"Point","coordinates":[-122.48396333571428,37.72348999285714]},"properties":{"id":338697886,"category":"park","name":null,"area":23}},{"type":"Feature","geometry":{"type":"Point","coordinates":[-122.47993911666667,37.723361966666666]},"properties":{"id":338697887,"category":"park","name":null,"area":116}},{"type":"Feature","geometry":{"type":"Point","coordinates":[-122.476684925,37.7254059]},"properties":{"id":338697888,"category":"park","name":null,"area":12}},{"type":"Feature","geometry":{"type":"Point","coordinates":[-122.48464120000001,37.72135787777777]},"properties":{"id":338697889,"category":"park","name":null,"area":7}},{"type":"Feature","geometry":{"type":"Point","coordinates":[-122.47963256363637,37.720572881818185]},"properties":{"id":338697890,"category":"park","name":null,"area":21}},{"type":"Feature","geometry":{"type":"Point","coordinates":[-122.48161227142857,37.72204685714286]},"properties":{"id":338697891,"category":"park","name":null,"area":46}},{"type":"Feature","geometry":{"type":"Point","coordinates":[-122.47909382857144,37.723459142857145]},"properties":{"id":338697892,"category":"park","name":null,"area":73}},{"type":"Feature","geometry":{"type":"Point","coordinates":[-122.48241599999999,37.720652375]},"properties":{"id":338697895,"category":"park","name":null,"area":33}},{"type":"Feature","geometry":{"type":"Point","coordinates":[-122.48194915555554,37.726143322222214]},"properties":{"id":338697896,"category":"park","name":null,"area":22}},{"type":"Feature","geometry":{"type":"Point","coordinates":[-122.47747019999998,37.725867325]},"properties":{"id":338697897,"category":"park","name":null,"area":30}},{"type":"Feature","geometry":{"type":"Point","coordinates":[-122.47647117142859,37.722488500000004]},"properties":{"id":338697898,"category":"park","name":null,"area":23}},{"type":"Feature","geometry":{"type":"Point","coordinates":[-122.47685044117647,37.721548358823526]},"properties":{"id":338697899,"category":"park","name":null,"area":59}},{"type":"Feature","geometry":{"type":"Point","coordinates":[-122.4804747125,37.720446450000004]},"properties":{"id":338697902,"category":"park","name":null,"area":6}},{"type":"Feature","geometry":{"type":"Point","coordinates":[-122.47763635454545,37.7203489]},"properties":{"id":338697903,"category":"park","name":null,"area":8}},{"type":"Feature","geometry":{"type":"Point","coordinates":[-122.47634758571428,37.724992885714286]},"properties":{"id":338697904,"category":"park","name":null,"area":19}},{"type":"Feature","geometry":{"type":"Point","coordinates":[-122.48326083636363,37.72356462727272]},"properties":{"id":338697905,"category":"park","name":null,"area":8}},{"type":"Feature","geometry":{"type":"Point","coordinates":[-122.47946781000003,37.724329489999995]},"properties":{"id":338697906,"category":"park","name":null,"area":36}},{"type":"Feature","geometry":{"type":"Point","coordinates":[-122.48199454117648,37.72126618823528]},"properties":{"id":338697908,"category":"park","name":null,"area":9}},{"type":"Feature","geometry":{"type":"Point","coordinates":[-122.4760052857143,37.725245542857145]},"properties":{"id":338697909,"category":"park","name":null,"area":22}},{"type":"Feature","geometry":{"type":"Point","coordinates":[-122.47823464444446,37.7232869]},"properties":{"id":338697911,"category":"park","name":null,"area":33}},{"type":"Feature","geometry":{"type":"Point","coordinates":[-122.47982841666668,37.72329641666666]},"properties":{"id":338697913,"category":"park","name":null,"area":114}},{"type":"Feature","geometry":{"type":"Point","coordinates":[-122.48342787777779,37.724384077777785]},"properties":{"id":338697916,"category":"park","name":null,"area":24}},{"type":"Feature","geometry":{"type":"Point","coordinates":[-122.47960857777778,37.72680943333333]},"properties":{"id":338697922,"category":"park","name":null,"area":51}},{"type":"Feature","geometry":{"type":"Point","coordinates":[-122.48214373888888,37.721221]},"properties":{"id":338697926,"category":"park","name":null,"area":33}},{"type":"Feature","geometry":{"type":"Point","coordinates":[-122.48286208461538,37.72343258461538]},"properties":{"id":338697929,"category":"park","name":null,"area":90}},{"type":"Feature","geometry":{"type":"Point","coordinates":[-122.47846268571428,37.72413594285714]},"properties":{"id":338697933,"category":"park","name":null,"area":10}},{"type":"Feature","geometry":{"type":"Point","coordinates":[-122.48228425624997,37.721332687499995]},"properties":{"id":338697937,"category":"park","name":null,"area":25}},{"type":"Feature","geometry":{"type":"Point","coordinates":[-122.48249844285715,37.72080235714286]},"properties":{"id":338697940,"category":"park","name":null,"area":13}},{"type":"Feature","geometry":{"type":"Point","coordinates":[-122.48277446111109,37.720900894444455]},"properties":{"id":338697944,"category":"park","name":null,"area":9}},{"type":"Feature","geometry":{"type":"Point","coordinates":[-122.48042773750001,37.720404275]},"properties":{"id":338697947,"category":"park","name":null,"area":9}},{"type":"Feature","geometry":{"type":"Point","coordinates":[-122.47843248,37.72414284]},"properties":{"id":338697952,"category":"park","name":null,"area":9}},{"type":"Feature","geometry":{"type":"Point","coordinates":[-122.47822589090907,37.72567572727272]},"properties":{"id":338697953,"category":"park","name":null,"area":19}},{"type":"Feature","geometry":{"type":"Point","coordinates":[-122.47955872499999,37.72181203125001]},"properties":{"id":338697954,"category":"park","name":null,"area":33}},{"type":"Feature","geometry":{"type":"Point","coordinates":[-122.47824551666668,37.7241218]},"properties":{"id":338697955,"category":"park","name":null,"area":11}},{"type":"Feature","geometry":{"type":"Point","coordinates":[-122.47743064736842,37.72045540000001]},"properties":{"id":338697956,"category":"park","name":null,"area":63}},{"type":"Feature","geometry":{"type":"Point","coordinates":[-122.47964074444445,37.7287666]},"properties":{"id":338697957,"category":"park","name":null,"area":38}},{"type":"Feature","geometry":{"type":"Point","coordinates":[-122.47803136507936,37.72301433015874]},"properties":{"id":338697959,"category":"park","name":null,"area":564}},{"type":"Feature","geometry":{"type":"Point","coordinates":[-122.48407239999999,37.724174350000006]},"properties":{"id":338697960,"category":"park","name":null,"area":83}},{"type":"Feature","geometry":{"type":"Point","coordinates":[-122.47935153333333,37.72642859166666]},"properties":{"id":338697961,"category":"park","name":null,"area":45}},{"type":"Feature","geometry":{"type":"Point","coordinates":[-122.48271587272728,37.72393832727273]},"properties":{"id":338697962,"category":"park","name":null,"area":15}},{"type":"Feature","geometry":{"type":"Point","coordinates":[-122.47700453750001,37.723551824999994]},"properties":{"id":338697963,"category":"park","name":null,"area":12}},{"type":"Feature","geometry":{"type":"Point","coordinates":[-122.48339697142856,37.724425885714275]},"properties":{"id":338697964,"category":"park","name":null,"area":21}},{"type":"Feature","geometry":{"type":"Point","coordinates":[-122.48181235,37.72591945]},"properties":{"id":338697965,"category":"park","name":null,"area":5}},{"type":"Feature","geometry":{"type":"Point","coordinates":[-122.47856033076921,37.72049914615384]},"properties":{"id":338697967,"category":"park","name":null,"area":15}},{"type":"Feature","geometry":{"type":"Point","coordinates":[-122.47923592666666,37.72055797333334]},"properties":{"id":338697968,"category":"park","name":null,"area":21}},{"type":"Feature","geometry":{"type":"Point","coordinates":[-122.47613844444443,37.72500465555556]},"properties":{"id":338697969,"category":"park","name":null,"area":26}},{"type":"Feature","geometry":{"type":"Point","coordinates":[-122.48312462307695,37.72325923846154]},"properties":{"id":338697972,"category":"park","name":null,"area":20}},{"type":"Feature","geometry":{"type":"Point","coordinates":[-122.48159564545453,37.72076938181818]},"properties":{"id":338697973,"category":"park","name":null,"area":12}},{"type":"Feature","geometry":{"type":"Point","coordinates":[-122.47821275454544,37.72235059090909]},"properties":{"id":338697974,"category":"park","name":null,"area":40}},{"type":"Feature","geometry":{"type":"Point","coordinates":[-122.47911708333334,37.72814205]},"properties":{"id":338697975,"category":"park","name":null,"area":3}},{"type":"Feature","geometry":{"type":"Point","coordinates":[-122.47939646249999,37.728155875000006]},"properties":{"id":338697976,"category":"park","name":null,"area":19}},{"type":"Feature","geometry":{"type":"Point","coordinates":[-122.48373593076923,37.72143543846154]},"properties":{"id":338697977,"category":"park","name":null,"area":14}},{"type":"Feature","geometry":{"type":"Point","coordinates":[-122.47830721666666,37.72026464166667]},"properties":{"id":338697978,"category":"park","name":null,"area":12}},{"type":"Feature","geometry":{"type":"Point","coordinates":[-122.48340916363635,37.72668393636365]},"properties":{"id":338697979,"category":"park","name":null,"area":14}},{"type":"Feature","geometry":{"type":"Point","coordinates":[-122.47644379166665,37.72096045]},"properties":{"id":338697982,"category":"park","name":null,"area":131}},{"type":"Feature","geometry":{"type":"Point","coordinates":[-122.47536037999998,37.723426429999996]},"properties":{"id":338697983,"category":"park","name":null,"area":24}},{"type":"Feature","geometry":{"type":"Point","coordinates":[-122.47836585000002,37.72557933]},"properties":{"id":338697984,"category":"park","name":null,"area":38}},{"type":"Feature","geometry":{"type":"Point","coordinates":[-122.48000111111112,37.72651145555556]},"properties":{"id":338697985,"category":"park","name":null,"area":46}},{"type":"Feature","geometry":{"type":"Point","coordinates":[-122.48346265,37.724198750000006]},"properties":{"id":338697986,"category":"park","name":null,"area":41}},{"type":"Feature","geometry":{"type":"Point","coordinates":[-122.47531652,37.725578993333336]},"properties":{"id":338697988,"category":"park","name":null,"area":6}},{"type":"Feature","geometry":{"type":"Point","coordinates":[-122.47591978235293,37.7209749117647]},"properties":{"id":338697989,"category":"park","name":null,"area":198}},{"type":"Feature","geometry":{"type":"Point","coordinates":[-122.47905487500002,37.72907694166667]},"properties":{"id":338697990,"category":"park","name":null,"area":35}},{"type":"Feature","geometry":{"type":"Point","coordinates":[-122.47950672500001,37.728830775]},"properties":{"id":338697995,"category":"park","name":null,"area":38}},{"type":"Feature","geometry":{"type":"Point","coordinates":[-122.48334287999998,37.72675979]},"properties":{"id":338697997,"category":"park","name":null,"area":13}},{"type":"Feature","geometry":{"type":"Point","coordinates":[-122.48081066153847,37.72237003076923]},"properties":{"id":338697999,"category":"park","name":null,"area":127}},{"type":"Feature","geometry":{"type":"Point","coordinates":[-122.4828046375,37.7207761125]},"properties":{"id":338698001,"category":"park","name":null,"area":16}},{"type":"Feature","geometry":{"type":"Point","coordinates":[-122.48348944000001,37.72384531333333]},"properties":{"id":338698003,"category":"park","name":null,"area":127}},{"type":"Feature","geometry":{"type":"Point","coordinates":[-122.4811084857143,37.72265474285714]},"properties":{"id":338698007,"category":"park","name":null,"area":34}},{"type":"Feature","geometry":{"type":"Point","coordinates":[-122.48312958666669,37.723683]},"properties":{"id":338698008,"category":"park","name":null,"area":74}},{"type":"Feature","geometry":{"type":"Point","coordinates":[-122.48381530624998,37.72428824375]},"properties":{"id":338698011,"category":"park","name":null,"area":27}},{"type":"Feature","geometry":{"type":"Point","coordinates":[-122.4809913388889,37.723236122222225]},"properties":{"id":338698014,"category":"park","name":null,"area":25}},{"type":"Feature","geometry":{"type":"Point","coordinates":[-122.47845571666666,37.72567339166667]},"properties":{"id":338698016,"category":"park","name":null,"area":32}},{"type":"Feature","geometry":{"type":"Point","coordinates":[-122.47748741999999,37.72564346]},"properties":{"id":338698018,"category":"park","name":null,"area":26}},{"type":"Feature","geometry":{"type":"Point","coordinates":[-122.4781671,37.720375425]},"properties":{"id":338698019,"category":"park","name":null,"area":38}},{"type":"Feature","geometry":{"type":"Point","coordinates":[-122.47698771999998,37.722898959999995]},"properties":{"id":338698021,"category":"park","name":null,"area":73}},{"type":"Feature","geometry":{"type":"Point","coordinates":[-122.47710102857143,37.725393985714284]},"properties":{"id":338698022,"category":"park","name":null,"area":11}},{"type":"Feature","geometry":{"type":"Point","coordinates":[-122.47886907499999,37.72410375]},"properties":{"id":338698025,"category":"park","name":null,"area":53}},{"type":"Feature","geometry":{"type":"Point","coordinates":[-122.47944537272726,37.722516127272726]},"properties":{"id":338698026,"category":"park","name":null,"area":60}},{"type":"Feature","geometry":{"type":"Point","coordinates":[-122.47916761538461,37.72896110769231]},"properties":{"id":338698028,"category":"park","name":null,"area":39}},{"type":"Feature","geometry":{"type":"Point","coordinates":[-122.47978841,37.729034999999996]},"properties":{"id":338698030,"category":"park","name":null,"area":50}},{"type":"Feature","geometry":{"type":"Point","coordinates":[-122.48113714444442,37.72231718888889]},"properties":{"id":338698031,"category":"park","name":null,"area":69}},{"type":"Feature","geometry":{"type":"Point","coordinates":[-122.48136138181818,37.72580850909091]},"properties":{"id":338698032,"category":"park","name":null,"area":40}},{"type":"Feature","geometry":{"type":"Point","coordinates":[-122.48052965555556,37.72152277777778]},"properties":{"id":338698035,"category":"park","name":null,"area":49}},{"type":"Feature","geometry":{"type":"Point","coordinates":[-122.48036554545455,37.72261571818182]},"properties":{"id":338698037,"category":"park","name":null,"area":93}},{"type":"Feature","geometry":{"type":"Point","coordinates":[-122.47927380000002,37.72393794]},"properties":{"id":338698038,"category":"park","name":null,"area":13}},{"type":"Feature","geometry":{"type":"Point","coordinates":[-122.4791913,37.72404732727272]},"properties":{"id":338698039,"category":"park","name":null,"area":110}},{"type":"Feature","geometry":{"type":"Point","coordinates":[-122.47955608,37.71979470000001]},"properties":{"id":338698041,"category":"park","name":null,"area":52}},{"type":"Feature","geometry":{"type":"Point","coordinates":[-122.47950812380952,37.72189472380953]},"properties":{"id":338698043,"category":"park","name":null,"area":62}},{"type":"Feature","geometry":{"type":"Point","coordinates":[-122.4770034818182,37.72564391818182]},"properties":{"id":338698044,"category":"park","name":null,"area":18}},{"type":"Feature","geometry":{"type":"Point","coordinates":[-122.48089366000002,37.72553653999999]},"properties":{"id":338698046,"category":"park","name":null,"area":85}},{"type":"Feature","geometry":{"type":"Point","coordinates":[-122.4778449923077,37.72391846153847]},"properties":{"id":338698047,"category":"park","name":null,"area":30}},{"type":"Feature","geometry":{"type":"Point","coordinates":[-122.47599507777778,37.72489227777777]},"properties":{"id":338698048,"category":"park","name":null,"area":17}},{"type":"Feature","geometry":{"type":"Point","coordinates":[-122.47833326666665,37.72037906666667]},"properties":{"id":338698049,"category":"park","name":null,"area":12}},{"type":"Feature","geometry":{"type":"Point","coordinates":[-122.47917186000002,37.72321943333334]},"properties":{"id":338698050,"category":"park","name":null,"area":60}},{"type":"Feature","geometry":{"type":"Point","coordinates":[-122.4797102375,37.71980539375]},"properties":{"id":338698051,"category":"park","name":null,"area":17}},{"type":"Feature","geometry":{"type":"Point","coordinates":[-122.48054524999999,37.72049264166667]},"properties":{"id":338698052,"category":"park","name":null,"area":7}},{"type":"Feature","geometry":{"type":"Point","coordinates":[-122.48409905454547,37.721447781818185]},"properties":{"id":338698053,"category":"park","name":null,"area":20}},{"type":"Feature","geometry":{"type":"Point","coordinates":[-122.47709303333333,37.725577466666664]},"properties":{"id":338698055,"category":"park","name":null,"area":50}},{"type":"Feature","geometry":{"type":"Point","coordinates":[-122.47809818421051,37.72240315789473]},"properties":{"id":338698056,"category":"park","name":null,"area":22}},{"type":"Feature","geometry":{"type":"Point","coordinates":[-122.4788598111111,37.72020194444445]},"properties":{"id":338698057,"category":"park","name":null,"area":49}},{"type":"Feature","geometry":{"type":"Point","coordinates":[-122.48001403,37.720806689999996]},"properties":{"id":338698058,"category":"park","name":null,"area":14}},{"type":"Feature","geometry":{"type":"Point","coordinates":[-122.47733685,37.725871962499994]},"properties":{"id":338698059,"category":"park","name":null,"area":49}},{"type":"Feature","geometry":{"type":"Point","coordinates":[-122.47966001818182,37.72340823636364]},"properties":{"id":338698060,"category":"park","name":null,"area":15}},{"type":"Feature","geometry":{"type":"Point","coordinates":[-122.48280208000001,37.726637679999996]},"properties":{"id":338698061,"category":"park","name":null,"area":74}},{"type":"Feature","geometry":{"type":"Point","coordinates":[-122.47718911666668,37.7238439]},"properties":{"id":338698062,"category":"park","name":null,"area":111}},{"type":"Feature","geometry":{"type":"Point","coordinates":[-122.48126509230771,37.72400563846155]},"properties":{"id":338698063,"category":"park","name":null,"area":53}},{"type":"Feature","geometry":{"type":"Point","coordinates":[-122.47687115000001,37.72253358333333]},"properties":{"id":338698064,"category":"park","name":null,"area":53}},{"type":"Feature","geometry":{"type":"Point","coordinates":[-122.47946474285716,37.723752371428574]},"properties":{"id":338698065,"category":"park","name":null,"area":32}},{"type":"Feature","geometry":{"type":"Point","coordinates":[-122.48045153999999,37.72684709]},"properties":{"id":338698067,"category":"park","name":null,"area":29}},{"type":"Feature","geometry":{"type":"Point","coordinates":[-122.47776030000001,37.72026414999999]},"properties":{"id":338698070,"category":"park","name":null,"area":18}},{"type":"Feature","geometry":{"type":"Point","coordinates":[-122.47680956666666,37.72093683333333]},"properties":{"id":338698075,"category":"park","name":null,"area":37}},{"type":"Feature","geometry":{"type":"Point","coordinates":[-122.47931579166668,37.72810175]},"properties":{"id":338698076,"category":"park","name":null,"area":9}},{"type":"Feature","geometry":{"type":"Point","coordinates":[-122.47542144545456,37.72562248181817]},"properties":{"id":338698077,"category":"park","name":null,"area":63}},{"type":"Feature","geometry":{"type":"Point","coordinates":[-122.4767277777778,37.72328104444444]},"properties":{"id":338698079,"category":"park","name":null,"area":459}},{"type":"Feature","geometry":{"type":"Point","coordinates":[-122.4818953375,37.720621875000006]},"properties":{"id":338698080,"category":"park","name":null,"area":23}},{"type":"Feature","geometry":{"type":"Point","coordinates":[-122.47888708571429,37.7290077]},"properties":{"id":338698081,"category":"park","name":null,"area":36}},{"type":"Feature","geometry":{"type":"Point","coordinates":[-122.478583825,37.723931725]},"properties":{"id":338698082,"category":"park","name":null,"area":62}},{"type":"Feature","geometry":{"type":"Point","coordinates":[-122.47696112352942,37.72216938235295]},"properties":{"id":338698084,"category":"park","name":null,"area":35}},{"type":"Feature","geometry":{"type":"Point","coordinates":[-122.47968273333335,37.7275321]},"properties":{"id":338698086,"category":"park","name":null,"area":58}},{"type":"Feature","geometry":{"type":"Point","coordinates":[-122.47973799000002,37.72704143]},"properties":{"id":338698087,"category":"park","name":null,"area":48}},{"type":"Feature","geometry":{"type":"Point","coordinates":[-122.47551910000001,37.721987232000004]},"properties":{"id":338698088,"category":"park","name":null,"area":101}},{"type":"Feature","geometry":{"type":"Point","coordinates":[-122.475734825,37.721118458333336]},"properties":{"id":338698089,"category":"park","name":null,"area":161}},{"type":"Feature","geometry":{"type":"Point","coordinates":[-122.48158760769229,37.723330476923074]},"properties":{"id":338698090,"category":"park","name":null,"area":26}},{"type":"Feature","geometry":{"type":"Point","coordinates":[-122.47699750000001,37.72329228571429]},"properties":{"id":338698091,"category":"park","name":null,"area":18}},{"type":"Feature","geometry":{"type":"Point","coordinates":[-122.4760871736842,37.72168294210526]},"properties":{"id":338698092,"category":"park","name":null,"area":40}},{"type":"Feature","geometry":{"type":"Point","coordinates":[-122.48356469374998,37.723981362500005]},"properties":{"id":338698094,"category":"park","name":null,"area":24}},{"type":"Feature","geometry":{"type":"Point","coordinates":[-122.47685546666666,37.7245235]},"properties":{"id":338698095,"category":"park","name":null,"area":74}},{"type":"Feature","geometry":{"type":"Point","coordinates":[-122.48334626666666,37.721540393333335]},"properties":{"id":338698097,"category":"park","name":null,"area":22}},{"type":"Feature","geometry":{"type":"Point","coordinates":[-122.48002890000001,37.723234559999995]},"properties":{"id":338698098,"category":"park","name":null,"area":48}},{"type":"Feature","geometry":{"type":"Point","coordinates":[-122.47891468999998,37.721427972499995]},"properties":{"id":338698099,"category":"park","name":null,"area":614}},{"type":"Feature","geometry":{"type":"Point","coordinates":[-122.47670807777779,37.723527588888885]},"properties":{"id":338698100,"category":"park","name":null,"area":15}},{"type":"Feature","geometry":{"type":"Point","coordinates":[-122.4776764125,37.72395655]},"properties":{"id":338698101,"category":"park","name":null,"area":20}},{"type":"Feature","geometry":{"type":"Point","coordinates":[-122.47722564615385,37.72405984615386]},"properties":{"id":338698102,"category":"park","name":null,"area":94}},{"type":"Feature","geometry":{"type":"Point","coordinates":[-122.4806271090909,37.72058609090909]},"properties":{"id":338698103,"category":"park","name":null,"area":14}},{"type":"Feature","geometry":{"type":"Point","coordinates":[-122.47910198,37.72189066]},"properties":{"id":338698105,"category":"park","name":null,"area":31}},{"type":"Feature","geometry":{"type":"Point","coordinates":[-122.48093920499998,37.722949405]},"properties":{"id":338698106,"category":"park","name":null,"area":169}},{"type":"Feature","geometry":{"type":"Point","coordinates":[-122.47919218,37.72617461]},"properties":{"id":338698107,"category":"park","name":null,"area":52}},{"type":"Feature","geometry":{"type":"Point","coordinates":[-122.47904855454544,37.72621824545455]},"properties":{"id":338698108,"category":"park","name":null,"area":29}},{"type":"Feature","geometry":{"type":"Point","coordinates":[-122.48119716666666,37.72253725]},"properties":{"id":338698109,"category":"park","name":null,"area":100}},{"type":"Feature","geometry":{"type":"Point","coordinates":[-122.47861397499999,37.724146575]},"properties":{"id":338698111,"category":"park","name":null,"area":92}},{"type":"Feature","geometry":{"type":"Point","coordinates":[-122.47699356153846,37.722071830769224]},"properties":{"id":338698113,"category":"park","name":null,"area":21}},{"type":"Feature","geometry":{"type":"Point","coordinates":[-122.47639692222222,37.72250974444445]},"properties":{"id":338698114,"category":"park","name":null,"area":59}},{"type":"Feature","geometry":{"type":"Point","coordinates":[-122.47643503333335,37.72257643333333]},"properties":{"id":338698116,"category":"park","name":null,"area":44}},{"type":"Feature","geometry":{"type":"Point","coordinates":[-122.4771520125,37.72179359375]},"properties":{"id":338698118,"category":"park","name":null,"area":90}},{"type":"Feature","geometry":{"type":"Point","coordinates":[-122.4827068588235,37.723608094117644]},"properties":{"id":338698120,"category":"park","name":null,"area":78}},{"type":"Feature","geometry":{"type":"Point","coordinates":[-122.47688716153844,37.72575500769231]},"properties":{"id":338698121,"category":"park","name":null,"area":32}},{"type":"Feature","geometry":{"type":"Point","coordinates":[-122.4790941,37.7211082]},"properties":{"id":338698122,"category":"park","name":null,"area":104}},{"type":"Feature","geometry":{"type":"Point","coordinates":[-122.479182975,37.727764025]},"properties":{"id":338698123,"category":"park","name":null,"area":49}},{"type":"Feature","geometry":{"type":"Point","coordinates":[-122.48416989374999,37.724105468750004]},"properties":{"id":338698124,"category":"park","name":null,"area":63}},{"type":"Feature","geometry":{"type":"Point","coordinates":[-122.47760753529413,37.720251035294105]},"properties":{"id":338698125,"category":"park","name":null,"area":17}},{"type":"Feature","geometry":{"type":"Point","coordinates":[-122.47979087777782,37.72412494444444]},"properties":{"id":338698126,"category":"park","name":null,"area":153}},{"type":"Feature","geometry":{"type":"Point","coordinates":[-122.47817265,37.725888690000005]},"properties":{"id":338698127,"category":"park","name":null,"area":30}},{"type":"Feature","geometry":{"type":"Point","coordinates":[-122.47722087333334,37.720491319999994]},"properties":{"id":338698128,"category":"park","name":null,"area":30}},{"type":"Feature","geometry":{"type":"Point","coordinates":[-122.47609341,37.72143732]},"properties":{"id":338698129,"category":"park","name":null,"area":131}},{"type":"Feature","geometry":{"type":"Point","coordinates":[-122.47681350000002,37.72435976]},"properties":{"id":338698130,"category":"park","name":null,"area":40}},{"type":"Feature","geometry":{"type":"Point","coordinates":[-122.47959133076924,37.72289750769231]},"properties":{"id":338698131,"category":"park","name":null,"area":70}},{"type":"Feature","geometry":{"type":"Point","coordinates":[-122.47966425999998,37.723244]},"properties":{"id":338698133,"category":"park","name":null,"area":185}},{"type":"Feature","geometry":{"type":"Point","coordinates":[-122.48208473529412,37.72725884117648]},"properties":{"id":338698134,"category":"park","name":null,"area":26}},{"type":"Feature","geometry":{"type":"Point","coordinates":[-122.48046679166667,37.72107309166667]},"properties":{"id":338698136,"category":"park","name":null,"area":99}},{"type":"Feature","geometry":{"type":"Point","coordinates":[-122.4786996368421,37.72294441052632]},"properties":{"id":338698137,"category":"park","name":null,"area":49}},{"type":"Feature","geometry":{"type":"Point","coordinates":[-122.4788829142857,37.726039571428565]},"properties":{"id":338698138,"category":"park","name":null,"area":35}},{"type":"Feature","geometry":{"type":"Point","coordinates":[-122.4821603625,37.723845475]},"properties":{"id":338698139,"category":"park","name":null,"area":48}},{"type":"Feature","geometry":{"type":"Point","coordinates":[-122.47653491999999,37.72189813]},"properties":{"id":338698142,"category":"park","name":null,"area":111}},{"type":"Feature","geometry":{"type":"Point","coordinates":[-122.47642898461541,37.723436223076924]},"properties":{"id":338698144,"category":"park","name":null,"area":182}},{"type":"Feature","geometry":{"type":"Point","coordinates":[-122.48292775,37.72357955]},"properties":{"id":338698146,"category":"park","name":null,"area":71}},{"type":"Feature","geometry":{"type":"Point","coordinates":[-122.48320424999999,37.723183649999996]},"properties":{"id":338698148,"category":"park","name":null,"area":67}},{"type":"Feature","geometry":{"type":"Point","coordinates":[-122.48148920000001,37.72067564444444]},"properties":{"id":338698149,"category":"park","name":null,"area":14}},{"type":"Feature","geometry":{"type":"Point","coordinates":[-122.47749015,37.722209856250004]},"properties":{"id":338698151,"category":"park","name":null,"area":43}},{"type":"Feature","geometry":{"type":"Point","coordinates":[-122.47938189166666,37.72729360833333]},"properties":{"id":338698152,"category":"park","name":null,"area":62}},{"type":"Feature","geometry":{"type":"Point","coordinates":[-122.47918096363637,37.72502387272727]},"properties":{"id":338698155,"category":"park","name":null,"area":48}},{"type":"Feature","geometry":{"type":"Point","coordinates":[-122.47992554999998,37.72727286666666]},"properties":{"id":338698156,"category":"park","name":null,"area":47}},{"type":"Feature","geometry":{"type":"Point","coordinates":[-122.47984979285714,37.727064021428575]},"properties":{"id":338698157,"category":"park","name":null,"area":28}},{"type":"Feature","geometry":{"type":"Point","coordinates":[-122.47646112222222,37.723086499999994]},"properties":{"id":338698158,"category":"park","name":null,"area":66}},{"type":"Feature","geometry":{"type":"Point","coordinates":[-122.47887884000001,37.720722679999994]},"properties":{"id":338698159,"category":"park","name":null,"area":19}},{"type":"Feature","geometry":{"type":"Point","coordinates":[-122.4794952,37.72839286111111]},"properties":{"id":338698160,"category":"park","name":null,"area":67}},{"type":"Feature","geometry":{"type":"Point","coordinates":[-122.47744744545453,37.725544781818186]},"properties":{"id":338698164,"category":"park","name":null,"area":75}},{"type":"Feature","geometry":{"type":"Point","coordinates":[-122.47712369583333,37.72142044583333]},"properties":{"id":338698165,"category":"park","name":null,"area":36}},{"type":"Feature","geometry":{"type":"Point","coordinates":[-122.47898783125001,37.72661454375]},"properties":{"id":338698166,"category":"park","name":null,"area":52}},{"type":"Feature","geometry":{"type":"Point","coordinates":[-122.47647823333334,37.725231108333325]},"properties":{"id":338698167,"category":"park","name":null,"area":30}},{"type":"Feature","geometry":{"type":"Point","coordinates":[-122.4832956,37.72297266363636]},"properties":{"id":338698168,"category":"park","name":null,"area":43}},{"type":"Feature","geometry":{"type":"Point","coordinates":[-122.48049289047619,37.725408971428564]},"properties":{"id":338698169,"category":"park","name":null,"area":116}},{"type":"Feature","geometry":{"type":"Point","coordinates":[-122.481281875,37.72231720833334]},"properties":{"id":338698170,"category":"park","name":null,"area":174}},{"type":"Feature","geometry":{"type":"Point","coordinates":[-122.48107836666668,37.723190433333336]},"properties":{"id":338698171,"category":"park","name":null,"area":4}},{"type":"Feature","geometry":{"type":"Point","coordinates":[-122.47751713333334,37.720488366666665]},"properties":{"id":338698173,"category":"park","name":null,"area":1}},{"type":"Feature","geometry":{"type":"Point","coordinates":[-122.48107386666668,37.723156800000005]},"properties":{"id":338698178,"category":"park","name":null,"area":4}},{"type":"Feature","geometry":{"type":"Point","coordinates":[-122.47741095714285,37.72148322142857]},"properties":{"id":338698179,"category":"park","name":null,"area":49}},{"type":"Feature","geometry":{"type":"Point","coordinates":[-122.47868610999998,37.72042670500001]},"properties":{"id":338698180,"category":"park","name":null,"area":15}},{"type":"Feature","geometry":{"type":"Point","coordinates":[-122.48015784761904,37.72316192380953]},"properties":{"id":338698181,"category":"park","name":null,"area":66}},{"type":"Feature","geometry":{"type":"Point","coordinates":[-122.478118436,37.722632784]},"properties":{"id":338698182,"category":"park","name":null,"area":39}},{"type":"Feature","geometry":{"type":"Point","coordinates":[-122.47913849166667,37.72073785]},"properties":{"id":338698183,"category":"park","name":null,"area":17}},{"type":"Feature","geometry":{"type":"Point","coordinates":[-122.4793026615385,37.726940146153844]},"properties":{"id":338698184,"category":"park","name":null,"area":46}},{"type":"Feature","geometry":{"type":"Point","coordinates":[-122.47584856,37.724969619999996]},"properties":{"id":338698185,"category":"park","name":null,"area":94}},{"type":"Feature","geometry":{"type":"Point","coordinates":[-122.47979626923077,37.72737607692308]},"properties":{"id":338698186,"category":"park","name":null,"area":39}},{"type":"Feature","geometry":{"type":"Point","coordinates":[-122.47795779090907,37.72391209090909]},"properties":{"id":338698187,"category":"park","name":null,"area":86}},{"type":"Feature","geometry":{"type":"Point","coordinates":[-122.48187023,37.723326455]},"properties":{"id":338698188,"category":"park","name":null,"area":51}},{"type":"Feature","geometry":{"type":"Point","coordinates":[-122.47926075238097,37.722299776190475]},"properties":{"id":338698189,"category":"park","name":null,"area":170}},{"type":"Feature","geometry":{"type":"Point","coordinates":[-122.47924133636364,37.724432300000004]},"properties":{"id":338698190,"category":"park","name":null,"area":36}},{"type":"Feature","geometry":{"type":"Point","coordinates":[-122.48380026,37.724116300000006]},"properties":{"id":338698191,"category":"park","name":null,"area":71}},{"type":"Feature","geometry":{"type":"Point","coordinates":[-122.48066799166668,37.72549250833333]},"properties":{"id":338698192,"category":"park","name":null,"area":127}},{"type":"Feature","geometry":{"type":"Point","coordinates":[-122.48269180000001,37.72087960588235]},"properties":{"id":338698193,"category":"park","name":null,"area":26}},{"type":"Feature","geometry":{"type":"Point","coordinates":[-122.47922920909087,37.722125136363644]},"properties":{"id":338698194,"category":"park","name":null,"area":88}},{"type":"Feature","geometry":{"type":"Point","coordinates":[-122.47704263125001,37.722792556250006]},"properties":{"id":338698195,"category":"park","name":null,"area":26}},{"type":"Feature","geometry":{"type":"Point","coordinates":[-122.48289390000001,37.72058547857143]},"properties":{"id":338698196,"category":"park","name":null,"area":21}},{"type":"Feature","geometry":{"type":"Point","coordinates":[-122.48030557857142,37.72270345]},"properties":{"id":338698197,"category":"park","name":null,"area":90}},{"type":"Feature","geometry":{"type":"Point","coordinates":[-122.47722024375,37.72041674375001]},"properties":{"id":338698198,"category":"park","name":null,"area":32}},{"type":"Feature","geometry":{"type":"Point","coordinates":[-122.48275407142856,37.72069435000001]},"properties":{"id":338698199,"category":"park","name":null,"area":22}},{"type":"Feature","geometry":{"type":"Point","coordinates":[-122.48039266111108,37.72186781111112]},"properties":{"id":338698200,"category":"park","name":null,"area":49}},{"type":"Feature","geometry":{"type":"Point","coordinates":[-122.48363813571429,37.723982775]},"properties":{"id":338698202,"category":"park","name":null,"area":57}},{"type":"Feature","geometry":{"type":"Point","coordinates":[-122.48470235714285,37.72420854761905]},"properties":{"id":338698203,"category":"park","name":null,"area":392}},{"type":"Feature","geometry":{"type":"Point","coordinates":[-122.47995324,37.722795860000005]},"properties":{"id":338698205,"category":"park","name":null,"area":215}},{"type":"Feature","geometry":{"type":"Point","coordinates":[-122.48072196785712,37.723115632142864]},"properties":{"id":338698206,"category":"park","name":null,"area":91}},{"type":"Feature","geometry":{"type":"Point","coordinates":[-122.48332009545453,37.72334199545455]},"properties":{"id":338698207,"category":"park","name":null,"area":95}},{"type":"Feature","geometry":{"type":"Point","coordinates":[-122.48233748181816,37.721488959090905]},"properties":{"id":338698208,"category":"park","name":null,"area":17}},{"type":"Feature","geometry":{"type":"Point","coordinates":[-122.4797415588235,37.71996611764706]},"properties":{"id":338698209,"category":"park","name":null,"area":24}},{"type":"Feature","geometry":{"type":"Point","coordinates":[-122.47811336,37.7207366]},"properties":{"id":338698210,"category":"park","name":null,"area":64}},{"type":"Feature","geometry":{"type":"Point","coordinates":[-122.47719495294119,37.72024151176471]},"properties":{"id":338698212,"category":"park","name":null,"area":18}},{"type":"Feature","geometry":{"type":"Point","coordinates":[-122.47790053157891,37.72411250526316]},"properties":{"id":338698213,"category":"park","name":null,"area":98}},{"type":"Feature","geometry":{"type":"Point","coordinates":[-122.47918709999999,37.723064271428576]},"properties":{"id":338698214,"category":"park","name":null,"area":2}},{"type":"Feature","geometry":{"type":"Point","coordinates":[-122.47889818421054,37.72125514210526]},"properties":{"id":338698216,"category":"park","name":null,"area":73}},{"type":"Feature","geometry":{"type":"Point","coordinates":[-122.48393015238095,37.721384280952385]},"properties":{"id":338698217,"category":"park","name":null,"area":48}},{"type":"Feature","geometry":{"type":"Point","coordinates":[-122.47717520625,37.720662687499996]},"properties":{"id":338698218,"category":"park","name":null,"area":18}},{"type":"Feature","geometry":{"type":"Point","coordinates":[-122.47617786153847,37.72206881538461]},"properties":{"id":338698220,"category":"park","name":null,"area":199}},{"type":"Feature","geometry":{"type":"Point","coordinates":[-122.478587,37.72294644375]},"properties":{"id":338698222,"category":"park","name":null,"area":9}},{"type":"Feature","geometry":{"type":"Point","coordinates":[-122.4805437111111,37.72328522222222]},"properties":{"id":338698224,"category":"park","name":null,"area":86}},{"type":"Feature","geometry":{"type":"Point","coordinates":[-122.47867570999999,37.72109734]},"properties":{"id":338698226,"category":"park","name":null,"area":96}},{"type":"Feature","geometry":{"type":"Point","coordinates":[-122.47978459333332,37.720154253333334]},"properties":{"id":338698227,"category":"park","name":null,"area":9}},{"type":"Feature","geometry":{"type":"Point","coordinates":[-122.47869979615386,37.723293507692304]},"properties":{"id":338698228,"category":"park","name":null,"area":140}},{"type":"Feature","geometry":{"type":"Point","coordinates":[-122.47677916399998,37.724433528000006]},"properties":{"id":338698229,"category":"park","name":null,"area":63}},{"type":"Feature","geometry":{"type":"Point","coordinates":[-122.48285588999997,37.721018154999996]},"properties":{"id":338698230,"category":"park","name":null,"area":35}},{"type":"Feature","geometry":{"type":"Point","coordinates":[-122.48133732352942,37.72366910588235]},"properties":{"id":338698231,"category":"park","name":null,"area":437}},{"type":"Feature","geometry":{"type":"Point","coordinates":[-122.48269372222224,37.72065138888889]},"properties":{"id":338698233,"category":"park","name":null,"area":22}},{"type":"Feature","geometry":{"type":"Point","coordinates":[-122.47774248235295,37.72567273529412]},"properties":{"id":338698234,"category":"park","name":null,"area":37}},{"type":"Feature","geometry":{"type":"Point","coordinates":[-122.48354423333333,37.72392953333334]},"properties":{"id":338698235,"category":"park","name":null,"area":1}},{"type":"Feature","geometry":{"type":"Point","coordinates":[-122.48124075000001,37.7260183]},"properties":{"id":338698236,"category":"park","name":null,"area":2}},{"type":"Feature","geometry":{"type":"Point","coordinates":[-122.48340534444444,37.72380125555556]},"properties":{"id":338698237,"category":"park","name":null,"area":1}},{"type":"Feature","geometry":{"type":"Point","coordinates":[-122.48342015555555,37.72397073333334]},"properties":{"id":338698239,"category":"park","name":null,"area":1}},{"type":"Feature","geometry":{"type":"Point","coordinates":[-122.47719883333333,37.723057258333334]},"properties":{"id":338698241,"category":"park","name":null,"area":312}},{"type":"Feature","geometry":{"type":"Point","coordinates":[-122.48192888888889,37.723894411111104]},"properties":{"id":338698242,"category":"park","name":null,"area":1}},{"type":"Feature","geometry":{"type":"Point","coordinates":[-122.48199262222222,37.723909133333336]},"properties":{"id":338698244,"category":"park","name":null,"area":1}},{"type":"Feature","geometry":{"type":"Point","coordinates":[-122.48231615882354,37.72176815294118]},"properties":{"id":338698245,"category":"park","name":null,"area":22}},{"type":"Feature","geometry":{"type":"Point","coordinates":[-122.4819821888889,37.723620277777776]},"properties":{"id":338698246,"category":"park","name":null,"area":1}},{"type":"Feature","geometry":{"type":"Point","coordinates":[-122.48107351944446,37.72069888888888]},"properties":{"id":338698249,"category":"park","name":null,"area":96}},{"type":"Feature","geometry":{"type":"Point","coordinates":[-122.47673411111113,37.72171178888888]},"properties":{"id":338698250,"category":"park","name":null,"area":176}},{"type":"Feature","geometry":{"type":"Point","coordinates":[-122.48208863333333,37.723626744444445]},"properties":{"id":338698253,"category":"park","name":null,"area":1}},{"type":"Feature","geometry":{"type":"Point","coordinates":[-122.47885777037038,37.72276769629629]},"properties":{"id":338698255,"category":"park","name":null,"area":254}},{"type":"Feature","geometry":{"type":"Point","coordinates":[-122.48323984444444,37.723586366666666]},"properties":{"id":338698256,"category":"park","name":null,"area":2}},{"type":"Feature","geometry":{"type":"Point","coordinates":[-122.48056682162164,37.72735235945945]},"properties":{"id":338698257,"category":"park","name":null,"area":11}},{"type":"Feature","geometry":{"type":"Point","coordinates":[-122.47669533333334,37.72163551111111]},"properties":{"id":338698258,"category":"park","name":null,"area":47}},{"type":"Feature","geometry":{"type":"Point","coordinates":[-122.47681838181819,37.722165727272724]},"properties":{"id":338698259,"category":"park","name":null,"area":29}},{"type":"Feature","geometry":{"type":"Point","coordinates":[-122.47563038666668,37.72488502]},"properties":{"id":338698260,"category":"park","name":null,"area":27}},{"type":"Feature","geometry":{"type":"Point","coordinates":[-122.47657357619045,37.72256418095238]},"properties":{"id":338698263,"category":"park","name":null,"area":206}},{"type":"Feature","geometry":{"type":"Point","coordinates":[-122.48239489999999,37.72319478571429]},"properties":{"id":338698266,"category":"park","name":null,"area":56}},{"type":"Feature","geometry":{"type":"Point","coordinates":[-122.48234496923075,37.72136123846154]},"properties":{"id":338698267,"category":"park","name":null,"area":10}},{"type":"Feature","geometry":{"type":"Point","coordinates":[-122.47946020000002,37.72415158333333]},"properties":{"id":338698268,"category":"park","name":null,"area":107}},{"type":"Feature","geometry":{"type":"Point","coordinates":[-122.48024177333333,37.72854308666667]},"properties":{"id":338698272,"category":"park","name":null,"area":263}},{"type":"Feature","geometry":{"type":"Point","coordinates":[-122.4810823125,37.7260110375]},"properties":{"id":338698273,"category":"park","name":null,"area":1}},{"type":"Feature","geometry":{"type":"Point","coordinates":[-122.48357172222222,37.72285887777779]},"properties":{"id":338698274,"category":"park","name":null,"area":452}},{"type":"Feature","geometry":{"type":"Point","coordinates":[-122.48043683571429,37.720732]},"properties":{"id":338698276,"category":"park","name":null,"area":8}},{"type":"Feature","geometry":{"type":"Point","coordinates":[-122.47671237999998,37.721525799999995]},"properties":{"id":338698278,"category":"park","name":null,"area":41}},{"type":"Feature","geometry":{"type":"Point","coordinates":[-122.47548302857142,37.72214239285715]},"properties":{"id":338698280,"category":"park","name":null,"area":8}},{"type":"Feature","geometry":{"type":"Point","coordinates":[-122.48094024705883,37.72552982941176]},"properties":{"id":338698282,"category":"park","name":null,"area":66}},{"type":"Feature","geometry":{"type":"Point","coordinates":[-122.47700273125001,37.7216339375]},"properties":{"id":338698295,"category":"park","name":null,"area":77}},{"type":"Feature","geometry":{"type":"Point","coordinates":[-122.48278044761905,37.723548923809524]},"properties":{"id":338698296,"category":"park","name":null,"area":72}},{"type":"Feature","geometry":{"type":"Point","coordinates":[-122.48483332142857,37.72154565714285]},"properties":{"id":338698298,"category":"park","name":null,"area":9}},{"type":"Feature","geometry":{"type":"Point","coordinates":[-122.47925657826089,37.72046105217392]},"properties":{"id":338698300,"category":"park","name":null,"area":21}},{"type":"Feature","geometry":{"type":"Point","coordinates":[-122.47664098095237,37.724478633333334]},"properties":{"id":338698301,"category":"park","name":null,"area":78}},{"type":"Feature","geometry":{"type":"Point","coordinates":[-122.47669044285713,37.7255447]},"properties":{"id":338698302,"category":"park","name":null,"area":49}},{"type":"Feature","geometry":{"type":"Point","coordinates":[-122.47846603809525,37.723120195238096]},"properties":{"id":338698303,"category":"park","name":null,"area":105}},{"type":"Feature","geometry":{"type":"Point","coordinates":[-122.47538427500001,37.72536490625]},"properties":{"id":338698304,"category":"park","name":null,"area":35}},{"type":"Feature","geometry":{"type":"Point","coordinates":[-122.4788709,37.725559875]},"properties":{"id":338698305,"category":"park","name":null,"area":4}},{"type":"Feature","geometry":{"type":"Point","coordinates":[-122.48243339999999,37.72052195]},"properties":{"id":338698306,"category":"park","name":null,"area":6}},{"type":"Feature","geometry":{"type":"Point","coordinates":[-122.48057405,37.72068695]},"properties":{"id":338698308,"category":"park","name":null,"area":4}},{"type":"Feature","geometry":{"type":"Point","coordinates":[-122.47585029999999,37.7252997]},"properties":{"id":338698309,"category":"park","name":null,"area":1}},{"type":"Feature","geometry":{"type":"Point","coordinates":[-122.47925500000001,37.726817]},"properties":{"id":338698312,"category":"park","name":null,"area":0}},{"type":"Feature","geometry":{"type":"Point","coordinates":[-122.4798267,37.72612745000001]},"properties":{"id":338698313,"category":"park","name":null,"area":7}},{"type":"Feature","geometry":{"type":"Point","coordinates":[-122.48177695,37.723164575]},"properties":{"id":338698315,"category":"park","name":null,"area":6}},{"type":"Feature","geometry":{"type":"Point","coordinates":[-122.48207450000001,37.72121655]},"properties":{"id":338698316,"category":"park","name":null,"area":2}},{"type":"Feature","geometry":{"type":"Point","coordinates":[-122.47786502500001,37.72584055]},"properties":{"id":338698319,"category":"park","name":null,"area":1}},{"type":"Feature","geometry":{"type":"Point","coordinates":[-122.48238365,37.721062974999995]},"properties":{"id":338698320,"category":"park","name":null,"area":4}},{"type":"Feature","geometry":{"type":"Point","coordinates":[-122.47878045,37.720637475000004]},"properties":{"id":338698321,"category":"park","name":null,"area":2}},{"type":"Feature","geometry":{"type":"Point","coordinates":[-122.47542785,37.72542795]},"properties":{"id":338698327,"category":"park","name":null,"area":1}},{"type":"Feature","geometry":{"type":"Point","coordinates":[-122.48243177500001,37.720601025]},"properties":{"id":338698328,"category":"park","name":null,"area":2}},{"type":"Feature","geometry":{"type":"Point","coordinates":[-122.4825551,37.721387225]},"properties":{"id":338698329,"category":"park","name":null,"area":2}},{"type":"Feature","geometry":{"type":"Point","coordinates":[-122.477808575,37.72572115]},"properties":{"id":338698330,"category":"park","name":null,"area":0}},{"type":"Feature","geometry":{"type":"Point","coordinates":[-122.4827793,37.720702625]},"properties":{"id":338698331,"category":"park","name":null,"area":1}},{"type":"Feature","geometry":{"type":"Point","coordinates":[-122.47821065,37.72031045]},"properties":{"id":338698334,"category":"park","name":null,"area":2}},{"type":"Feature","geometry":{"type":"Point","coordinates":[-122.4844723,37.721356424999996]},"properties":{"id":338698335,"category":"park","name":null,"area":3}},{"type":"Feature","geometry":{"type":"Point","coordinates":[-122.478853775,37.725811750000005]},"properties":{"id":338698336,"category":"park","name":null,"area":0}},{"type":"Feature","geometry":{"type":"Point","coordinates":[-122.4795804,37.7281611]},"properties":{"id":338698337,"category":"park","name":null,"area":5}},{"type":"Feature","geometry":{"type":"Point","coordinates":[-122.47837835000001,37.725753075]},"properties":{"id":338698338,"category":"park","name":null,"area":1}},{"type":"Feature","geometry":{"type":"Point","coordinates":[-122.47765399999999,37.720996325]},"properties":{"id":338698339,"category":"park","name":null,"area":28}},{"type":"Feature","geometry":{"type":"Point","coordinates":[-122.48183665,37.720602275000005]},"properties":{"id":338698342,"category":"park","name":null,"area":2}},{"type":"Feature","geometry":{"type":"Point","coordinates":[-122.47956447499999,37.720169825]},"properties":{"id":338698343,"category":"park","name":null,"area":2}},{"type":"Feature","geometry":{"type":"Point","coordinates":[-122.47590405,37.72531445]},"properties":{"id":338698344,"category":"park","name":null,"area":0}},{"type":"Feature","geometry":{"type":"Point","coordinates":[-122.48167125,37.72319435]},"properties":{"id":338698345,"category":"park","name":null,"area":6}},{"type":"Feature","geometry":{"type":"Point","coordinates":[-122.477212475,37.721374774999994]},"properties":{"id":338698346,"category":"park","name":null,"area":1}},{"type":"Feature","geometry":{"type":"Point","coordinates":[-122.479144575,37.727602325]},"properties":{"id":338698347,"category":"park","name":null,"area":1}},{"type":"Feature","geometry":{"type":"Point","coordinates":[-122.48165005,37.723245750000004]},"properties":{"id":338698348,"category":"park","name":null,"area":6}},{"type":"Feature","geometry":{"type":"Point","coordinates":[-122.48002385,37.723786399999995]},"properties":{"id":338698349,"category":"park","name":null,"area":9}},{"type":"Feature","geometry":{"type":"Point","coordinates":[-122.47681725,37.72095375]},"properties":{"id":338698350,"category":"park","name":null,"area":1}},{"type":"Feature","geometry":{"type":"Point","coordinates":[-122.4784553,37.720523475]},"properties":{"id":338698354,"category":"park","name":null,"area":3}},{"type":"Feature","geometry":{"type":"Point","coordinates":[-122.48259445,37.721178775000006]},"properties":{"id":338698357,"category":"park","name":null,"area":2}},{"type":"Feature","geometry":{"type":"Point","coordinates":[-122.481143,37.722189075]},"properties":{"id":338698358,"category":"park","name":null,"area":3}},{"type":"Feature","geometry":{"type":"Point","coordinates":[-122.48220967500001,37.72302855]},"properties":{"id":338698359,"category":"park","name":null,"area":8}},{"type":"Feature","geometry":{"type":"Point","coordinates":[-122.47963472500001,37.7291058]},"properties":{"id":338698360,"category":"park","name":null,"area":0}},{"type":"Feature","geometry":{"type":"Point","coordinates":[-122.48326524999999,37.724351425]},"properties":{"id":338698361,"category":"park","name":null,"area":2}},{"type":"Feature","geometry":{"type":"Point","coordinates":[-122.479082775,37.722088049999996]},"properties":{"id":338698362,"category":"park","name":null,"area":5}},{"type":"Feature","geometry":{"type":"Point","coordinates":[-122.47787665,37.72037695]},"properties":{"id":338698363,"category":"park","name":null,"area":0}},{"type":"Feature","geometry":{"type":"Point","coordinates":[-122.47642210000001,37.7219006]},"properties":{"id":338698364,"category":"park","name":null,"area":11}},{"type":"Feature","geometry":{"type":"Point","coordinates":[-122.482745475,37.720945825]},"properties":{"id":338698366,"category":"park","name":null,"area":2}},{"type":"Feature","geometry":{"type":"Point","coordinates":[-122.47789635000001,37.720300075000004]},"properties":{"id":338698368,"category":"park","name":null,"area":2}},{"type":"Feature","geometry":{"type":"Point","coordinates":[-122.48262045,37.72064415]},"properties":{"id":338698369,"category":"park","name":null,"area":4}},{"type":"Feature","geometry":{"type":"Point","coordinates":[-122.4765923,37.725470775000005]},"properties":{"id":338698370,"category":"park","name":null,"area":0}},{"type":"Feature","geometry":{"type":"Point","coordinates":[-122.47905924999999,37.728916075]},"properties":{"id":338698372,"category":"park","name":null,"area":1}},{"type":"Feature","geometry":{"type":"Point","coordinates":[-122.4797356,37.720211675]},"properties":{"id":338698374,"category":"park","name":null,"area":6}},{"type":"Feature","geometry":{"type":"Point","coordinates":[-122.48318179999998,37.72332455]},"properties":{"id":338698375,"category":"park","name":null,"area":2}},{"type":"Feature","geometry":{"type":"Point","coordinates":[-122.47913415,37.726724625]},"properties":{"id":338698376,"category":"park","name":null,"area":1}},{"type":"Feature","geometry":{"type":"Point","coordinates":[-122.47893005,37.72867062500001]},"properties":{"id":338698377,"category":"park","name":null,"area":0}},{"type":"Feature","geometry":{"type":"Point","coordinates":[-122.47664005,37.723673675]},"properties":{"id":338698378,"category":"park","name":null,"area":1}},{"type":"Feature","geometry":{"type":"Point","coordinates":[-122.482744825,37.720612]},"properties":{"id":338698379,"category":"park","name":null,"area":2}},{"type":"Feature","geometry":{"type":"Point","coordinates":[-122.47970320000002,37.72184455]},"properties":{"id":338698380,"category":"park","name":null,"area":1}},{"type":"Feature","geometry":{"type":"Point","coordinates":[-122.47948419999999,37.72871405]},"properties":{"id":338698382,"category":"park","name":null,"area":0}},{"type":"Feature","geometry":{"type":"Point","coordinates":[-122.47837735,37.725781825]},"properties":{"id":338698383,"category":"park","name":null,"area":1}},{"type":"Feature","geometry":{"type":"Point","coordinates":[-122.47751090000001,37.720541675]},"properties":{"id":338698384,"category":"park","name":null,"area":2}},{"type":"Feature","geometry":{"type":"Point","coordinates":[-122.48165134999999,37.720742525]},"properties":{"id":338698385,"category":"park","name":null,"area":5}},{"type":"Feature","geometry":{"type":"Point","coordinates":[-122.47954595,37.720126725]},"properties":{"id":338698386,"category":"park","name":null,"area":2}},{"type":"Feature","geometry":{"type":"Point","coordinates":[-122.482396625,37.721032825]},"properties":{"id":338698387,"category":"park","name":null,"area":6}},{"type":"Feature","geometry":{"type":"Point","coordinates":[-122.48252455,37.721093075]},"properties":{"id":338698388,"category":"park","name":null,"area":4}},{"type":"Feature","geometry":{"type":"Point","coordinates":[-122.48260859999999,37.72372785]},"properties":{"id":338698389,"category":"park","name":null,"area":9}},{"type":"Feature","geometry":{"type":"Point","coordinates":[-122.47913266666667,37.728111733333336]},"properties":{"id":338698392,"category":"park","name":null,"area":0}},{"type":"Feature","geometry":{"type":"Point","coordinates":[-122.4773126,37.720349125]},"properties":{"id":338698394,"category":"park","name":null,"area":1}},{"type":"Feature","geometry":{"type":"Point","coordinates":[-122.48169245,37.723142925000005]},"properties":{"id":338698395,"category":"park","name":null,"area":6}},{"type":"Feature","geometry":{"type":"Point","coordinates":[-122.48260405,37.720953375]},"properties":{"id":338698401,"category":"park","name":null,"area":5}},{"type":"Feature","geometry":{"type":"Point","coordinates":[-122.4798833,37.727430549999994]},"properties":{"id":338698403,"category":"park","name":null,"area":0}},{"type":"Feature","geometry":{"type":"Point","coordinates":[-122.48129055000001,37.722193025]},"properties":{"id":338698405,"category":"park","name":null,"area":3}},{"type":"Feature","geometry":{"type":"Point","coordinates":[-122.48025645,37.7203825]},"properties":{"id":338698406,"category":"park","name":null,"area":1}},{"type":"Feature","geometry":{"type":"Point","coordinates":[-122.47858099999999,37.725654025]},"properties":{"id":338698407,"category":"park","name":null,"area":1}},{"type":"Feature","geometry":{"type":"Point","coordinates":[-122.47908869999999,37.722063549999994]},"properties":{"id":338698408,"category":"park","name":null,"area":3}},{"type":"Feature","geometry":{"type":"Point","coordinates":[-122.48389457500001,37.72434775]},"properties":{"id":338698409,"category":"park","name":null,"area":1}},{"type":"Feature","geometry":{"type":"Point","coordinates":[-122.484007425,37.72152255]},"properties":{"id":338698410,"category":"park","name":null,"area":1}},{"type":"Feature","geometry":{"type":"Point","coordinates":[-122.482618775,37.72088345]},"properties":{"id":338698411,"category":"park","name":null,"area":2}},{"type":"Feature","geometry":{"type":"Point","coordinates":[-122.477100675,37.7257263]},"properties":{"id":338698412,"category":"park","name":null,"area":0}},{"type":"Feature","geometry":{"type":"Point","coordinates":[-122.4770321,37.723616025]},"properties":{"id":338698413,"category":"park","name":null,"area":6}},{"type":"Feature","geometry":{"type":"Point","coordinates":[-122.479031825,37.728874149999996]},"properties":{"id":338698415,"category":"park","name":null,"area":1}},{"type":"Feature","geometry":{"type":"Point","coordinates":[-122.47790319999999,37.720332275]},"properties":{"id":338698417,"category":"park","name":null,"area":2}},{"type":"Feature","geometry":{"type":"Point","coordinates":[-122.477452575,37.720713325]},"properties":{"id":338698418,"category":"park","name":null,"area":1}},{"type":"Feature","geometry":{"type":"Point","coordinates":[-122.48281135,37.72068435]},"properties":{"id":338698420,"category":"park","name":null,"area":2}},{"type":"Feature","geometry":{"type":"Point","coordinates":[-122.47880732499999,37.720621875]},"properties":{"id":338698421,"category":"park","name":null,"area":2}},{"type":"Feature","geometry":{"type":"Point","coordinates":[-122.479488175,37.720527775]},"properties":{"id":338698422,"category":"park","name":null,"area":1}},{"type":"Feature","geometry":{"type":"Point","coordinates":[-122.47644152500001,37.725069825]},"properties":{"id":338698423,"category":"park","name":null,"area":0}},{"type":"Feature","geometry":{"type":"Point","coordinates":[-122.476844925,37.720967449999996]},"properties":{"id":338698426,"category":"park","name":null,"area":2}},{"type":"Feature","geometry":{"type":"Point","coordinates":[-122.48278164999999,37.720533925]},"properties":{"id":338698427,"category":"park","name":null,"area":4}},{"type":"Feature","geometry":{"type":"Point","coordinates":[-122.482555175,37.7210762]},"properties":{"id":338698428,"category":"park","name":null,"area":4}},{"type":"Feature","geometry":{"type":"Point","coordinates":[-122.478126025,37.72050885]},"properties":{"id":338698429,"category":"park","name":null,"area":3}},{"type":"Feature","geometry":{"type":"Point","coordinates":[-122.480324775,37.722944175]},"properties":{"id":338698431,"category":"park","name":null,"area":8}},{"type":"Feature","geometry":{"type":"Point","coordinates":[-122.47791855,37.720479575]},"properties":{"id":338698432,"category":"park","name":null,"area":4}},{"type":"Feature","geometry":{"type":"Point","coordinates":[-122.482298325,37.721403075]},"properties":{"id":338698434,"category":"park","name":null,"area":2}},{"type":"Feature","geometry":{"type":"Point","coordinates":[-122.479264825,37.7207817]},"properties":{"id":338698438,"category":"park","name":null,"area":1}},{"type":"Feature","geometry":{"type":"Point","coordinates":[-122.4805561,37.720718025]},"properties":{"id":338698440,"category":"park","name":null,"area":4}},{"type":"Feature","geometry":{"type":"Point","coordinates":[-122.47876415000002,37.725745950000004]},"properties":{"id":338698443,"category":"park","name":null,"area":0}},{"type":"Feature","geometry":{"type":"Point","coordinates":[-122.47936282500001,37.720193775]},"properties":{"id":338698444,"category":"park","name":null,"area":4}},{"type":"Feature","geometry":{"type":"Point","coordinates":[-122.48239124999999,37.721382725000005]},"properties":{"id":338698446,"category":"park","name":null,"area":2}},{"type":"Feature","geometry":{"type":"Point","coordinates":[-122.47845275,37.720571525000004]},"properties":{"id":338698448,"category":"park","name":null,"area":4}},{"type":"Feature","geometry":{"type":"Point","coordinates":[-122.47855190000001,37.720577175]},"properties":{"id":338698451,"category":"park","name":null,"area":6}},{"type":"Feature","geometry":{"type":"Point","coordinates":[-122.48280375,37.720873275]},"properties":{"id":338698452,"category":"park","name":null,"area":2}},{"type":"Feature","geometry":{"type":"Point","coordinates":[-122.478807775,37.7206131]},"properties":{"id":338698454,"category":"park","name":null,"area":2}},{"type":"Feature","geometry":{"type":"Point","coordinates":[-122.475520375,37.725517974999995]},"properties":{"id":338698456,"category":"park","name":null,"area":1}},{"type":"Feature","geometry":{"type":"Point","coordinates":[-122.4818258,37.720678449999994]},"properties":{"id":338698458,"category":"park","name":null,"area":5}},{"type":"Feature","geometry":{"type":"Point","coordinates":[-122.48256135,37.721263125]},"properties":{"id":338698459,"category":"park","name":null,"area":2}},{"type":"Feature","geometry":{"type":"Point","coordinates":[-122.48243372499999,37.720633325]},"properties":{"id":338698460,"category":"park","name":null,"area":3}},{"type":"Feature","geometry":{"type":"Point","coordinates":[-122.4826234,37.723709775]},"properties":{"id":338698462,"category":"park","name":null,"area":10}},{"type":"Feature","geometry":{"type":"Point","coordinates":[-122.475665225,37.724851075000004]},"properties":{"id":338698463,"category":"park","name":null,"area":0}},{"type":"Feature","geometry":{"type":"Point","coordinates":[-122.476868,37.72562177499999]},"properties":{"id":338698465,"category":"park","name":null,"area":1}},{"type":"Feature","geometry":{"type":"Point","coordinates":[-122.48246515,37.720918875]},"properties":{"id":338698467,"category":"park","name":null,"area":7}},{"type":"Feature","geometry":{"type":"Point","coordinates":[-122.47826215,37.720331075]},"properties":{"id":338698471,"category":"park","name":null,"area":1}},{"type":"Feature","geometry":{"type":"Point","coordinates":[-122.484545075,37.721358800000004]},"properties":{"id":338698472,"category":"park","name":null,"area":3}},{"type":"Feature","geometry":{"type":"Point","coordinates":[-122.47901446666667,37.726108366666665]},"properties":{"id":338698473,"category":"park","name":null,"area":0}},{"type":"Feature","geometry":{"type":"Point","coordinates":[-122.47916340555554,37.72031828888888]},"properties":{"id":338698474,"category":"park","name":null,"area":34}},{"type":"Feature","geometry":{"type":"Point","coordinates":[-122.48291891428572,37.723045649999996]},"properties":{"id":338698476,"category":"park","name":null,"area":57}},{"type":"Feature","geometry":{"type":"Point","coordinates":[-122.47939619285714,37.721100235714296]},"properties":{"id":338698478,"category":"park","name":null,"area":145}},{"type":"Feature","geometry":{"type":"Point","coordinates":[-122.48403583571431,37.72456398571429]},"properties":{"id":338698479,"category":"park","name":null,"area":102}},{"type":"Feature","geometry":{"type":"Point","coordinates":[-122.47750218888889,37.72124257777778]},"properties":{"id":338698485,"category":"park","name":null,"area":58}},{"type":"Feature","geometry":{"type":"Point","coordinates":[-122.4792878722222,37.720098577777776]},"properties":{"id":338698488,"category":"park","name":null,"area":35}},{"type":"Feature","geometry":{"type":"Point","coordinates":[-122.48340630434782,37.724193339130444]},"properties":{"id":338698491,"category":"park","name":null,"area":93}},{"type":"Feature","geometry":{"type":"Point","coordinates":[-122.48273615357142,37.72120605357143]},"properties":{"id":338698496,"category":"park","name":null,"area":37}},{"type":"Feature","geometry":{"type":"Point","coordinates":[-122.47767276923076,37.72232480769231]},"properties":{"id":338698500,"category":"park","name":null,"area":24}},{"type":"Feature","geometry":{"type":"Point","coordinates":[-122.47902828529408,37.72300198235294]},"properties":{"id":338698509,"category":"park","name":null,"area":56}},{"type":"Feature","geometry":{"type":"Point","coordinates":[-122.47688779230769,37.72199776923077]},"properties":{"id":338698512,"category":"park","name":null,"area":31}},{"type":"Feature","geometry":{"type":"Point","coordinates":[-122.48329412727274,37.723514922727276]},"properties":{"id":338698517,"category":"park","name":null,"area":128}},{"type":"Feature","geometry":{"type":"Point","coordinates":[-122.47652501428571,37.721784976190484]},"properties":{"id":338698520,"category":"park","name":null,"area":345}},{"type":"Feature","geometry":{"type":"Point","coordinates":[-122.48140488749999,37.7229207875]},"properties":{"id":338698522,"category":"park","name":null,"area":9}},{"type":"Feature","geometry":{"type":"Point","coordinates":[-122.4767378846154,37.72569986153846]},"properties":{"id":338698523,"category":"park","name":null,"area":39}},{"type":"Feature","geometry":{"type":"Point","coordinates":[-122.47941100454547,37.723095345454546]},"properties":{"id":338698524,"category":"park","name":null,"area":34}},{"type":"Feature","geometry":{"type":"Point","coordinates":[-122.47915083214286,37.72247290714286]},"properties":{"id":338698526,"category":"park","name":"Garden of Remembrance","area":262}},{"type":"Feature","geometry":{"type":"Point","coordinates":[-122.48369318695653,37.72447156086957]},"properties":{"id":338698527,"category":"park","name":null,"area":287}},{"type":"Feature","geometry":{"type":"Point","coordinates":[-122.48241972941177,37.720794688235294]},"properties":{"id":338698528,"category":"park","name":null,"area":20}},{"type":"Feature","geometry":{"type":"Point","coordinates":[-122.48378157999998,37.721499275000006]},"properties":{"id":338698529,"category":"park","name":null,"area":32}},{"type":"Feature","geometry":{"type":"Point","coordinates":[-122.48165755833334,37.723190775]},"properties":{"id":338698530,"category":"park","name":null,"area":26}},{"type":"Feature","geometry":{"type":"Point","coordinates":[-122.48147508400005,37.72390682800001]},"properties":{"id":338698533,"category":"park","name":null,"area":903}},{"type":"Feature","geometry":{"type":"Point","coordinates":[-122.479763265,37.72259706500001]},"properties":{"id":338698535,"category":"park","name":null,"area":212}},{"type":"Feature","geometry":{"type":"Point","coordinates":[-122.47647983529411,37.721540976470585]},"properties":{"id":338698536,"category":"park","name":null,"area":86}},{"type":"Feature","geometry":{"type":"Point","coordinates":[-122.48249621764704,37.72063675882353]},"properties":{"id":338698537,"category":"park","name":null,"area":24}},{"type":"Feature","geometry":{"type":"Point","coordinates":[-122.48058915454544,37.72208216666666]},"properties":{"id":338698538,"category":"park","name":null,"area":179}},{"type":"Feature","geometry":{"type":"Point","coordinates":[-122.47710693125,37.72332585000001]},"properties":{"id":338698543,"category":"park","name":null,"area":107}},{"type":"Feature","geometry":{"type":"Point","coordinates":[-122.48297707931036,37.72720044137931]},"properties":{"id":338698554,"category":"park","name":null,"area":1152}},{"type":"Feature","geometry":{"type":"Point","coordinates":[-122.47722465,37.72346585]},"properties":{"id":338698556,"category":"park","name":null,"area":145}},{"type":"Feature","geometry":{"type":"Point","coordinates":[-122.47701445200002,37.72415092399999]},"properties":{"id":338698557,"category":"park","name":null,"area":326}},{"type":"Feature","geometry":{"type":"Point","coordinates":[-122.4769791875,37.72271940625]},"properties":{"id":338698558,"category":"park","name":null,"area":23}},{"type":"Feature","geometry":{"type":"Point","coordinates":[-122.48054713448276,37.722969962068966]},"properties":{"id":338698559,"category":"park","name":null,"area":185}},{"type":"Feature","geometry":{"type":"Point","coordinates":[-122.47880390000002,37.72563903333334]},"properties":{"id":338698561,"category":"park","name":null,"area":68}},{"type":"Feature","geometry":{"type":"Point","coordinates":[-122.47606885,37.725078450000005]},"properties":{"id":338698562,"category":"park","name":null,"area":1}},{"type":"Feature","geometry":{"type":"Point","coordinates":[-122.482349025,37.72103320000001]},"properties":{"id":338698563,"category":"park","name":null,"area":1}},{"type":"Feature","geometry":{"type":"Point","coordinates":[-122.48182440000001,37.720601900000005]},"properties":{"id":338698565,"category":"park","name":null,"area":2}},{"type":"Feature","geometry":{"type":"Point","coordinates":[-122.4785909,37.72036505]},"properties":{"id":338698566,"category":"park","name":null,"area":2}},{"type":"Feature","geometry":{"type":"Point","coordinates":[-122.48440232,37.72135248]},"properties":{"id":338698567,"category":"park","name":null,"area":5}},{"type":"Feature","geometry":{"type":"Point","coordinates":[-122.477224675,37.721346000000004]},"properties":{"id":338698568,"category":"park","name":null,"area":2}},{"type":"Feature","geometry":{"type":"Point","coordinates":[-122.47932832500001,37.720714150000006]},"properties":{"id":338698569,"category":"park","name":null,"area":0}},{"type":"Feature","geometry":{"type":"Point","coordinates":[-122.48272745,37.724013625]},"properties":{"id":338698570,"category":"park","name":null,"area":4}},{"type":"Feature","geometry":{"type":"Point","coordinates":[-122.47547870000001,37.725457425]},"properties":{"id":338698571,"category":"park","name":null,"area":1}},{"type":"Feature","geometry":{"type":"Point","coordinates":[-122.47758033999999,37.7256174]},"properties":{"id":338698572,"category":"park","name":null,"area":1}},{"type":"Feature","geometry":{"type":"Point","coordinates":[-122.47859945,37.7203351]},"properties":{"id":338698573,"category":"park","name":null,"area":2}},{"type":"Feature","geometry":{"type":"Point","coordinates":[-122.4812306,37.72567274]},"properties":{"id":338698575,"category":"park","name":null,"area":3}},{"type":"Feature","geometry":{"type":"Point","coordinates":[-122.47731100000001,37.720294640000006]},"properties":{"id":338698576,"category":"park","name":null,"area":3}},{"type":"Feature","geometry":{"type":"Point","coordinates":[-122.47950102499999,37.7202245]},"properties":{"id":338698578,"category":"park","name":null,"area":4}},{"type":"Feature","geometry":{"type":"Point","coordinates":[-122.479248325,37.726537925]},"properties":{"id":338698579,"category":"park","name":null,"area":4}},{"type":"Feature","geometry":{"type":"Point","coordinates":[-122.479316775,37.72911025]},"properties":{"id":338698580,"category":"park","name":null,"area":1}},{"type":"Feature","geometry":{"type":"Point","coordinates":[-122.47879479999999,37.72024232]},"properties":{"id":338698587,"category":"park","name":null,"area":1}},{"type":"Feature","geometry":{"type":"Point","coordinates":[-122.48173158,37.723267820000004]},"properties":{"id":338698588,"category":"park","name":null,"area":6}},{"type":"Feature","geometry":{"type":"Point","coordinates":[-122.47929607500001,37.72907855]},"properties":{"id":338698593,"category":"park","name":null,"area":1}},{"type":"Feature","geometry":{"type":"Point","coordinates":[-122.475893125,37.72032225]},"properties":{"id":338698596,"category":"park","name":null,"area":29}},{"type":"Feature","geometry":{"type":"Point","coordinates":[-122.47912095000001,37.727570400000005]},"properties":{"id":338698603,"category":"park","name":null,"area":1}},{"type":"Feature","geometry":{"type":"Point","coordinates":[-122.476267925,37.7249712]},"properties":{"id":338698604,"category":"park","name":null,"area":0}},{"type":"Feature","geometry":{"type":"Point","coordinates":[-122.4776122,37.720409599999996]},"properties":{"id":338698605,"category":"park","name":null,"area":3}},{"type":"Feature","geometry":{"type":"Point","coordinates":[-122.47724145,37.720565725]},"properties":{"id":338698606,"category":"park","name":null,"area":2}},{"type":"Feature","geometry":{"type":"Point","coordinates":[-122.47725290000001,37.720346899999996]},"properties":{"id":338698608,"category":"park","name":null,"area":2}},{"type":"Feature","geometry":{"type":"Point","coordinates":[-122.47726865,37.720707075]},"properties":{"id":338698609,"category":"park","name":null,"area":1}},{"type":"Feature","geometry":{"type":"Point","coordinates":[-122.47760864000001,37.7204904]},"properties":{"id":338698610,"category":"park","name":null,"area":3}},{"type":"Feature","geometry":{"type":"Point","coordinates":[-122.47964215000002,37.720254374999996]},"properties":{"id":338698611,"category":"park","name":null,"area":4}},{"type":"Feature","geometry":{"type":"Point","coordinates":[-122.47742462500001,37.72572795]},"properties":{"id":338698612,"category":"park","name":null,"area":1}},{"type":"Feature","geometry":{"type":"Point","coordinates":[-122.47953575,37.7291785]},"properties":{"id":338698614,"category":"park","name":null,"area":1}},{"type":"Feature","geometry":{"type":"Point","coordinates":[-122.47859557499999,37.720762225]},"properties":{"id":338698615,"category":"park","name":null,"area":2}},{"type":"Feature","geometry":{"type":"Point","coordinates":[-122.479000625,37.727373150000005]},"properties":{"id":338698617,"category":"park","name":null,"area":7}},{"type":"Feature","geometry":{"type":"Point","coordinates":[-122.48117582,37.72295548]},"properties":{"id":338698618,"category":"park","name":null,"area":6}},{"type":"Feature","geometry":{"type":"Point","coordinates":[-122.4802138,37.722724766666666]},"properties":{"id":338698619,"category":"park","name":null,"area":0}},{"type":"Feature","geometry":{"type":"Point","coordinates":[-122.479089475,37.72572935]},"properties":{"id":338698620,"category":"park","name":null,"area":7}},{"type":"Feature","geometry":{"type":"Point","coordinates":[-122.4794974,37.72919435]},"properties":{"id":338698621,"category":"park","name":null,"area":1}},{"type":"Feature","geometry":{"type":"Point","coordinates":[-122.48426514,37.7214967]},"properties":{"id":338698622,"category":"park","name":null,"area":3}},{"type":"Feature","geometry":{"type":"Point","coordinates":[-122.479215375,37.72742475]},"properties":{"id":338698623,"category":"park","name":null,"area":1}},{"type":"Feature","geometry":{"type":"Point","coordinates":[-122.47725654999999,37.72029405000001]},"properties":{"id":338698624,"category":"park","name":null,"area":1}},{"type":"Feature","geometry":{"type":"Point","coordinates":[-122.47860220000001,37.720245675]},"properties":{"id":338698625,"category":"park","name":null,"area":5}},{"type":"Feature","geometry":{"type":"Point","coordinates":[-122.482232125,37.723958975]},"properties":{"id":338698626,"category":"park","name":null,"area":6}},{"type":"Feature","geometry":{"type":"Point","coordinates":[-122.479555425,37.727491675]},"properties":{"id":338698627,"category":"park","name":null,"area":1}},{"type":"Feature","geometry":{"type":"Point","coordinates":[-122.479045275,37.72683789999999]},"properties":{"id":338698628,"category":"park","name":null,"area":7}},{"type":"Feature","geometry":{"type":"Point","coordinates":[-122.481368625,37.725748825]},"properties":{"id":338698629,"category":"park","name":null,"area":3}},{"type":"Feature","geometry":{"type":"Point","coordinates":[-122.479570125,37.72829419999999]},"properties":{"id":338698631,"category":"park","name":null,"area":5}},{"type":"Feature","geometry":{"type":"Point","coordinates":[-122.47729100000001,37.720636049999996]},"properties":{"id":338698632,"category":"park","name":null,"area":2}},{"type":"Feature","geometry":{"type":"Point","coordinates":[-122.47861132,37.72313046]},"properties":{"id":338698634,"category":"park","name":null,"area":0}},{"type":"Feature","geometry":{"type":"Point","coordinates":[-122.47849685,37.720748825]},"properties":{"id":338698635,"category":"park","name":null,"area":5}},{"type":"Feature","geometry":{"type":"Point","coordinates":[-122.4758437,37.72529356]},"properties":{"id":338698636,"category":"park","name":null,"area":3}},{"type":"Feature","geometry":{"type":"Point","coordinates":[-122.48147435,37.720729524999996]},"properties":{"id":338698639,"category":"park","name":null,"area":5}},{"type":"Feature","geometry":{"type":"Point","coordinates":[-122.47623345,37.7222788]},"properties":{"id":338698640,"category":"park","name":null,"area":66}},{"type":"Feature","geometry":{"type":"Point","coordinates":[-122.47815774,37.72049016]},"properties":{"id":338698642,"category":"park","name":null,"area":4}},{"type":"Feature","geometry":{"type":"Point","coordinates":[-122.479785225,37.721039775]},"properties":{"id":338698643,"category":"park","name":null,"area":8}},{"type":"Feature","geometry":{"type":"Point","coordinates":[-122.475337775,37.723533875]},"properties":{"id":338698644,"category":"park","name":null,"area":4}},{"type":"Feature","geometry":{"type":"Point","coordinates":[-122.48062665,37.726882749999994]},"properties":{"id":338698648,"category":"park","name":null,"area":3}},{"type":"Feature","geometry":{"type":"Point","coordinates":[-122.47863232,37.720506740000005]},"properties":{"id":338698651,"category":"park","name":null,"area":24}},{"type":"Feature","geometry":{"type":"Point","coordinates":[-122.478412725,37.724079474999996]},"properties":{"id":338698652,"category":"park","name":null,"area":4}},{"type":"Feature","geometry":{"type":"Point","coordinates":[-122.47787875,37.72022115]},"properties":{"id":338698654,"category":"park","name":null,"area":4}},{"type":"Feature","geometry":{"type":"Point","coordinates":[-122.47655741999999,37.72092516]},"properties":{"id":338698656,"category":"park","name":null,"area":3}},{"type":"Feature","geometry":{"type":"Point","coordinates":[-122.48228773999999,37.720518919999996]},"properties":{"id":338698657,"category":"park","name":null,"area":7}},{"type":"Feature","geometry":{"type":"Point","coordinates":[-122.4795411,37.720434075]},"properties":{"id":338698659,"category":"park","name":null,"area":4}},{"type":"Feature","geometry":{"type":"Point","coordinates":[-122.477605325,37.7205406]},"properties":{"id":338698661,"category":"park","name":null,"area":4}},{"type":"Feature","geometry":{"type":"Point","coordinates":[-122.47976878,37.72027174]},"properties":{"id":338698662,"category":"park","name":null,"area":1}},{"type":"Feature","geometry":{"type":"Point","coordinates":[-122.476913725,37.725622425]},"properties":{"id":338698663,"category":"park","name":null,"area":1}},{"type":"Feature","geometry":{"type":"Point","coordinates":[-122.47864124,37.7206345]},"properties":{"id":338698664,"category":"park","name":null,"area":3}},{"type":"Feature","geometry":{"type":"Point","coordinates":[-122.4795853,37.720792475]},"properties":{"id":338698666,"category":"park","name":null,"area":2}},{"type":"Feature","geometry":{"type":"Point","coordinates":[-122.4848817,37.7216681]},"properties":{"id":338698667,"category":"park","name":null,"area":3}},{"type":"Feature","geometry":{"type":"Point","coordinates":[-122.47942695,37.727418825]},"properties":{"id":338698669,"category":"park","name":null,"area":0}},{"type":"Feature","geometry":{"type":"Point","coordinates":[-122.4794019,37.720686549999996]},"properties":{"id":338698670,"category":"park","name":null,"area":6}},{"type":"Feature","geometry":{"type":"Point","coordinates":[-122.47962224999999,37.7289041]},"properties":{"id":338698672,"category":"park","name":null,"area":1}},{"type":"Feature","geometry":{"type":"Point","coordinates":[-122.4792722,37.723965225]},"properties":{"id":338698673,"category":"park","name":null,"area":1}},{"type":"Feature","geometry":{"type":"Point","coordinates":[-122.48383077999999,37.72403144]},"properties":{"id":338698674,"category":"park","name":null,"area":1}},{"type":"Feature","geometry":{"type":"Point","coordinates":[-122.47987955,37.726964175]},"properties":{"id":338698675,"category":"park","name":null,"area":0}},{"type":"Feature","geometry":{"type":"Point","coordinates":[-122.47939260000001,37.727417775]},"properties":{"id":338698676,"category":"park","name":null,"area":1}},{"type":"Feature","geometry":{"type":"Point","coordinates":[-122.4782104,37.7259999]},"properties":{"id":338698678,"category":"park","name":null,"area":0}},{"type":"Feature","geometry":{"type":"Point","coordinates":[-122.479301375,37.7203028]},"properties":{"id":338698679,"category":"park","name":null,"area":4}},{"type":"Feature","geometry":{"type":"Point","coordinates":[-122.47879064000001,37.72574044]},"properties":{"id":338698680,"category":"park","name":null,"area":0}},{"type":"Feature","geometry":{"type":"Point","coordinates":[-122.47942495,37.720136775]},"properties":{"id":338698682,"category":"park","name":null,"area":2}},{"type":"Feature","geometry":{"type":"Point","coordinates":[-122.4795434,37.720512125]},"properties":{"id":338698685,"category":"park","name":null,"area":3}},{"type":"Feature","geometry":{"type":"Point","coordinates":[-122.4811152,37.72344615]},"properties":{"id":338698686,"category":"park","name":null,"area":2}},{"type":"Feature","geometry":{"type":"Point","coordinates":[-122.48175374,37.72321398]},"properties":{"id":338698687,"category":"park","name":null,"area":6}},{"type":"Feature","geometry":{"type":"Point","coordinates":[-122.476507875,37.725142399999996]},"properties":{"id":338698688,"category":"park","name":null,"area":1}},{"type":"Feature","geometry":{"type":"Point","coordinates":[-122.478989325,37.728665975]},"properties":{"id":338698689,"category":"park","name":null,"area":4}},{"type":"Feature","geometry":{"type":"Point","coordinates":[-122.479293275,37.720376625]},"properties":{"id":338698692,"category":"park","name":null,"area":2}},{"type":"Feature","geometry":{"type":"Point","coordinates":[-122.47786572499999,37.7258044]},"properties":{"id":338698693,"category":"park","name":null,"area":1}},{"type":"Feature","geometry":{"type":"Point","coordinates":[-122.47815065,37.725977650000004]},"properties":{"id":338698694,"category":"park","name":null,"area":3}},{"type":"Feature","geometry":{"type":"Point","coordinates":[-122.48000504000001,37.72399972]},"properties":{"id":338698697,"category":"park","name":null,"area":17}},{"type":"Feature","geometry":{"type":"Point","coordinates":[-122.48107958,37.72730865999999]},"properties":{"id":338698698,"category":"park","name":null,"area":5}},{"type":"Feature","geometry":{"type":"Point","coordinates":[-122.4776227,37.725617924999995]},"properties":{"id":338698701,"category":"park","name":null,"area":1}},{"type":"Feature","geometry":{"type":"Point","coordinates":[-122.47881585,37.7257738]},"properties":{"id":338698702,"category":"park","name":null,"area":1}},{"type":"Feature","geometry":{"type":"Point","coordinates":[-122.4791589,37.72675915]},"properties":{"id":338698703,"category":"park","name":null,"area":1}},{"type":"Feature","geometry":{"type":"Point","coordinates":[-122.48040762000001,37.7275938]},"properties":{"id":338698704,"category":"park","name":null,"area":33}},{"type":"Feature","geometry":{"type":"Point","coordinates":[-122.482663625,37.72112415]},"properties":{"id":338698705,"category":"park","name":null,"area":4}},{"type":"Feature","geometry":{"type":"Point","coordinates":[-122.47593239230771,37.72121713461539]},"properties":{"id":338698706,"category":"park","name":null,"area":260}},{"type":"Feature","geometry":{"type":"Point","coordinates":[-122.47739915833336,37.723921974999996]},"properties":{"id":338698707,"category":"park","name":null,"area":214}},{"type":"Feature","geometry":{"type":"Point","coordinates":[-122.4789900962963,37.72423213703704]},"properties":{"id":338698709,"category":"park","name":null,"area":249}},{"type":"Feature","geometry":{"type":"Point","coordinates":[-122.48054452499998,37.72064140833333]},"properties":{"id":338698710,"category":"park","name":null,"area":7}},{"type":"Feature","geometry":{"type":"Point","coordinates":[-122.47732952142856,37.72322077857143]},"properties":{"id":338698711,"category":"park","name":null,"area":259}},{"type":"Feature","geometry":{"type":"Point","coordinates":[-122.48146350645162,37.72349758387097]},"properties":{"id":338698712,"category":"park","name":null,"area":314}},{"type":"Feature","geometry":{"type":"Point","coordinates":[-122.47641002258067,37.7221267451613]},"properties":{"id":338698713,"category":"park","name":"HSS Courtyard","area":414}},{"type":"Feature","geometry":{"type":"Point","coordinates":[-122.47729936363636,37.722470613636354]},"properties":{"id":338698715,"category":"park","name":null,"area":50}},{"type":"Feature","geometry":{"type":"Point","coordinates":[-122.48029527916667,37.72291717916668]},"properties":{"id":338698716,"category":"park","name":null,"area":181}},{"type":"Feature","geometry":{"type":"Point","coordinates":[-122.48339297586209,37.72410880689655]},"properties":{"id":338698717,"category":"park","name":null,"area":183}},{"type":"Feature","geometry":{"type":"Point","coordinates":[-122.48162110714283,37.724152128571426]},"properties":{"id":338698719,"category":"park","name":null,"area":232}},{"type":"Feature","geometry":{"type":"Point","coordinates":[-122.48279643333333,37.72334497777778]},"properties":{"id":338698720,"category":"park","name":null,"area":18}},{"type":"Feature","geometry":{"type":"Point","coordinates":[-122.47752362592593,37.72236333333333]},"properties":{"id":338698721,"category":"park","name":null,"area":289}},{"type":"Feature","geometry":{"type":"Point","coordinates":[-122.47971345897436,37.72353682820512]},"properties":{"id":338698722,"category":"park","name":null,"area":132}},{"type":"Feature","geometry":{"type":"Point","coordinates":[-122.47678016,37.722590790000005]},"properties":{"id":338698725,"category":"park","name":null,"area":58}},{"type":"Feature","geometry":{"type":"Point","coordinates":[-122.48373271304348,37.72508578695652]},"properties":{"id":338698728,"category":"park","name":null,"area":386}},{"type":"Feature","geometry":{"type":"Point","coordinates":[-122.48428733269233,37.72454158846154]},"properties":{"id":338698729,"category":"park","name":null,"area":371}},{"type":"Feature","geometry":{"type":"Point","coordinates":[-122.4830529772727,37.72348372954545]},"properties":{"id":338698730,"category":"park","name":null,"area":170}},{"type":"Feature","geometry":{"type":"Point","coordinates":[-122.4758592585366,37.722324392682935]},"properties":{"id":338698731,"category":"park","name":null,"area":449}},{"type":"Feature","geometry":{"type":"Point","coordinates":[-122.47969118235294,37.72352606470589]},"properties":{"id":338698732,"category":"park","name":null,"area":30}},{"type":"Feature","geometry":{"type":"Point","coordinates":[-122.479495125,37.726808125000005]},"properties":{"id":338698733,"category":"park","name":null,"area":1}},{"type":"Feature","geometry":{"type":"Point","coordinates":[-122.479492075,37.71990255]},"properties":{"id":338698734,"category":"park","name":null,"area":2}},{"type":"Feature","geometry":{"type":"Point","coordinates":[-122.47804045,37.720494375]},"properties":{"id":338698735,"category":"park","name":null,"area":8}},{"type":"Feature","geometry":{"type":"Point","coordinates":[-122.47679085,37.723604325]},"properties":{"id":338698737,"category":"park","name":null,"area":10}},{"type":"Feature","geometry":{"type":"Point","coordinates":[-122.47834096000001,37.721738599999995]},"properties":{"id":338698738,"category":"park","name":null,"area":32}},{"type":"Feature","geometry":{"type":"Point","coordinates":[-122.48053967999999,37.72743546]},"properties":{"id":338698739,"category":"park","name":null,"area":9}},{"type":"Feature","geometry":{"type":"Point","coordinates":[-122.47821843333332,37.72023286666667]},"properties":{"id":338698742,"category":"park","name":null,"area":3}},{"type":"Feature","geometry":{"type":"Point","coordinates":[-122.47945195,37.72068825]},"properties":{"id":338698745,"category":"park","name":null,"area":6}},{"type":"Feature","geometry":{"type":"Point","coordinates":[-122.4796399,37.728413175]},"properties":{"id":338698746,"category":"park","name":null,"area":1}},{"type":"Feature","geometry":{"type":"Point","coordinates":[-122.47646766,37.7250616]},"properties":{"id":338698748,"category":"park","name":null,"area":0}},{"type":"Feature","geometry":{"type":"Point","coordinates":[-122.48229764999999,37.721135525]},"properties":{"id":338698750,"category":"park","name":null,"area":12}},{"type":"Feature","geometry":{"type":"Point","coordinates":[-122.4779852,37.720336]},"properties":{"id":338698752,"category":"park","name":null,"area":5}},{"type":"Feature","geometry":{"type":"Point","coordinates":[-122.48156668333333,37.72058855]},"properties":{"id":338698754,"category":"park","name":null,"area":2}},{"type":"Feature","geometry":{"type":"Point","coordinates":[-122.48359233333333,37.721328783333334]},"properties":{"id":338698755,"category":"park","name":null,"area":16}},{"type":"Feature","geometry":{"type":"Point","coordinates":[-122.4825721,37.720642375000004]},"properties":{"id":338698756,"category":"park","name":null,"area":4}},{"type":"Feature","geometry":{"type":"Point","coordinates":[-122.47701995000001,37.721029175]},"properties":{"id":338698757,"category":"park","name":null,"area":1}},{"type":"Feature","geometry":{"type":"Point","coordinates":[-122.482146775,37.720512]},"properties":{"id":338698758,"category":"park","name":null,"area":9}},{"type":"Feature","geometry":{"type":"Point","coordinates":[-122.48255922499999,37.72081285]},"properties":{"id":338698761,"category":"park","name":null,"area":3}},{"type":"Feature","geometry":{"type":"Point","coordinates":[-122.47936964,37.72029364]},"properties":{"id":338698763,"category":"park","name":null,"area":11}},{"type":"Feature","geometry":{"type":"Point","coordinates":[-122.47618514999999,37.7248546]},"properties":{"id":338698765,"category":"park","name":null,"area":7}},{"type":"Feature","geometry":{"type":"Point","coordinates":[-122.4820113,37.72320336666667]},"properties":{"id":338698766,"category":"park","name":null,"area":20}},{"type":"Feature","geometry":{"type":"Point","coordinates":[-122.47810082499998,37.723255550000005]},"properties":{"id":338698768,"category":"park","name":null,"area":7}},{"type":"Feature","geometry":{"type":"Point","coordinates":[-122.4765077,37.725177974999994]},"properties":{"id":338698769,"category":"park","name":null,"area":1}},{"type":"Feature","geometry":{"type":"Point","coordinates":[-122.47737665,37.720296675]},"properties":{"id":338698771,"category":"park","name":null,"area":3}},{"type":"Feature","geometry":{"type":"Point","coordinates":[-122.47919317499999,37.728226475]},"properties":{"id":338698774,"category":"park","name":null,"area":8}},{"type":"Feature","geometry":{"type":"Point","coordinates":[-122.47984838000002,37.720081]},"properties":{"id":338698775,"category":"park","name":null,"area":4}},{"type":"Feature","geometry":{"type":"Point","coordinates":[-122.47816962499999,37.7241311]},"properties":{"id":338698779,"category":"park","name":null,"area":66}},{"type":"Feature","geometry":{"type":"Point","coordinates":[-122.47937025,37.7204618]},"properties":{"id":338698780,"category":"park","name":null,"area":4}},{"type":"Feature","geometry":{"type":"Point","coordinates":[-122.48180783333332,37.72110431666667]},"properties":{"id":338698782,"category":"park","name":null,"area":6}},{"type":"Feature","geometry":{"type":"Point","coordinates":[-122.48425451666668,37.7213494]},"properties":{"id":338698789,"category":"park","name":null,"area":5}},{"type":"Feature","geometry":{"type":"Point","coordinates":[-122.48206825,37.723645825]},"properties":{"id":338698790,"category":"park","name":null,"area":1}},{"type":"Feature","geometry":{"type":"Point","coordinates":[-122.480512925,37.721693425000005]},"properties":{"id":338698792,"category":"park","name":null,"area":22}},{"type":"Feature","geometry":{"type":"Point","coordinates":[-122.47661965,37.7254245]},"properties":{"id":338698795,"category":"park","name":null,"area":2}},{"type":"Feature","geometry":{"type":"Point","coordinates":[-122.4818331,37.726202875]},"properties":{"id":338698798,"category":"park","name":null,"area":3}},{"type":"Feature","geometry":{"type":"Point","coordinates":[-122.48058188333334,37.722831633333335]},"properties":{"id":338698802,"category":"park","name":null,"area":1}},{"type":"Feature","geometry":{"type":"Point","coordinates":[-122.482483175,37.720890925]},"properties":{"id":338698804,"category":"park","name":null,"area":5}},{"type":"Feature","geometry":{"type":"Point","coordinates":[-122.477423625,37.72578335]},"properties":{"id":338698806,"category":"park","name":null,"area":1}},{"type":"Feature","geometry":{"type":"Point","coordinates":[-122.47932374,37.726282860000005]},"properties":{"id":338698807,"category":"park","name":null,"area":9}},{"type":"Feature","geometry":{"type":"Point","coordinates":[-122.4785354,37.72565295]},"properties":{"id":338698809,"category":"park","name":null,"area":1}},{"type":"Feature","geometry":{"type":"Point","coordinates":[-122.4771095,37.721537]},"properties":{"id":338698814,"category":"park","name":null,"area":6}},{"type":"Feature","geometry":{"type":"Point","coordinates":[-122.48388804999999,37.724096599999996]},"properties":{"id":338698815,"category":"park","name":null,"area":3}},{"type":"Feature","geometry":{"type":"Point","coordinates":[-122.48038681666667,37.72741791666666]},"properties":{"id":338698817,"category":"park","name":null,"area":8}},{"type":"Feature","geometry":{"type":"Point","coordinates":[-122.4832888,37.724358275]},"properties":{"id":338698819,"category":"park","name":null,"area":1}},{"type":"Feature","geometry":{"type":"Point","coordinates":[-122.4777847,37.7204805]},"properties":{"id":338698820,"category":"park","name":null,"area":3}},{"type":"Feature","geometry":{"type":"Point","coordinates":[-122.48106080000001,37.722501075000004]},"properties":{"id":338698822,"category":"park","name":null,"area":4}},{"type":"Feature","geometry":{"type":"Point","coordinates":[-122.47912015,37.7236439]},"properties":{"id":338698823,"category":"park","name":null,"area":69}},{"type":"Feature","geometry":{"type":"Point","coordinates":[-122.48272370000001,37.7210222]},"properties":{"id":338698825,"category":"park","name":null,"area":4}},{"type":"Feature","geometry":{"type":"Point","coordinates":[-122.47644299999999,37.725404850000004]},"properties":{"id":338698826,"category":"park","name":null,"area":1}},{"type":"Feature","geometry":{"type":"Point","coordinates":[-122.47796835,37.72597395]},"properties":{"id":338698828,"category":"park","name":null,"area":4}},{"type":"Feature","geometry":{"type":"Point","coordinates":[-122.47802320000001,37.720327399999995]},"properties":{"id":338698831,"category":"park","name":null,"area":4}},{"type":"Feature","geometry":{"type":"Point","coordinates":[-122.47923639999999,37.7268326]},"properties":{"id":338698833,"category":"park","name":null,"area":1}},{"type":"Feature","geometry":{"type":"Point","coordinates":[-122.47689447999998,37.72097324]},"properties":{"id":338698834,"category":"park","name":null,"area":1}},{"type":"Feature","geometry":{"type":"Point","coordinates":[-122.4807541,37.723287725]},"properties":{"id":338698835,"category":"park","name":null,"area":3}},{"type":"Feature","geometry":{"type":"Point","coordinates":[-122.48271228000002,37.720532219999996]},"properties":{"id":338698841,"category":"park","name":null,"area":4}},{"type":"Feature","geometry":{"type":"Point","coordinates":[-122.48235915000001,37.72391975]},"properties":{"id":338698843,"category":"park","name":null,"area":1}},{"type":"Feature","geometry":{"type":"Point","coordinates":[-122.475458925,37.725542450000006]},"properties":{"id":338698846,"category":"park","name":null,"area":10}},{"type":"Feature","geometry":{"type":"Point","coordinates":[-122.48407005,37.7245776]},"properties":{"id":338698847,"category":"park","name":null,"area":1}},{"type":"Feature","geometry":{"type":"Point","coordinates":[-122.47954135000002,37.72026071666667]},"properties":{"id":338698849,"category":"park","name":null,"area":3}},{"type":"Feature","geometry":{"type":"Point","coordinates":[-122.47715145,37.72051081666666]},"properties":{"id":338698851,"category":"park","name":null,"area":2}},{"type":"Feature","geometry":{"type":"Point","coordinates":[-122.475432,37.724912825]},"properties":{"id":338698853,"category":"park","name":null,"area":1}},{"type":"Feature","geometry":{"type":"Point","coordinates":[-122.47542794,37.72545452000001]},"properties":{"id":338698856,"category":"park","name":null,"area":4}},{"type":"Feature","geometry":{"type":"Point","coordinates":[-122.47948146666664,37.72036381666667]},"properties":{"id":338698858,"category":"park","name":null,"area":2}},{"type":"Feature","geometry":{"type":"Point","coordinates":[-122.47917642000002,37.72730418]},"properties":{"id":338698860,"category":"park","name":null,"area":9}},{"type":"Feature","geometry":{"type":"Point","coordinates":[-122.476223225,37.724970525]},"properties":{"id":338698868,"category":"park","name":null,"area":1}},{"type":"Feature","geometry":{"type":"Point","coordinates":[-122.479786975,37.721169375]},"properties":{"id":338698869,"category":"park","name":null,"area":4}},{"type":"Feature","geometry":{"type":"Point","coordinates":[-122.48207147500001,37.723556175000006]},"properties":{"id":338698871,"category":"park","name":null,"area":9}},{"type":"Feature","geometry":{"type":"Point","coordinates":[-122.47552804,37.72505666]},"properties":{"id":338698872,"category":"park","name":null,"area":8}},{"type":"Feature","geometry":{"type":"Point","coordinates":[-122.482204275,37.721268699999996]},"properties":{"id":338698874,"category":"park","name":null,"area":4}},{"type":"Feature","geometry":{"type":"Point","coordinates":[-122.48189198333334,37.72117793333333]},"properties":{"id":338698876,"category":"park","name":null,"area":6}},{"type":"Feature","geometry":{"type":"Point","coordinates":[-122.4789896,37.726143625]},"properties":{"id":338698877,"category":"park","name":null,"area":3}},{"type":"Feature","geometry":{"type":"Point","coordinates":[-122.47876945,37.72068728333333]},"properties":{"id":338698879,"category":"park","name":null,"area":2}},{"type":"Feature","geometry":{"type":"Point","coordinates":[-122.47953195,37.72746015]},"properties":{"id":338698880,"category":"park","name":null,"area":1}},{"type":"Feature","geometry":{"type":"Point","coordinates":[-122.47540067500002,37.725430025]},"properties":{"id":338698882,"category":"park","name":null,"area":1}},{"type":"Feature","geometry":{"type":"Point","coordinates":[-122.4816889,37.72050033333333]},"properties":{"id":338698884,"category":"park","name":null,"area":8}},{"type":"Feature","geometry":{"type":"Point","coordinates":[-122.479175125,37.727443550000004]},"properties":{"id":338698885,"category":"park","name":null,"area":1}},{"type":"Feature","geometry":{"type":"Point","coordinates":[-122.47801162500001,37.725784450000006]},"properties":{"id":338698887,"category":"park","name":null,"area":7}},{"type":"Feature","geometry":{"type":"Point","coordinates":[-122.48271510000001,37.72116606666667]},"properties":{"id":338698888,"category":"park","name":null,"area":1}},{"type":"Feature","geometry":{"type":"Point","coordinates":[-122.4764624,37.72540515]},"properties":{"id":338698890,"category":"park","name":null,"area":1}},{"type":"Feature","geometry":{"type":"Point","coordinates":[-122.47952540000001,37.7267913]},"properties":{"id":338698892,"category":"park","name":null,"area":9}},{"type":"Feature","geometry":{"type":"Point","coordinates":[-122.47945984,37.727380800000006]},"properties":{"id":338698895,"category":"park","name":null,"area":4}},{"type":"Feature","geometry":{"type":"Point","coordinates":[-122.47674297500001,37.72097425]},"properties":{"id":338698897,"category":"park","name":null,"area":1}},{"type":"Feature","geometry":{"type":"Point","coordinates":[-122.47582435000001,37.72524464999999]},"properties":{"id":338698899,"category":"park","name":null,"area":9}},{"type":"Feature","geometry":{"type":"Point","coordinates":[-122.47945279999999,37.72682745]},"properties":{"id":338698900,"category":"park","name":null,"area":1}},{"type":"Feature","geometry":{"type":"Point","coordinates":[-122.47761185000002,37.721056325]},"properties":{"id":338698901,"category":"park","name":null,"area":3}},{"type":"Feature","geometry":{"type":"Point","coordinates":[-122.477416375,37.720297975]},"properties":{"id":338698902,"category":"park","name":null,"area":3}},{"type":"Feature","geometry":{"type":"Point","coordinates":[-122.48146158333333,37.7206307]},"properties":{"id":338698903,"category":"park","name":null,"area":3}},{"type":"Feature","geometry":{"type":"Point","coordinates":[-122.483033575,37.724157149999996]},"properties":{"id":338698905,"category":"park","name":null,"area":37}},{"type":"Feature","geometry":{"type":"Point","coordinates":[-122.47979046,37.72002158]},"properties":{"id":338698907,"category":"park","name":null,"area":4}},{"type":"Feature","geometry":{"type":"Point","coordinates":[-122.47695428,37.7217968]},"properties":{"id":338698909,"category":"park","name":null,"area":40}},{"type":"Feature","geometry":{"type":"Point","coordinates":[-122.479653375,37.72912302500001]},"properties":{"id":338698912,"category":"park","name":null,"area":0}},{"type":"Feature","geometry":{"type":"Point","coordinates":[-122.48395991999999,37.72436964]},"properties":{"id":338698914,"category":"park","name":null,"area":3}},{"type":"Feature","geometry":{"type":"Point","coordinates":[-122.4795081,37.72742735]},"properties":{"id":338698917,"category":"park","name":null,"area":6}},{"type":"Feature","geometry":{"type":"Point","coordinates":[-122.47744285,37.72064105]},"properties":{"id":338698920,"category":"park","name":null,"area":2}},{"type":"Feature","geometry":{"type":"Point","coordinates":[-122.475446925,37.72484535]},"properties":{"id":338698923,"category":"park","name":null,"area":1}},{"type":"Feature","geometry":{"type":"Point","coordinates":[-122.47783005000001,37.72031715]},"properties":{"id":338698926,"category":"park","name":null,"area":2}},{"type":"Feature","geometry":{"type":"Point","coordinates":[-122.48377825999998,37.72425954]},"properties":{"id":338698932,"category":"park","name":null,"area":5}},{"type":"Feature","geometry":{"type":"Point","coordinates":[-122.4810667,37.722388300000006]},"properties":{"id":338698935,"category":"park","name":null,"area":4}},{"type":"Feature","geometry":{"type":"Point","coordinates":[-122.47852181923078,37.72102674230769]},"properties":{"id":338698938,"category":"park","name":null,"area":452}},{"type":"Feature","geometry":{"type":"Point","coordinates":[-122.47929015121949,37.72470421463415]},"properties":{"id":338698947,"category":"park","name":null,"area":187}},{"type":"Feature","geometry":{"type":"Point","coordinates":[-122.47791183225806,37.72174412580646]},"properties":{"id":338698952,"category":"park","name":null,"area":303}},{"type":"Feature","geometry":{"type":"Point","coordinates":[-122.48107122608698,37.723473860869575]},"properties":{"id":338698963,"category":"park","name":null,"area":225}},{"type":"Feature","geometry":{"type":"Point","coordinates":[-122.47947929166665,37.72357027499999]},"properties":{"id":338698968,"category":"park","name":null,"area":452}},{"type":"Feature","geometry":{"type":"Point","coordinates":[-122.47809511250003,37.722038675]},"properties":{"id":338698984,"category":"park","name":null,"area":34}},{"type":"Feature","geometry":{"type":"Point","coordinates":[-122.479899225,37.72376088055555]},"properties":{"id":338698996,"category":"park","name":null,"area":634}},{"type":"Feature","geometry":{"type":"Point","coordinates":[-122.47948758292684,37.723536658536595]},"properties":{"id":338699002,"category":"park","name":null,"area":36}},{"type":"Feature","geometry":{"type":"Point","coordinates":[-122.48150364864864,37.723049062162154]},"properties":{"id":338699006,"category":"park","name":null,"area":129}},{"type":"Feature","geometry":{"type":"Point","coordinates":[-122.47902615,37.721411675]},"properties":{"id":338699011,"category":"park","name":null,"area":56}},{"type":"Feature","geometry":{"type":"Point","coordinates":[-122.47533225,37.7236378]},"properties":{"id":338699014,"category":"park","name":null,"area":4}},{"type":"Feature","geometry":{"type":"Point","coordinates":[-122.476103,37.724799950000005]},"properties":{"id":338699024,"category":"park","name":null,"area":5}},{"type":"Feature","geometry":{"type":"Point","coordinates":[-122.4792571,37.720656899999994]},"properties":{"id":338699027,"category":"park","name":null,"area":13}},{"type":"Feature","geometry":{"type":"Point","coordinates":[-122.47967427500001,37.71988395]},"properties":{"id":338699029,"category":"park","name":null,"area":2}},{"type":"Feature","geometry":{"type":"Point","coordinates":[-122.47714815,37.720562675000004]},"properties":{"id":338699032,"category":"park","name":null,"area":5}},{"type":"Feature","geometry":{"type":"Point","coordinates":[-122.48051243333335,37.728338883333336]},"properties":{"id":338699034,"category":"park","name":null,"area":125}},{"type":"Feature","geometry":{"type":"Point","coordinates":[-122.48140525,37.722528175]},"properties":{"id":338699040,"category":"park","name":null,"area":3}},{"type":"Feature","geometry":{"type":"Point","coordinates":[-122.47606795,37.725114]},"properties":{"id":338699041,"category":"park","name":null,"area":1}},{"type":"Feature","geometry":{"type":"Point","coordinates":[-122.47845960000001,37.7204411]},"properties":{"id":338699044,"category":"park","name":null,"area":3}},{"type":"Feature","geometry":{"type":"Point","coordinates":[-122.4840506,37.721523950000005]},"properties":{"id":338699047,"category":"park","name":null,"area":1}},{"type":"Feature","geometry":{"type":"Point","coordinates":[-122.47730661666667,37.72019676666667]},"properties":{"id":338699049,"category":"park","name":null,"area":11}},{"type":"Feature","geometry":{"type":"Point","coordinates":[-122.47877624,37.72024888]},"properties":{"id":338699052,"category":"park","name":null,"area":5}},{"type":"Feature","geometry":{"type":"Point","coordinates":[-122.47912292000001,37.72348548]},"properties":{"id":338699054,"category":"park","name":null,"area":130}},{"type":"Feature","geometry":{"type":"Point","coordinates":[-122.47974825,37.725789400000004]},"properties":{"id":338699055,"category":"park","name":null,"area":13}},{"type":"Feature","geometry":{"type":"Point","coordinates":[-122.478116425,37.72174305]},"properties":{"id":338699057,"category":"park","name":null,"area":49}},{"type":"Feature","geometry":{"type":"Point","coordinates":[-122.48241921666666,37.721339066666665]},"properties":{"id":338699058,"category":"park","name":null,"area":9}},{"type":"Feature","geometry":{"type":"Point","coordinates":[-122.47942705,37.720363799999994]},"properties":{"id":338699059,"category":"park","name":null,"area":4}},{"type":"Feature","geometry":{"type":"Point","coordinates":[-122.48029650000001,37.720424875]},"properties":{"id":338699060,"category":"park","name":null,"area":2}},{"type":"Feature","geometry":{"type":"Point","coordinates":[-122.478755275,37.72037147499999]},"properties":{"id":338699061,"category":"park","name":null,"area":3}},{"type":"Feature","geometry":{"type":"Point","coordinates":[-122.48200307142857,37.72050864285715]},"properties":{"id":338699062,"category":"park","name":null,"area":9}},{"type":"Feature","geometry":{"type":"Point","coordinates":[-122.47889355,37.728908425]},"properties":{"id":338699063,"category":"park","name":null,"area":9}},{"type":"Feature","geometry":{"type":"Point","coordinates":[-122.47939676000001,37.723937639999995]},"properties":{"id":338699064,"category":"park","name":null,"area":9}},{"type":"Feature","geometry":{"type":"Point","coordinates":[-122.47566766666667,37.72202818333333]},"properties":{"id":338699065,"category":"park","name":null,"area":7}},{"type":"Feature","geometry":{"type":"Point","coordinates":[-122.48100016000001,37.72557896]},"properties":{"id":338699066,"category":"park","name":null,"area":5}},{"type":"Feature","geometry":{"type":"Point","coordinates":[-122.479217425,37.720641025]},"properties":{"id":338699067,"category":"park","name":null,"area":2}},{"type":"Feature","geometry":{"type":"Point","coordinates":[-122.47537229999999,37.72542695]},"properties":{"id":338699069,"category":"park","name":null,"area":3}},{"type":"Feature","geometry":{"type":"Point","coordinates":[-122.480583975,37.72053]},"properties":{"id":338699070,"category":"park","name":null,"area":3}},{"type":"Feature","geometry":{"type":"Point","coordinates":[-122.47877854285714,37.720346600000006]},"properties":{"id":338699072,"category":"park","name":null,"area":4}},{"type":"Feature","geometry":{"type":"Point","coordinates":[-122.48130503333334,37.725826266666665]},"properties":{"id":338699074,"category":"park","name":null,"area":2}},{"type":"Feature","geometry":{"type":"Point","coordinates":[-122.47957335999999,37.72751664]},"properties":{"id":338699075,"category":"park","name":null,"area":7}},{"type":"Feature","geometry":{"type":"Point","coordinates":[-122.48040739999999,37.72072976]},"properties":{"id":338699077,"category":"park","name":null,"area":3}},{"type":"Feature","geometry":{"type":"Point","coordinates":[-122.48223477142857,37.72129224285714]},"properties":{"id":338699078,"category":"park","name":null,"area":4}},{"type":"Feature","geometry":{"type":"Point","coordinates":[-122.4812844,37.72336892]},"properties":{"id":338699079,"category":"park","name":null,"area":32}},{"type":"Feature","geometry":{"type":"Point","coordinates":[-122.47960075,37.7207111]},"properties":{"id":338699080,"category":"park","name":null,"area":1}},{"type":"Feature","geometry":{"type":"Point","coordinates":[-122.47856768333334,37.72035673333334]},"properties":{"id":338699081,"category":"park","name":null,"area":4}},{"type":"Feature","geometry":{"type":"Point","coordinates":[-122.47998159999999,37.723790433333335]},"properties":{"id":338699082,"category":"park","name":null,"area":16}},{"type":"Feature","geometry":{"type":"Point","coordinates":[-122.48027809999999,37.726557771428574]},"properties":{"id":338699084,"category":"park","name":null,"area":20}},{"type":"Feature","geometry":{"type":"Point","coordinates":[-122.478034425,37.725719525]},"properties":{"id":338699086,"category":"park","name":null,"area":9}},{"type":"Feature","geometry":{"type":"Point","coordinates":[-122.47750860000001,37.7206357]},"properties":{"id":338699087,"category":"park","name":null,"area":3}},{"type":"Feature","geometry":{"type":"Point","coordinates":[-122.47533584,37.7235901]},"properties":{"id":338699088,"category":"park","name":null,"area":6}},{"type":"Feature","geometry":{"type":"Point","coordinates":[-122.47700845,37.7210551]},"properties":{"id":338699090,"category":"park","name":null,"area":1}},{"type":"Feature","geometry":{"type":"Point","coordinates":[-122.47947673333334,37.72919948333333]},"properties":{"id":338699093,"category":"park","name":null,"area":8}},{"type":"Feature","geometry":{"type":"Point","coordinates":[-122.47753701666666,37.72029598333334]},"properties":{"id":338699096,"category":"park","name":null,"area":4}},{"type":"Feature","geometry":{"type":"Point","coordinates":[-122.47818015,37.72048708333333]},"properties":{"id":338699097,"category":"park","name":null,"area":7}},{"type":"Feature","geometry":{"type":"Point","coordinates":[-122.477373175,37.72063875]},"properties":{"id":338699098,"category":"park","name":null,"area":2}},{"type":"Feature","geometry":{"type":"Point","coordinates":[-122.47959854000001,37.729151540000004]},"properties":{"id":338699099,"category":"park","name":null,"area":10}},{"type":"Feature","geometry":{"type":"Point","coordinates":[-122.47671072222222,37.72242683333334]},"properties":{"id":338699101,"category":"park","name":null,"area":41}},{"type":"Feature","geometry":{"type":"Point","coordinates":[-122.483845325,37.724008775]},"properties":{"id":338699102,"category":"park","name":null,"area":2}},{"type":"Feature","geometry":{"type":"Point","coordinates":[-122.47693113999999,37.723522200000005]},"properties":{"id":338699103,"category":"park","name":null,"area":7}},{"type":"Feature","geometry":{"type":"Point","coordinates":[-122.47916855,37.726575]},"properties":{"id":338699104,"category":"park","name":null,"area":1}},{"type":"Feature","geometry":{"type":"Point","coordinates":[-122.484167225,37.723639925]},"properties":{"id":338699105,"category":"park","name":null,"area":1}},{"type":"Feature","geometry":{"type":"Point","coordinates":[-122.47678718333334,37.72548956666667]},"properties":{"id":338699107,"category":"park","name":null,"area":6}},{"type":"Feature","geometry":{"type":"Point","coordinates":[-122.47957714000002,37.72025812]},"properties":{"id":338699108,"category":"park","name":null,"area":6}},{"type":"Feature","geometry":{"type":"Point","coordinates":[-122.4795038,37.728280240000004]},"properties":{"id":338699109,"category":"park","name":null,"area":16}},{"type":"Feature","geometry":{"type":"Point","coordinates":[-122.477602725,37.7205903]},"properties":{"id":338699110,"category":"park","name":null,"area":3}},{"type":"Feature","geometry":{"type":"Point","coordinates":[-122.479444425,37.7274039]},"properties":{"id":338699114,"category":"park","name":null,"area":0}},{"type":"Feature","geometry":{"type":"Point","coordinates":[-122.48161412500001,37.72049505]},"properties":{"id":338699115,"category":"park","name":null,"area":5}},{"type":"Feature","geometry":{"type":"Point","coordinates":[-122.47962494000001,37.72039016]},"properties":{"id":338699116,"category":"park","name":null,"area":12}},{"type":"Feature","geometry":{"type":"Point","coordinates":[-122.47964297499999,37.728935775]},"properties":{"id":338699117,"category":"park","name":null,"area":1}},{"type":"Feature","geometry":{"type":"Point","coordinates":[-122.47697052499998,37.721136725]},"properties":{"id":338699118,"category":"park","name":null,"area":19}},{"type":"Feature","geometry":{"type":"Point","coordinates":[-122.47982456,37.720047]},"properties":{"id":338699119,"category":"park","name":null,"area":4}},{"type":"Feature","geometry":{"type":"Point","coordinates":[-122.477160475,37.7203435]},"properties":{"id":338699120,"category":"park","name":null,"area":4}},{"type":"Feature","geometry":{"type":"Point","coordinates":[-122.4805097,37.72073392]},"properties":{"id":338699121,"category":"park","name":null,"area":6}},{"type":"Feature","geometry":{"type":"Point","coordinates":[-122.477954875,37.720503225]},"properties":{"id":338699124,"category":"park","name":null,"area":3}},{"type":"Feature","geometry":{"type":"Point","coordinates":[-122.47894740000001,37.728988325]},"properties":{"id":338699125,"category":"park","name":null,"area":9}},{"type":"Feature","geometry":{"type":"Point","coordinates":[-122.48276140000002,37.72389101666667]},"properties":{"id":338699126,"category":"park","name":null,"area":2}},{"type":"Feature","geometry":{"type":"Point","coordinates":[-122.4803741,37.72051173333333]},"properties":{"id":338699127,"category":"park","name":null,"area":7}},{"type":"Feature","geometry":{"type":"Point","coordinates":[-122.48102408,37.727321159999995]},"properties":{"id":338699128,"category":"park","name":null,"area":4}},{"type":"Feature","geometry":{"type":"Point","coordinates":[-122.47715225,37.72570655]},"properties":{"id":338699130,"category":"park","name":null,"area":2}},{"type":"Feature","geometry":{"type":"Point","coordinates":[-122.48488,37.7213479]},"properties":{"id":338699131,"category":"park","name":null,"area":2}},{"type":"Feature","geometry":{"type":"Point","coordinates":[-122.48053717500001,37.725600825]},"properties":{"id":338699132,"category":"park","name":null,"area":14}},{"type":"Feature","geometry":{"type":"Point","coordinates":[-122.47983099999999,37.72693612]},"properties":{"id":338699133,"category":"park","name":null,"area":4}},{"type":"Feature","geometry":{"type":"Point","coordinates":[-122.4769552,37.721169375]},"properties":{"id":338699134,"category":"park","name":null,"area":5}},{"type":"Feature","geometry":{"type":"Point","coordinates":[-122.4774464,37.725978874999996]},"properties":{"id":338699135,"category":"park","name":null,"area":1}},{"type":"Feature","geometry":{"type":"Point","coordinates":[-122.4814734,37.72060115]},"properties":{"id":338699136,"category":"park","name":null,"area":3}},{"type":"Feature","geometry":{"type":"Point","coordinates":[-122.48031371666667,37.72201736666667]},"properties":{"id":338699138,"category":"park","name":null,"area":5}},{"type":"Feature","geometry":{"type":"Point","coordinates":[-122.47991453200001,37.723349986]},"properties":{"id":338699140,"category":"park","name":null,"area":558}},{"type":"Feature","geometry":{"type":"Point","coordinates":[-122.48190564285713,37.726399685714284]},"properties":{"id":338699141,"category":"park","name":null,"area":479}},{"type":"Feature","geometry":{"type":"Point","coordinates":[-122.48018530851063,37.72359479148937]},"properties":{"id":338699142,"category":"park","name":null,"area":88}},{"type":"Feature","geometry":{"type":"Point","coordinates":[-122.48215076610165,37.72301525762711]},"properties":{"id":338699143,"category":"park","name":null,"area":230}},{"type":"Feature","geometry":{"type":"Point","coordinates":[-122.47897259375,37.7224318625]},"properties":{"id":338699144,"category":"park","name":null,"area":66}},{"type":"Feature","geometry":{"type":"Point","coordinates":[-122.47571059473684,37.723387426315796]},"properties":{"id":338699145,"category":"park","name":null,"area":498}},{"type":"Feature","geometry":{"type":"Point","coordinates":[-122.47676485,37.72148706666667]},"properties":{"id":338699147,"category":"park","name":null,"area":8}},{"type":"Feature","geometry":{"type":"Point","coordinates":[-122.47702405384614,37.72481434999999]},"properties":{"id":338699148,"category":"park","name":null,"area":1660}},{"type":"Feature","geometry":{"type":"Point","coordinates":[-122.483265075,37.724376175]},"properties":{"id":338699149,"category":"park","name":null,"area":19}},{"type":"Feature","geometry":{"type":"Point","coordinates":[-122.47785793999999,37.72589482]},"properties":{"id":338699151,"category":"park","name":null,"area":29}},{"type":"Feature","geometry":{"type":"Point","coordinates":[-122.48279724999999,37.72102723333334]},"properties":{"id":338699152,"category":"park","name":null,"area":1}},{"type":"Feature","geometry":{"type":"Point","coordinates":[-122.480807425,37.723247475]},"properties":{"id":338699153,"category":"park","name":null,"area":3}},{"type":"Feature","geometry":{"type":"Point","coordinates":[-122.47637897500002,37.72533145]},"properties":{"id":338699155,"category":"park","name":null,"area":15}},{"type":"Feature","geometry":{"type":"Point","coordinates":[-122.47936696250001,37.7291616]},"properties":{"id":338699157,"category":"park","name":null,"area":26}},{"type":"Feature","geometry":{"type":"Point","coordinates":[-122.47881316,37.72575286]},"properties":{"id":338699159,"category":"park","name":null,"area":3}},{"type":"Feature","geometry":{"type":"Point","coordinates":[-122.47865321249999,37.7216063125]},"properties":{"id":338699160,"category":"park","name":null,"area":22}},{"type":"Feature","geometry":{"type":"Point","coordinates":[-122.48354739999999,37.721441662500006]},"properties":{"id":338699161,"category":"park","name":null,"area":12}},{"type":"Feature","geometry":{"type":"Point","coordinates":[-122.47715834999998,37.72038953333334]},"properties":{"id":338699162,"category":"park","name":null,"area":2}},{"type":"Feature","geometry":{"type":"Point","coordinates":[-122.476601125,37.725445799999996]},"properties":{"id":338699163,"category":"park","name":null,"area":1}},{"type":"Feature","geometry":{"type":"Point","coordinates":[-122.48150833999998,37.72360706]},"properties":{"id":338699165,"category":"park","name":null,"area":5}},{"type":"Feature","geometry":{"type":"Point","coordinates":[-122.4797722125,37.7202401375]},"properties":{"id":338699166,"category":"park","name":null,"area":4}},{"type":"Feature","geometry":{"type":"Point","coordinates":[-122.475481375,37.72498025]},"properties":{"id":338699167,"category":"park","name":null,"area":9}},{"type":"Feature","geometry":{"type":"Point","coordinates":[-122.4817689,37.720509025]},"properties":{"id":338699168,"category":"park","name":null,"area":11}},{"type":"Feature","geometry":{"type":"Point","coordinates":[-122.47829357500001,37.7204922]},"properties":{"id":338699170,"category":"park","name":null,"area":3}},{"type":"Feature","geometry":{"type":"Point","coordinates":[-122.47749396666667,37.72031391666666]},"properties":{"id":338699171,"category":"park","name":null,"area":5}},{"type":"Feature","geometry":{"type":"Point","coordinates":[-122.4822107125,37.72081995]},"properties":{"id":338699172,"category":"park","name":null,"area":24}},{"type":"Feature","geometry":{"type":"Point","coordinates":[-122.48001535,37.726212575000005]},"properties":{"id":338699173,"category":"park","name":null,"area":18}},{"type":"Feature","geometry":{"type":"Point","coordinates":[-122.47963469999999,37.7290778]},"properties":{"id":338699174,"category":"park","name":null,"area":2}},{"type":"Feature","geometry":{"type":"Point","coordinates":[-122.47728337500001,37.725669275]},"properties":{"id":338699175,"category":"park","name":null,"area":16}},{"type":"Feature","geometry":{"type":"Point","coordinates":[-122.48338072000001,37.72145418]},"properties":{"id":338699176,"category":"park","name":null,"area":16}},{"type":"Feature","geometry":{"type":"Point","coordinates":[-122.48026125714284,37.72027761428571]},"properties":{"id":338699177,"category":"park","name":null,"area":18}},{"type":"Feature","geometry":{"type":"Point","coordinates":[-122.47891785,37.720570475]},"properties":{"id":338699178,"category":"park","name":null,"area":5}},{"type":"Feature","geometry":{"type":"Point","coordinates":[-122.4840639,37.7216391125]},"properties":{"id":338699179,"category":"park","name":null,"area":128}},{"type":"Feature","geometry":{"type":"Point","coordinates":[-122.48377466666666,37.72157895]},"properties":{"id":338699180,"category":"park","name":null,"area":21}},{"type":"Feature","geometry":{"type":"Point","coordinates":[-122.47563118000001,37.72506466]},"properties":{"id":338699182,"category":"park","name":null,"area":1}},{"type":"Feature","geometry":{"type":"Point","coordinates":[-122.47940585,37.72008015]},"properties":{"id":338699183,"category":"park","name":null,"area":2}},{"type":"Feature","geometry":{"type":"Point","coordinates":[-122.47872384,37.72065601999999]},"properties":{"id":338699184,"category":"park","name":null,"area":4}},{"type":"Feature","geometry":{"type":"Point","coordinates":[-122.47929657142858,37.723955414285705]},"properties":{"id":338699185,"category":"park","name":null,"area":3}},{"type":"Feature","geometry":{"type":"Point","coordinates":[-122.47871215000002,37.72035173333333]},"properties":{"id":338699187,"category":"park","name":null,"area":5}},{"type":"Feature","geometry":{"type":"Point","coordinates":[-122.48266430000001,37.72054086]},"properties":{"id":338699188,"category":"park","name":null,"area":15}},{"type":"Feature","geometry":{"type":"Point","coordinates":[-122.4775245,37.720714959999995]},"properties":{"id":338699189,"category":"park","name":null,"area":8}},{"type":"Feature","geometry":{"type":"Point","coordinates":[-122.47731896,37.72031792]},"properties":{"id":338699190,"category":"park","name":null,"area":5}},{"type":"Feature","geometry":{"type":"Point","coordinates":[-122.48033085714285,37.72046954285714]},"properties":{"id":338699192,"category":"park","name":null,"area":7}},{"type":"Feature","geometry":{"type":"Point","coordinates":[-122.48290863333335,37.72086143333333]},"properties":{"id":338699193,"category":"park","name":null,"area":5}},{"type":"Feature","geometry":{"type":"Point","coordinates":[-122.4789240625,37.720450625000005]},"properties":{"id":338699194,"category":"park","name":null,"area":5}},{"type":"Feature","geometry":{"type":"Point","coordinates":[-122.48018985,37.7276912]},"properties":{"id":338699195,"category":"park","name":null,"area":12}},{"type":"Feature","geometry":{"type":"Point","coordinates":[-122.481469525,37.7235951]},"properties":{"id":338699196,"category":"park","name":null,"area":1}},{"type":"Feature","geometry":{"type":"Point","coordinates":[-122.47778687499999,37.7209993]},"properties":{"id":338699199,"category":"park","name":null,"area":69}},{"type":"Feature","geometry":{"type":"Point","coordinates":[-122.480753625,37.723248175]},"properties":{"id":338699200,"category":"park","name":null,"area":3}},{"type":"Feature","geometry":{"type":"Point","coordinates":[-122.4794542,37.71993908333334]},"properties":{"id":338699201,"category":"park","name":null,"area":6}},{"type":"Feature","geometry":{"type":"Point","coordinates":[-122.47800972,37.725917599999995]},"properties":{"id":338699202,"category":"park","name":null,"area":13}},{"type":"Feature","geometry":{"type":"Point","coordinates":[-122.476158325,37.724786525]},"properties":{"id":338699203,"category":"park","name":null,"area":4}},{"type":"Feature","geometry":{"type":"Point","coordinates":[-122.4774706,37.72135101666667]},"properties":{"id":338699204,"category":"park","name":null,"area":3}},{"type":"Feature","geometry":{"type":"Point","coordinates":[-122.48241889999998,37.72135144285715]},"properties":{"id":338699205,"category":"park","name":null,"area":5}},{"type":"Feature","geometry":{"type":"Point","coordinates":[-122.48388771666667,37.7215516]},"properties":{"id":338699206,"category":"park","name":null,"area":10}},{"type":"Feature","geometry":{"type":"Point","coordinates":[-122.4778535,37.72570105]},"properties":{"id":338699207,"category":"park","name":null,"area":4}},{"type":"Feature","geometry":{"type":"Point","coordinates":[-122.47888501666667,37.72876961666666]},"properties":{"id":338699210,"category":"park","name":null,"area":23}},{"type":"Feature","geometry":{"type":"Point","coordinates":[-122.47559895,37.72506005]},"properties":{"id":338699211,"category":"park","name":null,"area":6}},{"type":"Feature","geometry":{"type":"Point","coordinates":[-122.47789340000001,37.720477466666665]},"properties":{"id":338699212,"category":"park","name":null,"area":6}},{"type":"Feature","geometry":{"type":"Point","coordinates":[-122.47794885,37.72601125]},"properties":{"id":338699213,"category":"park","name":null,"area":17}},{"type":"Feature","geometry":{"type":"Point","coordinates":[-122.47855706666668,37.72062296666667]},"properties":{"id":338699215,"category":"park","name":null,"area":6}},{"type":"Feature","geometry":{"type":"Point","coordinates":[-122.47750271666666,37.72020325]},"properties":{"id":338699220,"category":"park","name":null,"area":11}},{"type":"Feature","geometry":{"type":"Point","coordinates":[-122.47918035,37.72678296666667]},"properties":{"id":338699221,"category":"park","name":null,"area":12}},{"type":"Feature","geometry":{"type":"Point","coordinates":[-122.4847575375,37.7214829875]},"properties":{"id":338699222,"category":"park","name":null,"area":18}},{"type":"Feature","geometry":{"type":"Point","coordinates":[-122.4782961,37.720444549999996]},"properties":{"id":338699223,"category":"park","name":null,"area":6}},{"type":"Feature","geometry":{"type":"Point","coordinates":[-122.48106290000001,37.723122075]},"properties":{"id":338699224,"category":"park","name":null,"area":5}},{"type":"Feature","geometry":{"type":"Point","coordinates":[-122.48264766666667,37.72131203333334]},"properties":{"id":338699225,"category":"park","name":null,"area":12}},{"type":"Feature","geometry":{"type":"Point","coordinates":[-122.47970750000002,37.7204316]},"properties":{"id":338699226,"category":"park","name":null,"area":20}},{"type":"Feature","geometry":{"type":"Point","coordinates":[-122.47766651666667,37.72157133333334]},"properties":{"id":338699227,"category":"park","name":null,"area":8}},{"type":"Feature","geometry":{"type":"Point","coordinates":[-122.48398205000001,37.72151675]},"properties":{"id":338699228,"category":"park","name":null,"area":2}},{"type":"Feature","geometry":{"type":"Point","coordinates":[-122.47639212499999,37.7223253]},"properties":{"id":338699230,"category":"park","name":null,"area":4}},{"type":"Feature","geometry":{"type":"Point","coordinates":[-122.480282375,37.726639025]},"properties":{"id":338699231,"category":"park","name":null,"area":8}},{"type":"Feature","geometry":{"type":"Point","coordinates":[-122.47797935,37.7202245]},"properties":{"id":338699232,"category":"park","name":null,"area":9}},{"type":"Feature","geometry":{"type":"Point","coordinates":[-122.4783701,37.723266575000004]},"properties":{"id":338699233,"category":"park","name":null,"area":7}},{"type":"Feature","geometry":{"type":"Point","coordinates":[-122.47965603333334,37.72033606666667]},"properties":{"id":338699234,"category":"park","name":null,"area":11}},{"type":"Feature","geometry":{"type":"Point","coordinates":[-122.48117377999999,37.72285688000001]},"properties":{"id":338699236,"category":"park","name":null,"area":15}},{"type":"Feature","geometry":{"type":"Point","coordinates":[-122.4757146375,37.7205265625]},"properties":{"id":338699237,"category":"park","name":null,"area":16}},{"type":"Feature","geometry":{"type":"Point","coordinates":[-122.48156932857144,37.7264928]},"properties":{"id":338699238,"category":"park","name":null,"area":11}},{"type":"Feature","geometry":{"type":"Point","coordinates":[-122.48167363333333,37.723330266666665]},"properties":{"id":338699239,"category":"park","name":null,"area":5}},{"type":"Feature","geometry":{"type":"Point","coordinates":[-122.48195307499999,37.72384575]},"properties":{"id":338699240,"category":"park","name":null,"area":2}},{"type":"Feature","geometry":{"type":"Point","coordinates":[-122.482467325,37.721322425]},"properties":{"id":338699242,"category":"park","name":null,"area":3}},{"type":"Feature","geometry":{"type":"Point","coordinates":[-122.47883604,37.72884748]},"properties":{"id":338699243,"category":"park","name":null,"area":8}},{"type":"Feature","geometry":{"type":"Point","coordinates":[-122.4772794125,37.72147635]},"properties":{"id":338699245,"category":"park","name":null,"area":23}},{"type":"Feature","geometry":{"type":"Point","coordinates":[-122.4789772,37.72865984]},"properties":{"id":338699246,"category":"park","name":null,"area":5}},{"type":"Feature","geometry":{"type":"Point","coordinates":[-122.47908015,37.727351899999995]},"properties":{"id":338699247,"category":"park","name":null,"area":7}},{"type":"Feature","geometry":{"type":"Point","coordinates":[-122.47778567999998,37.72043582]},"properties":{"id":338699248,"category":"park","name":null,"area":5}},{"type":"Feature","geometry":{"type":"Point","coordinates":[-122.4762096,37.720940325]},"properties":{"id":338699249,"category":"park","name":null,"area":56}},{"type":"Feature","geometry":{"type":"Point","coordinates":[-122.4776389875,37.72314099250001]},"properties":{"id":338699251,"category":"park","name":null,"area":240}},{"type":"Feature","geometry":{"type":"Point","coordinates":[-122.4794171259259,37.72279382222222]},"properties":{"id":338699252,"category":"park","name":null,"area":544}},{"type":"Feature","geometry":{"type":"Point","coordinates":[-122.47735797333331,37.72301830000001]},"properties":{"id":338699253,"category":"park","name":null,"area":54}},{"type":"Feature","geometry":{"type":"Point","coordinates":[-122.47995303953486,37.723635483720926]},"properties":{"id":338699256,"category":"park","name":null,"area":46}},{"type":"Feature","geometry":{"type":"Point","coordinates":[-122.48124248780486,37.72309961219513]},"properties":{"id":338699257,"category":"park","name":null,"area":238}},{"type":"Feature","geometry":{"type":"Point","coordinates":[-122.47923495,37.726849900000005]},"properties":{"id":338699258,"category":"park","name":null,"area":3}},{"type":"Feature","geometry":{"type":"Point","coordinates":[-122.48145823333333,37.72657563333333]},"properties":{"id":338699260,"category":"park","name":null,"area":11}},{"type":"Feature","geometry":{"type":"Point","coordinates":[-122.47918425999998,37.72216364]},"properties":{"id":338699261,"category":"park","name":null,"area":7}},{"type":"Feature","geometry":{"type":"Point","coordinates":[-122.48135028571429,37.720639742857145]},"properties":{"id":338699262,"category":"park","name":null,"area":13}},{"type":"Feature","geometry":{"type":"Point","coordinates":[-122.47935275,37.72078462499999]},"properties":{"id":338699263,"category":"park","name":null,"area":9}},{"type":"Feature","geometry":{"type":"Point","coordinates":[-122.48421496666668,37.72480063333334]},"properties":{"id":338699264,"category":"park","name":null,"area":47}},{"type":"Feature","geometry":{"type":"Point","coordinates":[-122.482362,37.7209932125]},"properties":{"id":338699265,"category":"park","name":null,"area":12}},{"type":"Feature","geometry":{"type":"Point","coordinates":[-122.47966794285715,37.71995285714286]},"properties":{"id":338699267,"category":"park","name":null,"area":10}},{"type":"Feature","geometry":{"type":"Point","coordinates":[-122.47991711428571,37.72381241428571]},"properties":{"id":338699270,"category":"park","name":null,"area":16}},{"type":"Feature","geometry":{"type":"Point","coordinates":[-122.48145276666668,37.7207918]},"properties":{"id":338699272,"category":"park","name":null,"area":4}},{"type":"Feature","geometry":{"type":"Point","coordinates":[-122.47698754000001,37.72138588]},"properties":{"id":338699273,"category":"park","name":null,"area":18}},{"type":"Feature","geometry":{"type":"Point","coordinates":[-122.47934841666665,37.72928668333333]},"properties":{"id":338699274,"category":"park","name":null,"area":21}},{"type":"Feature","geometry":{"type":"Point","coordinates":[-122.48110255,37.722575575]},"properties":{"id":338699275,"category":"park","name":null,"area":31}},{"type":"Feature","geometry":{"type":"Point","coordinates":[-122.47982075000002,37.727435299999996]},"properties":{"id":338699276,"category":"park","name":null,"area":3}},{"type":"Feature","geometry":{"type":"Point","coordinates":[-122.47658795000002,37.72528954]},"properties":{"id":338699277,"category":"park","name":null,"area":30}},{"type":"Feature","geometry":{"type":"Point","coordinates":[-122.482591325,37.721352749999994]},"properties":{"id":338699278,"category":"park","name":null,"area":6}},{"type":"Feature","geometry":{"type":"Point","coordinates":[-122.481539975,37.721984324999994]},"properties":{"id":338699279,"category":"park","name":null,"area":14}},{"type":"Feature","geometry":{"type":"Point","coordinates":[-122.48260308333333,37.72109313333333]},"properties":{"id":338699280,"category":"park","name":null,"area":9}},{"type":"Feature","geometry":{"type":"Point","coordinates":[-122.47702968333334,37.72298383333333]},"properties":{"id":338699281,"category":"park","name":null,"area":38}},{"type":"Feature","geometry":{"type":"Point","coordinates":[-122.47982608,37.72112092]},"properties":{"id":338699282,"category":"park","name":null,"area":7}},{"type":"Feature","geometry":{"type":"Point","coordinates":[-122.48344105999999,37.72133184]},"properties":{"id":338699284,"category":"park","name":null,"area":5}},{"type":"Feature","geometry":{"type":"Point","coordinates":[-122.47683697142858,37.72216265714285]},"properties":{"id":338699285,"category":"park","name":null,"area":5}},{"type":"Feature","geometry":{"type":"Point","coordinates":[-122.48060981666667,37.72744051666667]},"properties":{"id":338699286,"category":"park","name":null,"area":9}},{"type":"Feature","geometry":{"type":"Point","coordinates":[-122.47822296666665,37.723905949999995]},"properties":{"id":338699287,"category":"park","name":null,"area":10}},{"type":"Feature","geometry":{"type":"Point","coordinates":[-122.48264235714285,37.72418847142857]},"properties":{"id":338699288,"category":"park","name":null,"area":14}},{"type":"Feature","geometry":{"type":"Point","coordinates":[-122.48008877500001,37.720478975]},"properties":{"id":338699289,"category":"park","name":null,"area":13}},{"type":"Feature","geometry":{"type":"Point","coordinates":[-122.47640275,37.72538335]},"properties":{"id":338699290,"category":"park","name":null,"area":4}},{"type":"Feature","geometry":{"type":"Point","coordinates":[-122.47962499999998,37.72908974]},"properties":{"id":338699291,"category":"park","name":null,"area":2}},{"type":"Feature","geometry":{"type":"Point","coordinates":[-122.47749686666667,37.72058824999999]},"properties":{"id":338699292,"category":"park","name":null,"area":5}},{"type":"Feature","geometry":{"type":"Point","coordinates":[-122.47875750000001,37.7239588]},"properties":{"id":338699293,"category":"park","name":null,"area":12}},{"type":"Feature","geometry":{"type":"Point","coordinates":[-122.4774878,37.725958775]},"properties":{"id":338699294,"category":"park","name":null,"area":6}},{"type":"Feature","geometry":{"type":"Point","coordinates":[-122.48080945,37.723287975000005]},"properties":{"id":338699296,"category":"park","name":null,"area":3}},{"type":"Feature","geometry":{"type":"Point","coordinates":[-122.48043775000001,37.727305725]},"properties":{"id":338699297,"category":"park","name":null,"area":23}},{"type":"Feature","geometry":{"type":"Point","coordinates":[-122.477028925,37.72100114999999]},"properties":{"id":338699298,"category":"park","name":null,"area":6}},{"type":"Feature","geometry":{"type":"Point","coordinates":[-122.47788578750001,37.7204332]},"properties":{"id":338699299,"category":"park","name":null,"area":5}},{"type":"Feature","geometry":{"type":"Point","coordinates":[-122.47883561666667,37.720486683333334]},"properties":{"id":338699301,"category":"park","name":null,"area":7}},{"type":"Feature","geometry":{"type":"Point","coordinates":[-122.47982018333333,37.72298555]},"properties":{"id":338699302,"category":"park","name":null,"area":23}},{"type":"Feature","geometry":{"type":"Point","coordinates":[-122.47939758333332,37.72024091666667]},"properties":{"id":338699303,"category":"park","name":null,"area":9}},{"type":"Feature","geometry":{"type":"Point","coordinates":[-122.47805056,37.724118280000006]},"properties":{"id":338699304,"category":"park","name":null,"area":100}},{"type":"Feature","geometry":{"type":"Point","coordinates":[-122.4797997875,37.7198464875]},"properties":{"id":338699305,"category":"park","name":null,"area":6}},{"type":"Feature","geometry":{"type":"Point","coordinates":[-122.47849703333334,37.7241308]},"properties":{"id":338699306,"category":"park","name":null,"area":73}},{"type":"Feature","geometry":{"type":"Point","coordinates":[-122.48053425555557,37.722167588888894]},"properties":{"id":338699307,"category":"park","name":null,"area":8}},{"type":"Feature","geometry":{"type":"Point","coordinates":[-122.475927175,37.725008599999995]},"properties":{"id":338699308,"category":"park","name":null,"area":16}},{"type":"Feature","geometry":{"type":"Point","coordinates":[-122.48020636000001,37.7220415]},"properties":{"id":338699309,"category":"park","name":null,"area":41}},{"type":"Feature","geometry":{"type":"Point","coordinates":[-122.47841279999999,37.72391290000001]},"properties":{"id":338699311,"category":"park","name":null,"area":10}},{"type":"Feature","geometry":{"type":"Point","coordinates":[-122.4810722,37.722281575]},"properties":{"id":338699312,"category":"park","name":null,"area":4}},{"type":"Feature","geometry":{"type":"Point","coordinates":[-122.47953904999999,37.71987646666667]},"properties":{"id":338699316,"category":"park","name":null,"area":5}},{"type":"Feature","geometry":{"type":"Point","coordinates":[-122.48034982222222,37.72081915555555]},"properties":{"id":338699317,"category":"park","name":null,"area":13}},{"type":"Feature","geometry":{"type":"Point","coordinates":[-122.47958145555556,37.71984424444444]},"properties":{"id":338699318,"category":"park","name":null,"area":11}},{"type":"Feature","geometry":{"type":"Point","coordinates":[-122.476783875,37.723458324999996]},"properties":{"id":338699319,"category":"park","name":null,"area":72}},{"type":"Feature","geometry":{"type":"Point","coordinates":[-122.47895179999998,37.721020477777785]},"properties":{"id":338699320,"category":"park","name":null,"area":8}},{"type":"Feature","geometry":{"type":"Point","coordinates":[-122.48127691666667,37.725927500000004]},"properties":{"id":338699322,"category":"park","name":null,"area":6}},{"type":"Feature","geometry":{"type":"Point","coordinates":[-122.48274759999998,37.720666488888895]},"properties":{"id":338699323,"category":"park","name":null,"area":8}},{"type":"Feature","geometry":{"type":"Point","coordinates":[-122.4792132,37.72655555]},"properties":{"id":338699327,"category":"park","name":null,"area":1}},{"type":"Feature","geometry":{"type":"Point","coordinates":[-122.4811557,37.7219962]},"properties":{"id":338699328,"category":"park","name":null,"area":68}},{"type":"Feature","geometry":{"type":"Point","coordinates":[-122.4823491125,37.72054107500001]},"properties":{"id":338699329,"category":"park","name":null,"area":17}},{"type":"Feature","geometry":{"type":"Point","coordinates":[-122.48184142499998,37.72051197500001]},"properties":{"id":338699330,"category":"park","name":null,"area":19}},{"type":"Feature","geometry":{"type":"Point","coordinates":[-122.4842137888889,37.72149483333333]},"properties":{"id":338699331,"category":"park","name":null,"area":11}},{"type":"Feature","geometry":{"type":"Point","coordinates":[-122.47892111249999,37.7204909625]},"properties":{"id":338699332,"category":"park","name":null,"area":7}},{"type":"Feature","geometry":{"type":"Point","coordinates":[-122.4754427,37.724872579999996]},"properties":{"id":338699333,"category":"park","name":null,"area":7}},{"type":"Feature","geometry":{"type":"Point","coordinates":[-122.47690084000001,37.72201134]},"properties":{"id":338699334,"category":"park","name":null,"area":5}},{"type":"Feature","geometry":{"type":"Point","coordinates":[-122.47909926,37.72816228]},"properties":{"id":338699335,"category":"park","name":null,"area":2}},{"type":"Feature","geometry":{"type":"Point","coordinates":[-122.48160673750002,37.720914575]},"properties":{"id":338699336,"category":"park","name":null,"area":15}},{"type":"Feature","geometry":{"type":"Point","coordinates":[-122.48014951428571,37.72197421428571]},"properties":{"id":338699337,"category":"park","name":null,"area":22}},{"type":"Feature","geometry":{"type":"Point","coordinates":[-122.47550415999999,37.72500638]},"properties":{"id":338699338,"category":"park","name":null,"area":17}},{"type":"Feature","geometry":{"type":"Point","coordinates":[-122.4800734125,37.72010248749999]},"properties":{"id":338699339,"category":"park","name":null,"area":16}},{"type":"Feature","geometry":{"type":"Point","coordinates":[-122.48090231666667,37.722846116666666]},"properties":{"id":338699340,"category":"park","name":null,"area":29}},{"type":"Feature","geometry":{"type":"Point","coordinates":[-122.48242445,37.72088945]},"properties":{"id":338699341,"category":"park","name":null,"area":3}},{"type":"Feature","geometry":{"type":"Point","coordinates":[-122.47930786666667,37.72740203333333]},"properties":{"id":338699342,"category":"park","name":null,"area":22}},{"type":"Feature","geometry":{"type":"Point","coordinates":[-122.48179136000002,37.72596598]},"properties":{"id":338699344,"category":"park","name":"Habitat Garden","area":10}},{"type":"Feature","geometry":{"type":"Point","coordinates":[-122.48160696666666,37.7258863]},"properties":{"id":338699345,"category":"park","name":"Habitat Garden","area":32}},{"type":"Feature","geometry":{"type":"Point","coordinates":[-122.48188757999999,37.72600668]},"properties":{"id":338699346,"category":"park","name":"Habitat Garden","area":7}},{"type":"Feature","geometry":{"type":"Point","coordinates":[-122.48197230000001,37.72604286]},"properties":{"id":338699347,"category":"park","name":"Habitat Garden","area":7}},{"type":"Feature","geometry":{"type":"Point","coordinates":[-122.47785957333332,37.704985846666666]},"properties":{"id":344029972,"category":"park","name":null,"area":14855}},{"type":"Feature","geometry":{"type":"Point","coordinates":[-122.39120748333335,37.76463252777778]},"properties":{"id":352690312,"category":"park","name":"Mariposa Park","area":8841}},{"type":"Feature","geometry":{"type":"Point","coordinates":[-122.4648059125,37.751901149999995]},"properties":{"id":353551814,"category":"park","name":"J.P. Murphy Playground","area":5059}},{"type":"Feature","geometry":{"type":"Point","coordinates":[-122.46946173,37.7584967]},"properties":{"id":363667951,"category":"park","name":"Alice Fong Yu School Garden","area":515}},{"type":"Feature","geometry":{"type":"Point","coordinates":[-122.4670443,37.768882742857144]},"properties":{"id":367545863,"category":"park","name":"Shakespeare Garden","area":2654}},{"type":"Feature","geometry":{"type":"Point","coordinates":[-122.40542942857142,37.76198057142857]},"properties":{"id":369601560,"category":"park","name":"Benches Park","area":628}},{"type":"Feature","geometry":{"type":"Point","coordinates":[-122.40026009999998,37.76380186666666]},"properties":{"id":369601721,"category":"park","name":"Community Garden","area":184}},{"type":"Feature","geometry":{"type":"Point","coordinates":[-122.44704557058824,37.74417061176471]},"properties":{"id":375344832,"category":"park","name":"McAteer Campus Community Farm","area":2580}},{"type":"Feature","geometry":{"type":"Point","coordinates":[-122.39254265,37.7722123]},"properties":{"id":375747149,"category":"park","name":"Mission Bay Kids Park","area":5080}},{"type":"Feature","geometry":{"type":"Point","coordinates":[-122.48330697826086,37.70768770434783]},"properties":{"id":379766779,"category":"park","name":"Broderick-Terry Duel Landmark Park","area":10628}},{"type":"Feature","geometry":{"type":"Point","coordinates":[-122.41618177500001,37.7384574]},"properties":{"id":381074858,"category":"park","name":"Bernal Recreation Center","area":2888}},{"type":"Feature","geometry":{"type":"Point","coordinates":[-122.39117693333333,37.753680055555556]},"properties":{"id":382085366,"category":"park","name":"Progress Park","area":2124}},{"type":"Feature","geometry":{"type":"Point","coordinates":[-122.44554672105264,37.76331915263158]},"properties":{"id":382113061,"category":"park","name":"Mt. Olympus","area":867}},{"type":"Feature","geometry":{"type":"Point","coordinates":[-122.50268725833332,37.732198524999994]},"properties":{"id":382816207,"category":"park","name":"Greenie's Conservation Corner","area":393}},{"type":"Feature","geometry":{"type":"Point","coordinates":[-122.5012020375,37.7340732]},"properties":{"id":382826072,"category":"park","name":"Prehistoric Garden","area":76}},{"type":"Feature","geometry":{"type":"Point","coordinates":[-122.46369952,37.714534900000004]},"properties":{"id":389247006,"category":"park","name":"Randolph & Bright Mini Park","area":356}},{"type":"Feature","geometry":{"type":"Point","coordinates":[-122.45535281666668,37.70861131666667]},"properties":{"id":389247009,"category":"park","name":"Lessing & Sears Mini Park","area":676}},{"type":"Feature","geometry":{"type":"Point","coordinates":[-122.409025775,37.712388250000004]},"properties":{"id":389262420,"category":"park","name":"Yik Oi Huang Peace and Friendship Park","area":7894}},{"type":"Feature","geometry":{"type":"Point","coordinates":[-122.40587707499999,37.71478611249999]},"properties":{"id":389262854,"category":"park","name":"Visitacion Valley Greenway","area":2180}},{"type":"Feature","geometry":{"type":"Point","coordinates":[-122.42745742,37.77608388]},"properties":{"id":389991180,"category":"park","name":"Hayes Valley Playground","area":2465}},{"type":"Feature","geometry":{"type":"Point","coordinates":[-122.4194894964286,37.701662424999995]},"properties":{"id":390516128,"category":"park","name":"Bayshore Heights Park","area":10023}},{"type":"Feature","geometry":{"type":"Point","coordinates":[-122.46009916363637,37.70061015909091]},"properties":{"id":390544553,"category":"park","name":"Edgewood Park","area":6593}},{"type":"Feature","geometry":{"type":"Point","coordinates":[-122.4647824,37.70655253333334]},"properties":{"id":395706328,"category":"park","name":"John Daly Tot Lot","area":665}},{"type":"Feature","geometry":{"type":"Point","coordinates":[-122.46268293333333,37.71812801666667]},"properties":{"id":396637684,"category":"park","name":"Lakeview and Ashton Mini Park","area":2073}},{"type":"Feature","geometry":{"type":"Point","coordinates":[-122.4720840875,37.780680225]},"properties":{"id":399402796,"category":"park","name":null,"area":137945}},{"type":"Feature","geometry":{"type":"Point","coordinates":[-122.50931191666666,37.76055216666666]},"properties":{"id":400948942,"category":"park","name":"La Playa Park","area":349}},{"type":"Feature","geometry":{"type":"Point","coordinates":[-122.47278732000001,37.78674550666666]},"properties":{"id":401354282,"category":"park","name":null,"area":6745}},{"type":"Feature","geometry":{"type":"Point","coordinates":[-122.47152799545455,37.786961631818194]},"properties":{"id":401354283,"category":"park","name":"Mountain Lake Park","area":53946}},{"type":"Feature","geometry":{"type":"Point","coordinates":[-122.44936308421053,37.738473594736845]},"properties":{"id":401508551,"category":"park","name":"Miraloma Playground","area":8948}},{"type":"Feature","geometry":{"type":"Point","coordinates":[-122.47193417878786,37.7564812530303]},"properties":{"id":402061421,"category":"park","name":"Grand View Park","area":16629}},{"type":"Feature","geometry":{"type":"Point","coordinates":[-122.45926230638295,37.77250089361702]},"properties":{"id":402100693,"category":"park","name":"Dahlia Garden","area":324}},{"type":"Feature","geometry":{"type":"Point","coordinates":[-122.4760096,37.739305349999995]},"properties":{"id":402978882,"category":"park","name":"Larsen Park","area":30613}},{"type":"Feature","geometry":{"type":"Point","coordinates":[-122.49840207333335,37.73174908]},"properties":{"id":404847042,"category":"park","name":null,"area":1274}},{"type":"Feature","geometry":{"type":"Point","coordinates":[-122.49309018255454,37.72184950934583]},"properties":{"id":404847043,"category":"park","name":"Lake Merced Park","area":2459227}},{"type":"Feature","geometry":{"type":"Point","coordinates":[-122.41889199999999,37.77147562857143]},"properties":{"id":407324072,"category":"park","name":null,"area":1044}},{"type":"Feature","geometry":{"type":"Point","coordinates":[-122.39159675499998,37.786785455]},"properties":{"id":412695135,"category":"park","name":"Emerald Park","area":1679}},{"type":"Feature","geometry":{"type":"Point","coordinates":[-122.38335455555554,37.73304695555556]},"properties":{"id":414033716,"category":"park","name":"Hilltop Park","area":14592}},{"type":"Feature","geometry":{"type":"Point","coordinates":[-122.38117198461538,37.73188311538462]},"properties":{"id":414035525,"category":"park","name":"Shoreview Park","area":3540}},{"type":"Feature","geometry":{"type":"Point","coordinates":[-122.49322355555556,37.733328566666664]},"properties":{"id":414135696,"category":"park","name":null,"area":1802}},{"type":"Feature","geometry":{"type":"Point","coordinates":[-122.49417126666667,37.73413551515152]},"properties":{"id":414135697,"category":"park","name":null,"area":5732}},{"type":"Feature","geometry":{"type":"Point","coordinates":[-122.49314879047618,37.73296004285714]},"properties":{"id":414135698,"category":"park","name":null,"area":3020}},{"type":"Feature","geometry":{"type":"Point","coordinates":[-122.49440382272725,37.73326578636364]},"properties":{"id":414135699,"category":"park","name":null,"area":2046}},{"type":"Feature","geometry":{"type":"Point","coordinates":[-122.49354326551722,37.7339331862069]},"properties":{"id":414135700,"category":"park","name":null,"area":5332}},{"type":"Feature","geometry":{"type":"Point","coordinates":[-122.49331536250004,37.73029825]},"properties":{"id":414135702,"category":"park","name":null,"area":8751}},{"type":"Feature","geometry":{"type":"Point","coordinates":[-122.49452190000002,37.73293009354839]},"properties":{"id":414135703,"category":"park","name":null,"area":3341}},{"type":"Feature","geometry":{"type":"Point","coordinates":[-122.49537864545455,37.754267018181814]},"properties":{"id":414135705,"category":"park","name":null,"area":233227}},{"type":"Feature","geometry":{"type":"Point","coordinates":[-122.4940883,37.74135887777778]},"properties":{"id":414135706,"category":"park","name":null,"area":7991}},{"type":"Feature","geometry":{"type":"Point","coordinates":[-122.49462301666667,37.74095846666666]},"properties":{"id":414135707,"category":"park","name":null,"area":7905}},{"type":"Feature","geometry":{"type":"Point","coordinates":[-122.49600876400001,37.72995939]},"properties":{"id":414135708,"category":"park","name":null,"area":11108}},{"type":"Feature","geometry":{"type":"Point","coordinates":[-122.49386691428573,37.737485371428576]},"properties":{"id":414135709,"category":"park","name":null,"area":23562}},{"type":"Feature","geometry":{"type":"Point","coordinates":[-122.49434178181818,37.73678728181819]},"properties":{"id":414135710,"category":"park","name":null,"area":23960}},{"type":"Feature","geometry":{"type":"Point","coordinates":[-122.41578806428572,37.76397335]},"properties":{"id":414887522,"category":"park","name":"In Chan Kaajal Park","area":2916}},{"type":"Feature","geometry":{"type":"Point","coordinates":[-122.51159105405407,37.77768862972973]},"properties":{"id":417405354,"category":"park","name":null,"area":9603}},{"type":"Feature","geometry":{"type":"Point","coordinates":[-122.49486835789475,37.76986765263158]},"properties":{"id":417414576,"category":"park","name":null,"area":4658}},{"type":"Feature","geometry":{"type":"Point","coordinates":[-122.47538404166669,37.72500624166667]},"properties":{"id":425803433,"category":"park","name":null,"area":27}},{"type":"Feature","geometry":{"type":"Point","coordinates":[-122.4330119625,37.7131834875]},"properties":{"id":427290255,"category":"park","name":"Crocker Amazon Community Garden","area":129}},{"type":"Feature","geometry":{"type":"Point","coordinates":[-122.44859480714285,37.721227271428575]},"properties":{"id":429792025,"category":"park","name":"Tara Street Park","area":188}},{"type":"Feature","geometry":{"type":"Point","coordinates":[-122.425998075,37.725004312500005]},"properties":{"id":432386653,"category":"park","name":"Athens Avalon Greens Terace","area":528}},{"type":"Feature","geometry":{"type":"Point","coordinates":[-122.396982575,37.79160254166667]},"properties":{"id":436484314,"category":"park","name":"50 Beale Street Plaza","area":2027}},{"type":"Feature","geometry":{"type":"Point","coordinates":[-122.40681508750001,37.791851099999995]},"properties":{"id":436648688,"category":"park","name":null,"area":1501}},{"type":"Feature","geometry":{"type":"Point","coordinates":[-122.38673230625,37.74650909999999]},"properties":{"id":443135450,"category":"park","name":"Bayview Gateway","area":4775}},{"type":"Feature","geometry":{"type":"Point","coordinates":[-122.392132945,37.77075405499999]},"properties":{"id":446183018,"category":"park","name":"Parklab","area":14657}},{"type":"Feature","geometry":{"type":"Point","coordinates":[-122.40825898333334,37.8048583]},"properties":{"id":446717984,"category":"park","name":"Jack Early Park","area":334}},{"type":"Feature","geometry":{"type":"Point","coordinates":[-122.42373423999997,37.77415878]},"properties":{"id":458217887,"category":"park","name":null,"area":274}},{"type":"Feature","geometry":{"type":"Point","coordinates":[-122.4201307,37.74560295]},"properties":{"id":461786910,"category":"park","name":"Mission Valencia Plaza","area":411}},{"type":"Feature","geometry":{"type":"Point","coordinates":[-122.40882566923077,37.74616347692307]},"properties":{"id":462144467,"category":"park","name":"Mullen & Peralta Mini Park","area":1838}},{"type":"Feature","geometry":{"type":"Point","coordinates":[-122.41872050937499,37.802111915625005]},"properties":{"id":471737901,"category":"park","name":null,"area":100}},{"type":"Feature","geometry":{"type":"Point","coordinates":[-122.41823613846154,37.80218339230769]},"properties":{"id":471737903,"category":"park","name":null,"area":123}},{"type":"Feature","geometry":{"type":"Point","coordinates":[-122.41858978571427,37.80215429428572]},"properties":{"id":471737904,"category":"park","name":null,"area":70}},{"type":"Feature","geometry":{"type":"Point","coordinates":[-122.41920810000002,37.80207470588235]},"properties":{"id":471737905,"category":"park","name":null,"area":159}},{"type":"Feature","geometry":{"type":"Point","coordinates":[-122.41885420344826,37.80213066896552]},"properties":{"id":471737907,"category":"park","name":null,"area":108}},{"type":"Feature","geometry":{"type":"Point","coordinates":[-122.41813235000001,37.802140825]},"properties":{"id":471737908,"category":"park","name":null,"area":24}},{"type":"Feature","geometry":{"type":"Point","coordinates":[-122.41948422499999,37.8020769875]},"properties":{"id":471737910,"category":"park","name":null,"area":24}},{"type":"Feature","geometry":{"type":"Point","coordinates":[-122.41937780370371,37.80202133703704]},"properties":{"id":471737911,"category":"park","name":null,"area":110}},{"type":"Feature","geometry":{"type":"Point","coordinates":[-122.41849832727272,37.80218973636364]},"properties":{"id":471737912,"category":"park","name":null,"area":24}},{"type":"Feature","geometry":{"type":"Point","coordinates":[-122.41906474285716,37.80208461428571]},"properties":{"id":471737913,"category":"park","name":null,"area":36}},{"type":"Feature","geometry":{"type":"Point","coordinates":[-122.41830555833333,37.802131458333335]},"properties":{"id":471737915,"category":"park","name":null,"area":42}},{"type":"Feature","geometry":{"type":"Point","coordinates":[-122.41842805454549,37.80214797727272]},"properties":{"id":471737916,"category":"park","name":null,"area":52}},{"type":"Feature","geometry":{"type":"Point","coordinates":[-122.46369613823532,37.7437744382353]},"properties":{"id":475582880,"category":"park","name":null,"area":576}},{"type":"Feature","geometry":{"type":"Point","coordinates":[-122.45582512,37.789981559999994]},"properties":{"id":475767098,"category":"park","name":null,"area":104}},{"type":"Feature","geometry":{"type":"Point","coordinates":[-122.43782735531914,37.734587544680856]},"properties":{"id":479424639,"category":"park","name":"Bosworth Street Open Space","area":9951}},{"type":"Feature","geometry":{"type":"Point","coordinates":[-122.43884249999999,37.7700962]},"properties":{"id":480114806,"category":"park","name":"Adah's Stairway Garden","area":626}},{"type":"Feature","geometry":{"type":"Point","coordinates":[-122.4466386,37.79402867499999]},"properties":{"id":480159312,"category":"park","name":null,"area":848}},{"type":"Feature","geometry":{"type":"Point","coordinates":[-122.446525,37.793308425]},"properties":{"id":480159313,"category":"park","name":null,"area":2023}},{"type":"Feature","geometry":{"type":"Point","coordinates":[-122.41042064000001,37.72649384]},"properties":{"id":488800989,"category":"park","name":null,"area":993}},{"type":"Feature","geometry":{"type":"Point","coordinates":[-122.44531830000001,37.779041340000006]},"properties":{"id":499192996,"category":"park","name":null,"area":186}},{"type":"Feature","geometry":{"type":"Point","coordinates":[-122.4450509,37.779086750000005]},"properties":{"id":499193148,"category":"park","name":null,"area":181}},{"type":"Feature","geometry":{"type":"Point","coordinates":[-122.4449227,37.779103325]},"properties":{"id":499193392,"category":"park","name":null,"area":187}},{"type":"Feature","geometry":{"type":"Point","coordinates":[-122.44479245,37.7791202]},"properties":{"id":499193393,"category":"park","name":null,"area":187}},{"type":"Feature","geometry":{"type":"Point","coordinates":[-122.44465559999999,37.77915228]},"properties":{"id":499193496,"category":"park","name":null,"area":178}},{"type":"Feature","geometry":{"type":"Point","coordinates":[-122.44454270000001,37.779166339999996]},"properties":{"id":499193654,"category":"park","name":null,"area":187}},{"type":"Feature","geometry":{"type":"Point","coordinates":[-122.44441236,37.77918322]},"properties":{"id":499193705,"category":"park","name":null,"area":183}},{"type":"Feature","geometry":{"type":"Point","coordinates":[-122.44427594000001,37.77920088]},"properties":{"id":499193747,"category":"park","name":null,"area":176}},{"type":"Feature","geometry":{"type":"Point","coordinates":[-122.44414374285714,37.77924215714285]},"properties":{"id":499193853,"category":"park","name":null,"area":191}},{"type":"Feature","geometry":{"type":"Point","coordinates":[-122.4440157857143,37.77925834285714]},"properties":{"id":499193925,"category":"park","name":null,"area":188}},{"type":"Feature","geometry":{"type":"Point","coordinates":[-122.44389386666666,37.779269166666666]},"properties":{"id":499193976,"category":"park","name":null,"area":194}},{"type":"Feature","geometry":{"type":"Point","coordinates":[-122.44517825,37.779070275]},"properties":{"id":501225409,"category":"park","name":null,"area":184}},{"type":"Feature","geometry":{"type":"Point","coordinates":[-122.39293985714286,37.752091042857145]},"properties":{"id":534610947,"category":"park","name":"Tunnel Top Park","area":2406}},{"type":"Feature","geometry":{"type":"Point","coordinates":[-122.39629760000001,37.7668488]},"properties":{"id":534677321,"category":"park","name":"Daggett Park","area":2561}},{"type":"Feature","geometry":{"type":"Point","coordinates":[-122.43253405,37.783356742857144]},"properties":{"id":545347966,"category":"park","name":null,"area":977}},{"type":"Feature","geometry":{"type":"Point","coordinates":[-122.43168385510204,37.780217581632655]},"properties":{"id":545363150,"category":"park","name":"Fillmore & Turk Mini Park","area":1222}},{"type":"Feature","geometry":{"type":"Point","coordinates":[-122.43548092857142,37.78317581071428]},"properties":{"id":545408838,"category":"park","name":"Raymond Kimbell Playground","area":24250}},{"type":"Feature","geometry":{"type":"Point","coordinates":[-122.43494308000001,37.783579534999994]},"properties":{"id":545408848,"category":"park","name":null,"area":14}},{"type":"Feature","geometry":{"type":"Point","coordinates":[-122.43507103636362,37.78351978181818]},"properties":{"id":545408851,"category":"park","name":null,"area":10}},{"type":"Feature","geometry":{"type":"Point","coordinates":[-122.434852125,37.783665925]},"properties":{"id":545408859,"category":"park","name":null,"area":11}},{"type":"Feature","geometry":{"type":"Point","coordinates":[-122.42856536502464,37.7797533221675]},"properties":{"id":545436378,"category":"park","name":null,"area":9061}},{"type":"Feature","geometry":{"type":"Point","coordinates":[-122.42979963499997,37.78510636249999]},"properties":{"id":546510348,"category":"park","name":"Japan Town Peace Plaza","area":2650}},{"type":"Feature","geometry":{"type":"Point","coordinates":[-122.43348451428572,37.77963592857143]},"properties":{"id":546784745,"category":"park","name":"Golden Gate & Steiner Mini Park","area":361}},{"type":"Feature","geometry":{"type":"Point","coordinates":[-122.42598877500001,37.784746975]},"properties":{"id":547204359,"category":"park","name":null,"area":60}},{"type":"Feature","geometry":{"type":"Point","coordinates":[-122.42500475,37.784872299999996]},"properties":{"id":547204360,"category":"park","name":null,"area":61}},{"type":"Feature","geometry":{"type":"Point","coordinates":[-122.43603795,37.783107]},"properties":{"id":548072819,"category":"park","name":"Gateway Community Garden","area":538}},{"type":"Feature","geometry":{"type":"Point","coordinates":[-122.39955344,37.72129048000001]},"properties":{"id":549278881,"category":"park","name":null,"area":562}},{"type":"Feature","geometry":{"type":"Point","coordinates":[-122.39434475,37.78141857999999]},"properties":{"id":549848244,"category":"park","name":null,"area":143}},{"type":"Feature","geometry":{"type":"Point","coordinates":[-122.39346559999998,37.78207887692308]},"properties":{"id":549848246,"category":"park","name":null,"area":76}},{"type":"Feature","geometry":{"type":"Point","coordinates":[-122.39338535263155,37.781979684210526]},"properties":{"id":549848247,"category":"park","name":null,"area":61}},{"type":"Feature","geometry":{"type":"Point","coordinates":[-122.39389325600001,37.781672027999996]},"properties":{"id":549848252,"category":"park","name":null,"area":158}},{"type":"Feature","geometry":{"type":"Point","coordinates":[-122.39401123333334,37.78159313333334]},"properties":{"id":549848255,"category":"park","name":null,"area":7}},{"type":"Feature","geometry":{"type":"Point","coordinates":[-122.3936823,37.7816961]},"properties":{"id":549848257,"category":"park","name":null,"area":94}},{"type":"Feature","geometry":{"type":"Point","coordinates":[-122.39459584285714,37.78122057142857]},"properties":{"id":549848258,"category":"park","name":null,"area":40}},{"type":"Feature","geometry":{"type":"Point","coordinates":[-122.3944733,37.7810953875]},"properties":{"id":549848260,"category":"park","name":null,"area":26}},{"type":"Feature","geometry":{"type":"Point","coordinates":[-122.3939190625,37.7815155625]},"properties":{"id":549848261,"category":"park","name":null,"area":57}},{"type":"Feature","geometry":{"type":"Point","coordinates":[-122.394125075,37.781394875000004]},"properties":{"id":549848262,"category":"park","name":null,"area":3}},{"type":"Feature","geometry":{"type":"Point","coordinates":[-122.39428543333332,37.781219388888886]},"properties":{"id":549848263,"category":"park","name":null,"area":52}},{"type":"Feature","geometry":{"type":"Point","coordinates":[-122.39410121111112,37.78136552222222]},"properties":{"id":549848264,"category":"park","name":null,"area":36}},{"type":"Feature","geometry":{"type":"Point","coordinates":[-122.39368523333331,37.781931511111104]},"properties":{"id":549848265,"category":"park","name":null,"area":40}},{"type":"Feature","geometry":{"type":"Point","coordinates":[-122.42692395,37.787561733333334]},"properties":{"id":552549335,"category":"park","name":"Mary Ellen Pleasant Memorial Park","area":215}},{"type":"Feature","geometry":{"type":"Point","coordinates":[-122.48712961000001,37.77347665]},"properties":{"id":552567025,"category":"park","name":null,"area":11}},{"type":"Feature","geometry":{"type":"Point","coordinates":[-122.48696636666666,37.77330298333334]},"properties":{"id":552567027,"category":"park","name":null,"area":8}},{"type":"Feature","geometry":{"type":"Point","coordinates":[-122.48712646666667,37.77332108666667]},"properties":{"id":552567030,"category":"park","name":null,"area":6}},{"type":"Feature","geometry":{"type":"Point","coordinates":[-122.48678075882356,37.77340869411765]},"properties":{"id":552567032,"category":"park","name":null,"area":20}},{"type":"Feature","geometry":{"type":"Point","coordinates":[-122.48702643333334,37.77344762222222]},"properties":{"id":552567035,"category":"park","name":null,"area":12}},{"type":"Feature","geometry":{"type":"Point","coordinates":[-122.48665328333333,37.773580812499986]},"properties":{"id":552567040,"category":"park","name":null,"area":43}},{"type":"Feature","geometry":{"type":"Point","coordinates":[-122.48667198500002,37.77352268]},"properties":{"id":552567041,"category":"park","name":null,"area":16}},{"type":"Feature","geometry":{"type":"Point","coordinates":[-122.48655815555556,37.773539633333336]},"properties":{"id":552567043,"category":"park","name":null,"area":6}},{"type":"Feature","geometry":{"type":"Point","coordinates":[-122.401179825,37.8040029]},"properties":{"id":565797493,"category":"park","name":null,"area":12}},{"type":"Feature","geometry":{"type":"Point","coordinates":[-122.40112672500001,37.80437795]},"properties":{"id":565797494,"category":"park","name":null,"area":14}},{"type":"Feature","geometry":{"type":"Point","coordinates":[-122.40117966666668,37.80453763333333]},"properties":{"id":565797495,"category":"park","name":null,"area":123}},{"type":"Feature","geometry":{"type":"Point","coordinates":[-122.4013746,37.80461295]},"properties":{"id":565797496,"category":"park","name":null,"area":13}},{"type":"Feature","geometry":{"type":"Point","coordinates":[-122.401748075,37.804648924999995]},"properties":{"id":565797498,"category":"park","name":null,"area":14}},{"type":"Feature","geometry":{"type":"Point","coordinates":[-122.40166063076923,37.80414130769231]},"properties":{"id":565797499,"category":"park","name":null,"area":509}},{"type":"Feature","geometry":{"type":"Point","coordinates":[-122.4021226,37.804897975]},"properties":{"id":565797501,"category":"park","name":null,"area":51}},{"type":"Feature","geometry":{"type":"Point","coordinates":[-122.40191304999999,37.804878125]},"properties":{"id":565797502,"category":"park","name":null,"area":46}},{"type":"Feature","geometry":{"type":"Point","coordinates":[-122.4016894,37.8048572]},"properties":{"id":565797503,"category":"park","name":null,"area":60}},{"type":"Feature","geometry":{"type":"Point","coordinates":[-122.401678675,37.804933999999996]},"properties":{"id":565797505,"category":"park","name":null,"area":98}},{"type":"Feature","geometry":{"type":"Point","coordinates":[-122.40189995,37.804953874999995]},"properties":{"id":565797506,"category":"park","name":null,"area":88}},{"type":"Feature","geometry":{"type":"Point","coordinates":[-122.40213715000002,37.804977225]},"properties":{"id":565797507,"category":"park","name":null,"area":118}},{"type":"Feature","geometry":{"type":"Point","coordinates":[-122.3675524375,37.727340749999996]},"properties":{"id":565996156,"category":"park","name":null,"area":2108}},{"type":"Feature","geometry":{"type":"Point","coordinates":[-122.36673588181817,37.72668124545455]},"properties":{"id":565996157,"category":"park","name":"Hillpoint Park","area":11580}},{"type":"Feature","geometry":{"type":"Point","coordinates":[-122.403808875,37.77209105]},"properties":{"id":570773694,"category":"park","name":"Redwood Grove","area":1031}},{"type":"Feature","geometry":{"type":"Point","coordinates":[-122.40149596956522,37.770096352173915]},"properties":{"id":574610487,"category":"park","name":null,"area":1776}},{"type":"Feature","geometry":{"type":"Point","coordinates":[-122.3927024,37.770660275000004]},"properties":{"id":579664201,"category":"park","name":null,"area":863}},{"type":"Feature","geometry":{"type":"Point","coordinates":[-122.39134672941178,37.775082852941175]},"properties":{"id":579664205,"category":"park","name":"Mission Creek Park","area":6334}},{"type":"Feature","geometry":{"type":"Point","coordinates":[-122.40165927000001,37.78547358]},"properties":{"id":580080143,"category":"park","name":"East Garden","area":1569}},{"type":"Feature","geometry":{"type":"Point","coordinates":[-122.4153602222222,37.78481703333334]},"properties":{"id":585640043,"category":"park","name":"Tenderloin Children's Playground","area":1499}},{"type":"Feature","geometry":{"type":"Point","coordinates":[-122.45782064999999,37.777862983333335]},"properties":{"id":605504214,"category":"park","name":"Rossi Playground Edward St Annex","area":1095}},{"type":"Feature","geometry":{"type":"Point","coordinates":[-122.40410605000001,37.80202815]},"properties":{"id":606005383,"category":"park","name":"Grace Marchant Garden","area":1455}},{"type":"Feature","geometry":{"type":"Point","coordinates":[-122.49603044999999,37.74939068333333]},"properties":{"id":609637441,"category":"park","name":"Sunset Community Garden","area":1770}},{"type":"Feature","geometry":{"type":"Point","coordinates":[-122.50841168518517,37.750293477777774]},"properties":{"id":609650218,"category":"park","name":"Sunset Dunes","area":152873}},{"type":"Feature","geometry":{"type":"Point","coordinates":[-122.39216568749998,37.76881821250001]},"properties":{"id":641734127,"category":"park","name":"UCSF Mission Bay Park","area":2294}},{"type":"Feature","geometry":{"type":"Point","coordinates":[-122.40634340714287,37.805978571428575]},"properties":{"id":651657468,"category":"park","name":"Waterfront Plaza","area":1827}},{"type":"Feature","geometry":{"type":"Point","coordinates":[-122.41572178000003,37.76405075333333]},"properties":{"id":672631829,"category":"park","name":null,"area":388}},{"type":"Feature","geometry":{"type":"Point","coordinates":[-122.5092137,37.759596275]},"properties":{"id":675572533,"category":"park","name":"La Playa Park","area":536}},{"type":"Feature","geometry":{"type":"Point","coordinates":[-122.42546150666666,37.780984266666664]},"properties":{"id":681436080,"category":"park","name":"Margaret S. Hayward Playground","area":20328}},{"type":"Feature","geometry":{"type":"Point","coordinates":[-122.425668825,37.7818032]},"properties":{"id":681436082,"category":"park","name":"Jefferson Square","area":23270}},{"type":"Feature","geometry":{"type":"Point","coordinates":[-122.43665066666667,37.75974953333333]},"properties":{"id":690982876,"category":"park","name":"Eureka Valley Recreation Center","area":7560}},{"type":"Feature","geometry":{"type":"Point","coordinates":[-122.38786586153847,37.71700733076923]},"properties":{"id":692740286,"category":"park","name":"Gilman Playground","area":18939}},{"type":"Feature","geometry":{"type":"Point","coordinates":[-122.46770843703706,37.712305575308655]},"properties":{"id":693102678,"category":"park","name":null,"area":98394}},{"type":"Feature","geometry":{"type":"Point","coordinates":[-122.4788276916667,37.723925941666664]},"properties":{"id":697097987,"category":"park","name":null,"area":86}},{"type":"Feature","geometry":{"type":"Point","coordinates":[-122.454810525,37.774589975]},"properties":{"id":697246134,"category":"park","name":"Kathleen’s Corner","area":8}},{"type":"Feature","geometry":{"type":"Point","coordinates":[-122.47641409999999,37.77493408]},"properties":{"id":701964766,"category":"park","name":"Argonne School Edible Garden and Outdoor Classroom","area":41}},{"type":"Feature","geometry":{"type":"Point","coordinates":[-122.48280475,37.78110207499999]},"properties":{"id":707489009,"category":"park","name":null,"area":18}},{"type":"Feature","geometry":{"type":"Point","coordinates":[-122.43352794230766,37.77638288846154]},"properties":{"id":708985622,"category":"park","name":null,"area":410}},{"type":"Feature","geometry":{"type":"Point","coordinates":[-122.43609810000001,37.776118975]},"properties":{"id":708985623,"category":"park","name":null,"area":80}},{"type":"Feature","geometry":{"type":"Point","coordinates":[-122.4361285,37.776230625]},"properties":{"id":708985624,"category":"park","name":null,"area":55}},{"type":"Feature","geometry":{"type":"Point","coordinates":[-122.41189365,37.7402259]},"properties":{"id":710726117,"category":"park","name":"Prentiss Mini-Park","area":185}},{"type":"Feature","geometry":{"type":"Point","coordinates":[-122.445485225,37.720472075]},"properties":{"id":719036701,"category":"park","name":"Geneva Community Garden","area":949}},{"type":"Feature","geometry":{"type":"Point","coordinates":[-122.4080977388889,37.80805342222223]},"properties":{"id":730336617,"category":"park","name":null,"area":2450}},{"type":"Feature","geometry":{"type":"Point","coordinates":[-122.43494875454545,37.776211890909096]},"properties":{"id":745183964,"category":"park","name":"Alamo Square","area":51283}},{"type":"Feature","geometry":{"type":"Point","coordinates":[-122.4147384375,37.7626858875]},"properties":{"id":746537378,"category":"park","name":null,"area":357}},{"type":"Feature","geometry":{"type":"Point","coordinates":[-122.39165366000002,37.761613839999995]},"properties":{"id":760887307,"category":"park","name":null,"area":11}},{"type":"Feature","geometry":{"type":"Point","coordinates":[-122.39179002727273,37.76162198181818]},"properties":{"id":760887313,"category":"park","name":"Dogpatch Arts Plaza","area":659}},{"type":"Feature","geometry":{"type":"Point","coordinates":[-122.42092198571429,37.8038952095238]},"properties":{"id":772905204,"category":"park","name":"Francisco Park","area":18563}},{"type":"Feature","geometry":{"type":"Point","coordinates":[-122.37575927272728,37.82319153636364]},"properties":{"id":775796578,"category":"park","name":null,"area":6030}},{"type":"Feature","geometry":{"type":"Point","coordinates":[-122.41290356666666,37.77898749583333]},"properties":{"id":790533564,"category":"park","name":null,"area":91}},{"type":"Feature","geometry":{"type":"Point","coordinates":[-122.41280384666668,37.77899508]},"properties":{"id":790533565,"category":"park","name":null,"area":132}},{"type":"Feature","geometry":{"type":"Point","coordinates":[-122.4130970625,37.778881025]},"properties":{"id":790533566,"category":"park","name":null,"area":43}},{"type":"Feature","geometry":{"type":"Point","coordinates":[-122.41293968999999,37.77881584000001]},"properties":{"id":790533567,"category":"park","name":null,"area":47}},{"type":"Feature","geometry":{"type":"Point","coordinates":[-122.4127758,37.77890281]},"properties":{"id":790533568,"category":"park","name":null,"area":21}},{"type":"Feature","geometry":{"type":"Point","coordinates":[-122.41297071,37.7791165]},"properties":{"id":790533569,"category":"park","name":null,"area":22}},{"type":"Feature","geometry":{"type":"Point","coordinates":[-122.41254004285715,37.77844541428571]},"properties":{"id":790533570,"category":"park","name":null,"area":82}},{"type":"Feature","geometry":{"type":"Point","coordinates":[-122.41241532727271,37.77833332727273]},"properties":{"id":790533571,"category":"park","name":null,"area":21}},{"type":"Feature","geometry":{"type":"Point","coordinates":[-122.41238009090911,37.77835063636363]},"properties":{"id":790533572,"category":"park","name":null,"area":55}},{"type":"Feature","geometry":{"type":"Point","coordinates":[-122.38937354,37.772146119999995]},"properties":{"id":817076988,"category":"park","name":null,"area":94}},{"type":"Feature","geometry":{"type":"Point","coordinates":[-122.41536673333333,37.80717636666667]},"properties":{"id":817970857,"category":"park","name":"Frank Cresci Plaza","area":344}},{"type":"Feature","geometry":{"type":"Point","coordinates":[-122.41529789999998,37.800092825]},"properties":{"id":817970858,"category":"park","name":"Molinari Mana Park","area":104}},{"type":"Feature","geometry":{"type":"Point","coordinates":[-122.4723502,37.7595558]},"properties":{"id":827232079,"category":"park","name":"15th Avenue Steps","area":824}},{"type":"Feature","geometry":{"type":"Point","coordinates":[-122.4665843375,37.712721800000004]},"properties":{"id":847874920,"category":"park","name":null,"area":1594}},{"type":"Feature","geometry":{"type":"Point","coordinates":[-122.3871965272727,37.762699233333336]},"properties":{"id":853562207,"category":"park","name":"Crane Cove Park","area":25269}},{"type":"Feature","geometry":{"type":"Point","coordinates":[-122.42121476206894,37.80710864827587]},"properties":{"id":854408185,"category":"park","name":null,"area":1121}},{"type":"Feature","geometry":{"type":"Point","coordinates":[-122.41981697499999,37.80108265]},"properties":{"id":856208650,"category":"park","name":null,"area":122}},{"type":"Feature","geometry":{"type":"Point","coordinates":[-122.36228172727273,37.808098790909085]},"properties":{"id":864175941,"category":"park","name":null,"area":401}},{"type":"Feature","geometry":{"type":"Point","coordinates":[-122.3630386857143,37.809406228571426]},"properties":{"id":864175942,"category":"park","name":null,"area":218}},{"type":"Feature","geometry":{"type":"Point","coordinates":[-122.47004245,37.701744325]},"properties":{"id":866787075,"category":"park","name":null,"area":136}},{"type":"Feature","geometry":{"type":"Point","coordinates":[-122.47022631999998,37.701745360000004]},"properties":{"id":866787076,"category":"park","name":null,"area":22}},{"type":"Feature","geometry":{"type":"Point","coordinates":[-122.3802562,37.73409425]},"properties":{"id":881786125,"category":"park","name":"Hunters Point Community Youth Park","area":8627}},{"type":"Feature","geometry":{"type":"Point","coordinates":[-122.44772483456791,37.751378193827165]},"properties":{"id":894478070,"category":"park","name":null,"area":162884}},{"type":"Feature","geometry":{"type":"Point","coordinates":[-122.44657368915662,37.75531187469879]},"properties":{"id":894478071,"category":"park","name":null,"area":64250}},{"type":"Feature","geometry":{"type":"Point","coordinates":[-122.38241542857143,37.73112842857143]},"properties":{"id":894529444,"category":"park","name":null,"area":184}},{"type":"Feature","geometry":{"type":"Point","coordinates":[-122.39395515,37.78752015]},"properties":{"id":896246128,"category":"park","name":"PG&E Plaza","area":83}},{"type":"Feature","geometry":{"type":"Point","coordinates":[-122.4289699416667,37.77941158333333]},"properties":{"id":908050668,"category":"park","name":"Ella Hill Hutch Community Center","area":9765}},{"type":"Feature","geometry":{"type":"Point","coordinates":[-122.43903445000001,37.756664825]},"properties":{"id":908595641,"category":"park","name":null,"area":104}},{"type":"Feature","geometry":{"type":"Point","coordinates":[-122.43905681666666,37.75695353333332]},"properties":{"id":908595642,"category":"park","name":null,"area":105}},{"type":"Feature","geometry":{"type":"Point","coordinates":[-122.38773725,37.764077875]},"properties":{"id":911711179,"category":"park","name":null,"area":152}},{"type":"Feature","geometry":{"type":"Point","coordinates":[-122.39698275714285,37.761493914285715]},"properties":{"id":918133828,"category":"park","name":null,"area":169}},{"type":"Feature","geometry":{"type":"Point","coordinates":[-122.36953084999999,37.7267471]},"properties":{"id":918165494,"category":"park","name":null,"area":139}},{"type":"Feature","geometry":{"type":"Point","coordinates":[-122.37169168333334,37.72710305]},"properties":{"id":918165497,"category":"park","name":null,"area":608}},{"type":"Feature","geometry":{"type":"Point","coordinates":[-122.45307152000001,37.80050042]},"properties":{"id":934496126,"category":"park","name":null,"area":173}},{"type":"Feature","geometry":{"type":"Point","coordinates":[-122.42094734285716,37.77905608095238]},"properties":{"id":941913562,"category":"park","name":"War Memorial Court","area":1828}},{"type":"Feature","geometry":{"type":"Point","coordinates":[-122.50777665,37.773228849999995]},"properties":{"id":942474012,"category":"park","name":null,"area":7}},{"type":"Feature","geometry":{"type":"Point","coordinates":[-122.4424199090909,37.71980558181819]},"properties":{"id":947495541,"category":"park","name":null,"area":288}},{"type":"Feature","geometry":{"type":"Point","coordinates":[-122.37094325000001,37.7271844]},"properties":{"id":956484465,"category":"park","name":null,"area":144}},{"type":"Feature","geometry":{"type":"Point","coordinates":[-122.37029642499999,37.726821325]},"properties":{"id":956484476,"category":"park","name":null,"area":359}},{"type":"Feature","geometry":{"type":"Point","coordinates":[-122.45818856999999,37.766704700000005]},"properties":{"id":959594547,"category":"park","name":"Plot to Grow Art","area":81}},{"type":"Feature","geometry":{"type":"Point","coordinates":[-122.48364954374998,37.7019687125]},"properties":{"id":960841891,"category":"park","name":"Gateway Garden","area":618}},{"type":"Feature","geometry":{"type":"Point","coordinates":[-122.42042186842106,37.72449365263158]},"properties":{"id":966869142,"category":"park","name":"Joan's Oasis","area":40}},{"type":"Feature","geometry":{"type":"Point","coordinates":[-122.47035237499999,37.73146235]},"properties":{"id":967299438,"category":"park","name":null,"area":74}},{"type":"Feature","geometry":{"type":"Point","coordinates":[-122.47045447500001,37.731412625]},"properties":{"id":967299439,"category":"park","name":null,"area":9}},{"type":"Feature","geometry":{"type":"Point","coordinates":[-122.39242041666665,37.794743575000005]},"properties":{"id":979811984,"category":"park","name":null,"area":89}},{"type":"Feature","geometry":{"type":"Point","coordinates":[-122.41172818,37.7817116]},"properties":{"id":990987745,"category":"park","name":"Oasis at 50 Jones","area":571}},{"type":"Feature","geometry":{"type":"Point","coordinates":[-122.42113045000002,37.757853725]},"properties":{"id":1019793323,"category":"park","name":"Deepistan National Parklet","area":34}},{"type":"Feature","geometry":{"type":"Point","coordinates":[-122.42958370000001,37.78543485]},"properties":{"id":1019881757,"category":"park","name":null,"area":22}},{"type":"Feature","geometry":{"type":"Point","coordinates":[-122.43003822499999,37.7853887]},"properties":{"id":1019881767,"category":"park","name":null,"area":17}},{"type":"Feature","geometry":{"type":"Point","coordinates":[-122.42956316249999,37.7852576875]},"properties":{"id":1019881768,"category":"park","name":null,"area":39}},{"type":"Feature","geometry":{"type":"Point","coordinates":[-122.429523775,37.7851057]},"properties":{"id":1019881769,"category":"park","name":null,"area":37}},{"type":"Feature","geometry":{"type":"Point","coordinates":[-122.42993724,37.785079659999994]},"properties":{"id":1019881779,"category":"park","name":null,"area":81}},{"type":"Feature","geometry":{"type":"Point","coordinates":[-122.4054384625,37.7917517375]},"properties":{"id":1020428742,"category":"park","name":null,"area":42}},{"type":"Feature","geometry":{"type":"Point","coordinates":[-122.40500030833334,37.79212166666667]},"properties":{"id":1020428744,"category":"park","name":null,"area":68}},{"type":"Feature","geometry":{"type":"Point","coordinates":[-122.40510275,37.79208870000001]},"properties":{"id":1020428745,"category":"park","name":null,"area":40}},{"type":"Feature","geometry":{"type":"Point","coordinates":[-122.40494414999999,37.7920087]},"properties":{"id":1020428746,"category":"park","name":null,"area":14}},{"type":"Feature","geometry":{"type":"Point","coordinates":[-122.40513377777776,37.791778199999996]},"properties":{"id":1020428752,"category":"park","name":null,"area":18}},{"type":"Feature","geometry":{"type":"Point","coordinates":[-122.405217,37.79177705]},"properties":{"id":1020428753,"category":"park","name":null,"area":4}},{"type":"Feature","geometry":{"type":"Point","coordinates":[-122.405166764,37.791941871999995]},"properties":{"id":1020428759,"category":"park","name":null,"area":175}},{"type":"Feature","geometry":{"type":"Point","coordinates":[-122.40495708125,37.79175392499999]},"properties":{"id":1020428760,"category":"park","name":null,"area":99}},{"type":"Feature","geometry":{"type":"Point","coordinates":[-122.40482036363636,37.791774736363635]},"properties":{"id":1020428761,"category":"park","name":null,"area":22}},{"type":"Feature","geometry":{"type":"Point","coordinates":[-122.40482716000001,37.79188676]},"properties":{"id":1020428762,"category":"park","name":null,"area":15}},{"type":"Feature","geometry":{"type":"Point","coordinates":[-122.40529982777775,37.792289249999996]},"properties":{"id":1020428766,"category":"park","name":null,"area":25}},{"type":"Feature","geometry":{"type":"Point","coordinates":[-122.40523501333332,37.79214628666667]},"properties":{"id":1020428769,"category":"park","name":null,"area":35}},{"type":"Feature","geometry":{"type":"Point","coordinates":[-122.40537080000001,37.79199023333334]},"properties":{"id":1020428772,"category":"park","name":null,"area":11}},{"type":"Feature","geometry":{"type":"Point","coordinates":[-122.40539206666666,37.7920963]},"properties":{"id":1020428773,"category":"park","name":null,"area":15}},{"type":"Feature","geometry":{"type":"Point","coordinates":[-122.40523845384617,37.791858376923074]},"properties":{"id":1020428777,"category":"park","name":null,"area":55}},{"type":"Feature","geometry":{"type":"Point","coordinates":[-122.40526847777778,37.791735644444444]},"properties":{"id":1020428778,"category":"park","name":null,"area":149}},{"type":"Feature","geometry":{"type":"Point","coordinates":[-122.4122472894737,37.79196946315789]},"properties":{"id":1020430415,"category":"park","name":null,"area":8}},{"type":"Feature","geometry":{"type":"Point","coordinates":[-122.4035413,37.792482500000006]},"properties":{"id":1020479487,"category":"park","name":null,"area":75}},{"type":"Feature","geometry":{"type":"Point","coordinates":[-122.4023571,37.784193125]},"properties":{"id":1025679432,"category":"park","name":null,"area":35}},{"type":"Feature","geometry":{"type":"Point","coordinates":[-122.40230271666667,37.784017983333335]},"properties":{"id":1025679434,"category":"park","name":null,"area":16}},{"type":"Feature","geometry":{"type":"Point","coordinates":[-122.40220455000001,37.783921600000006]},"properties":{"id":1025679435,"category":"park","name":null,"area":13}},{"type":"Feature","geometry":{"type":"Point","coordinates":[-122.40233843000001,37.78394452]},"properties":{"id":1025679436,"category":"park","name":null,"area":49}},{"type":"Feature","geometry":{"type":"Point","coordinates":[-122.40248318888888,37.78408885555556]},"properties":{"id":1025679437,"category":"park","name":null,"area":41}},{"type":"Feature","geometry":{"type":"Point","coordinates":[-122.40241586666667,37.7841334]},"properties":{"id":1025679438,"category":"park","name":null,"area":46}},{"type":"Feature","geometry":{"type":"Point","coordinates":[-122.40177614999999,37.784395849999996]},"properties":{"id":1025679440,"category":"park","name":null,"area":155}},{"type":"Feature","geometry":{"type":"Point","coordinates":[-122.40194125,37.784278650000005]},"properties":{"id":1025679441,"category":"park","name":null,"area":127}},{"type":"Feature","geometry":{"type":"Point","coordinates":[-122.409791775,37.8005105]},"properties":{"id":1029500595,"category":"park","name":null,"area":37}},{"type":"Feature","geometry":{"type":"Point","coordinates":[-122.41078418888888,37.80097780000001]},"properties":{"id":1029683865,"category":"park","name":null,"area":194}},{"type":"Feature","geometry":{"type":"Point","coordinates":[-122.40951622631579,37.80101728421053]},"properties":{"id":1029683866,"category":"park","name":null,"area":236}},{"type":"Feature","geometry":{"type":"Point","coordinates":[-122.40951115000001,37.801204750000004]},"properties":{"id":1029683867,"category":"park","name":null,"area":35}},{"type":"Feature","geometry":{"type":"Point","coordinates":[-122.40980975454545,37.801173390909085]},"properties":{"id":1029683868,"category":"park","name":null,"area":336}},{"type":"Feature","geometry":{"type":"Point","coordinates":[-122.464677175,37.7034624]},"properties":{"id":1031067803,"category":"park","name":null,"area":112}},{"type":"Feature","geometry":{"type":"Point","coordinates":[-122.390200525,37.752610275]},"properties":{"id":1037430383,"category":"park","name":"25th Street Green Space","area":121}},{"type":"Feature","geometry":{"type":"Point","coordinates":[-122.38914396666667,37.756676516666666]},"properties":{"id":1037431381,"category":"park","name":"Angel Alley","area":197}},{"type":"Feature","geometry":{"type":"Point","coordinates":[-122.3928175,37.755687200000004]},"properties":{"id":1037465033,"category":"park","name":"Pennsylvania Avenue Green Space","area":248}},{"type":"Feature","geometry":{"type":"Point","coordinates":[-122.3915678,37.755098149999995]},"properties":{"id":1037465094,"category":"park","name":"The Gears","area":47}},{"type":"Feature","geometry":{"type":"Point","coordinates":[-122.3955747,37.726274999999994]},"properties":{"id":1039374753,"category":"park","name":null,"area":249}},{"type":"Feature","geometry":{"type":"Point","coordinates":[-122.42524264,37.8046796]},"properties":{"id":1047546543,"category":"park","name":null,"area":196}},{"type":"Feature","geometry":{"type":"Point","coordinates":[-122.42367278000002,37.797253139999995]},"properties":{"id":1047613689,"category":"park","name":null,"area":49}},{"type":"Feature","geometry":{"type":"Point","coordinates":[-122.42380003999999,37.79731256]},"properties":{"id":1047613690,"category":"park","name":null,"area":93}},{"type":"Feature","geometry":{"type":"Point","coordinates":[-122.42390555,37.797832275000005]},"properties":{"id":1047613697,"category":"park","name":null,"area":47}},{"type":"Feature","geometry":{"type":"Point","coordinates":[-122.42416482499999,37.799093575]},"properties":{"id":1047613701,"category":"park","name":null,"area":31}},{"type":"Feature","geometry":{"type":"Point","coordinates":[-122.42413795,37.79924033333334]},"properties":{"id":1047613703,"category":"park","name":null,"area":51}},{"type":"Feature","geometry":{"type":"Point","coordinates":[-122.42428749999999,37.79995885]},"properties":{"id":1047613720,"category":"park","name":null,"area":270}},{"type":"Feature","geometry":{"type":"Point","coordinates":[-122.42485070000001,37.802748550000004]},"properties":{"id":1047613741,"category":"park","name":null,"area":221}},{"type":"Feature","geometry":{"type":"Point","coordinates":[-122.38842546666667,37.77006441666666]},"properties":{"id":1047715315,"category":"park","name":null,"area":418}},{"type":"Feature","geometry":{"type":"Point","coordinates":[-122.38856155714286,37.769893990476184]},"properties":{"id":1047715319,"category":"park","name":null,"area":4146}},{"type":"Feature","geometry":{"type":"Point","coordinates":[-122.40000479999999,37.768076183333335]},"properties":{"id":1050667238,"category":"park","name":null,"area":161}},{"type":"Feature","geometry":{"type":"Point","coordinates":[-122.3999262,37.76823295714286]},"properties":{"id":1050667239,"category":"park","name":null,"area":165}},{"type":"Feature","geometry":{"type":"Point","coordinates":[-122.4132712,37.7652066]},"properties":{"id":1052763860,"category":"park","name":"Treat Plaza","area":235}},{"type":"Feature","geometry":{"type":"Point","coordinates":[-122.38278604871796,37.723749602564105]},"properties":{"id":1052927678,"category":"park","name":"Yosemite Slough","area":55115}},{"type":"Feature","geometry":{"type":"Point","coordinates":[-122.40630744444444,37.78162975555556]},"properties":{"id":1059959157,"category":"park","name":"The Parks at 5M","area":1026}},{"type":"Feature","geometry":{"type":"Point","coordinates":[-122.46982713506493,37.76865677142858]},"properties":{"id":1061916354,"category":"park","name":"Ancient Plant Garden","area":2406}},{"type":"Feature","geometry":{"type":"Point","coordinates":[-122.4268114470588,37.75908565882354]},"properties":{"id":1061937233,"category":"park","name":null,"area":169}},{"type":"Feature","geometry":{"type":"Point","coordinates":[-122.42644186428569,37.758705503571434]},"properties":{"id":1061937234,"category":"park","name":null,"area":63}},{"type":"Feature","geometry":{"type":"Point","coordinates":[-122.42774366428571,37.75961122857143]},"properties":{"id":1061937238,"category":"park","name":null,"area":114}},{"type":"Feature","geometry":{"type":"Point","coordinates":[-122.42775229444445,37.75984177777778]},"properties":{"id":1061937239,"category":"park","name":null,"area":91}},{"type":"Feature","geometry":{"type":"Point","coordinates":[-122.42770589999999,37.75973437500001]},"properties":{"id":1061937240,"category":"park","name":null,"area":102}},{"type":"Feature","geometry":{"type":"Point","coordinates":[-122.4262664090909,37.759819445454546]},"properties":{"id":1061937243,"category":"park","name":null,"area":25}},{"type":"Feature","geometry":{"type":"Point","coordinates":[-122.42711604210524,37.75976785263158]},"properties":{"id":1061937252,"category":"park","name":null,"area":188}},{"type":"Feature","geometry":{"type":"Point","coordinates":[-122.427628375,37.760809275]},"properties":{"id":1061951133,"category":"park","name":null,"area":14}},{"type":"Feature","geometry":{"type":"Point","coordinates":[-122.47017050943396,37.7664788792453]},"properties":{"id":1062131979,"category":"park","name":"California Native Garden","area":9156}},{"type":"Feature","geometry":{"type":"Point","coordinates":[-122.46737004864868,37.76769915135135]},"properties":{"id":1062532259,"category":"park","name":"Celebration Garden","area":6471}},{"type":"Feature","geometry":{"type":"Point","coordinates":[-122.47050577612909,37.76796826580644]},"properties":{"id":1062555888,"category":"park","name":"New Zealand Garden","area":8518}},{"type":"Feature","geometry":{"type":"Point","coordinates":[-122.46905564666667,37.768488708333344]},"properties":{"id":1062785131,"category":"park","name":"Rhododendron Garden","area":4808}},{"type":"Feature","geometry":{"type":"Point","coordinates":[-122.4693482203883,37.768244692233026]},"properties":{"id":1062787288,"category":"park","name":"Mediterranean Garden","area":2773}},{"type":"Feature","geometry":{"type":"Point","coordinates":[-122.4708880357143,37.76860262142857]},"properties":{"id":1063071356,"category":"park","name":"Gondwana Circle","area":69}},{"type":"Feature","geometry":{"type":"Point","coordinates":[-122.4699722051281,37.767350765811976]},"properties":{"id":1063087368,"category":"park","name":"South Africa Garden","area":7368}},{"type":"Feature","geometry":{"type":"Point","coordinates":[-122.47244419000002,37.76685561166667]},"properties":{"id":1063379488,"category":"park","name":"Succulent Garden","area":2285}},{"type":"Feature","geometry":{"type":"Point","coordinates":[-122.4694058875,37.767430270833344]},"properties":{"id":1064987745,"category":"park","name":null,"area":199}},{"type":"Feature","geometry":{"type":"Point","coordinates":[-122.42088853750003,37.804070854166675]},"properties":{"id":1074376439,"category":"park","name":null,"area":195}},{"type":"Feature","geometry":{"type":"Point","coordinates":[-122.42060677333333,37.80392361333334]},"properties":{"id":1074376462,"category":"park","name":null,"area":74}},{"type":"Feature","geometry":{"type":"Point","coordinates":[-122.42032986,37.80419044]},"properties":{"id":1074393499,"category":"park","name":null,"area":193}},{"type":"Feature","geometry":{"type":"Point","coordinates":[-122.36221157058823,37.807494494117634]},"properties":{"id":1102318348,"category":"park","name":null,"area":36}},{"type":"Feature","geometry":{"type":"Point","coordinates":[-122.36166178333333,37.810628333333334]},"properties":{"id":1102337210,"category":"park","name":null,"area":65}},{"type":"Feature","geometry":{"type":"Point","coordinates":[-122.36168612222224,37.81087213333333]},"properties":{"id":1102337211,"category":"park","name":null,"area":168}},{"type":"Feature","geometry":{"type":"Point","coordinates":[-122.362195625,37.81088276250001]},"properties":{"id":1102337212,"category":"park","name":null,"area":199}},{"type":"Feature","geometry":{"type":"Point","coordinates":[-122.36210278181817,37.81068821818181]},"properties":{"id":1102337213,"category":"park","name":null,"area":255}},{"type":"Feature","geometry":{"type":"Point","coordinates":[-122.36230843333333,37.811802390000004]},"properties":{"id":1102558777,"category":"park","name":null,"area":1079}},{"type":"Feature","geometry":{"type":"Point","coordinates":[-122.36241476000002,37.81207193]},"properties":{"id":1102558778,"category":"park","name":null,"area":110}},{"type":"Feature","geometry":{"type":"Point","coordinates":[-122.36182038823529,37.812538685294115]},"properties":{"id":1102558779,"category":"park","name":null,"area":1294}},{"type":"Feature","geometry":{"type":"Point","coordinates":[-122.40249337368424,37.78324778421054]},"properties":{"id":1116462950,"category":"park","name":null,"area":26}},{"type":"Feature","geometry":{"type":"Point","coordinates":[-122.47229893999999,37.75499253333333]},"properties":{"id":1117035593,"category":"park","name":"Grandview Open Space","area":2954}},{"type":"Feature","geometry":{"type":"Point","coordinates":[-122.40077676363636,37.783726122727266]},"properties":{"id":1120929496,"category":"park","name":null,"area":217}},{"type":"Feature","geometry":{"type":"Point","coordinates":[-122.40108798333333,37.7835508111111]},"properties":{"id":1120929498,"category":"park","name":null,"area":104}},{"type":"Feature","geometry":{"type":"Point","coordinates":[-122.40061964166667,37.78354434166666]},"properties":{"id":1120929518,"category":"park","name":"Learning Garden","area":100}},{"type":"Feature","geometry":{"type":"Point","coordinates":[-122.40056492333336,37.78351788666667]},"properties":{"id":1120929519,"category":"park","name":null,"area":219}},{"type":"Feature","geometry":{"type":"Point","coordinates":[-122.40196831428572,37.78354292857143]},"properties":{"id":1121092947,"category":"park","name":null,"area":59}},{"type":"Feature","geometry":{"type":"Point","coordinates":[-122.40183926,37.78355242999999]},"properties":{"id":1121092949,"category":"park","name":null,"area":66}},{"type":"Feature","geometry":{"type":"Point","coordinates":[-122.40192472500001,37.783652575]},"properties":{"id":1121092950,"category":"park","name":null,"area":7}},{"type":"Feature","geometry":{"type":"Point","coordinates":[-122.40175101666667,37.78365478333333]},"properties":{"id":1121092953,"category":"park","name":null,"area":23}},{"type":"Feature","geometry":{"type":"Point","coordinates":[-122.40169153,37.78365151]},"properties":{"id":1121092954,"category":"park","name":null,"area":97}},{"type":"Feature","geometry":{"type":"Point","coordinates":[-122.40190172,37.78371398]},"properties":{"id":1121092955,"category":"park","name":null,"area":22}},{"type":"Feature","geometry":{"type":"Point","coordinates":[-122.40202721666667,37.7838106]},"properties":{"id":1121092956,"category":"park","name":null,"area":27}},{"type":"Feature","geometry":{"type":"Point","coordinates":[-122.40206524999999,37.783852425]},"properties":{"id":1121092957,"category":"park","name":null,"area":20}},{"type":"Feature","geometry":{"type":"Point","coordinates":[-122.4021213,37.78380645]},"properties":{"id":1121092958,"category":"park","name":null,"area":23}},{"type":"Feature","geometry":{"type":"Point","coordinates":[-122.4015846,37.78349407142857]},"properties":{"id":1121092959,"category":"park","name":null,"area":24}},{"type":"Feature","geometry":{"type":"Point","coordinates":[-122.4640326857143,37.7432786047619]},"properties":{"id":1137988697,"category":"park","name":null,"area":725}},{"type":"Feature","geometry":{"type":"Point","coordinates":[-122.41364100357141,37.754373060714286]},"properties":{"id":1151320133,"category":"park","name":null,"area":21}},{"type":"Feature","geometry":{"type":"Point","coordinates":[-122.38180083333333,37.73454926666667]},"properties":{"id":1152610527,"category":"park","name":"Northridge Coop CommUNITY Garden","area":737}},{"type":"Feature","geometry":{"type":"Point","coordinates":[-122.3917390142857,37.77481077142857]},"properties":{"id":1159296631,"category":"park","name":null,"area":147}},{"type":"Feature","geometry":{"type":"Point","coordinates":[-122.39153003000001,37.774965429999995]},"properties":{"id":1159296632,"category":"park","name":null,"area":216}},{"type":"Feature","geometry":{"type":"Point","coordinates":[-122.39121948333332,37.77521406666666]},"properties":{"id":1159296633,"category":"park","name":null,"area":330}},{"type":"Feature","geometry":{"type":"Point","coordinates":[-122.39099589,37.775413529999994]},"properties":{"id":1159296634,"category":"park","name":null,"area":109}},{"type":"Feature","geometry":{"type":"Point","coordinates":[-122.3908407333333,37.775551444444446]},"properties":{"id":1159296635,"category":"park","name":null,"area":66}},{"type":"Feature","geometry":{"type":"Point","coordinates":[-122.39064189999999,37.77568644615384]},"properties":{"id":1159296636,"category":"park","name":null,"area":256}},{"type":"Feature","geometry":{"type":"Point","coordinates":[-122.39041558333334,37.77584243333333]},"properties":{"id":1159296637,"category":"park","name":null,"area":119}},{"type":"Feature","geometry":{"type":"Point","coordinates":[-122.3902103584416,37.791767189610376]},"properties":{"id":1164309740,"category":"park","name":null,"area":1602}},{"type":"Feature","geometry":{"type":"Point","coordinates":[-122.3901565846154,37.79196561538461]},"properties":{"id":1164309744,"category":"park","name":null,"area":33}},{"type":"Feature","geometry":{"type":"Point","coordinates":[-122.389962025,37.791784006250005]},"properties":{"id":1164309745,"category":"park","name":null,"area":59}},{"type":"Feature","geometry":{"type":"Point","coordinates":[-122.38998509130434,37.79147343478262]},"properties":{"id":1164309746,"category":"park","name":null,"area":536}},{"type":"Feature","geometry":{"type":"Point","coordinates":[-122.38973831999999,37.791019567999996]},"properties":{"id":1164309747,"category":"park","name":null,"area":39}},{"type":"Feature","geometry":{"type":"Point","coordinates":[-122.38962630666668,37.791489080000005]},"properties":{"id":1164309748,"category":"park","name":null,"area":41}},{"type":"Feature","geometry":{"type":"Point","coordinates":[-122.38961562499998,37.79143165]},"properties":{"id":1164309749,"category":"park","name":null,"area":24}},{"type":"Feature","geometry":{"type":"Point","coordinates":[-122.389591525,37.79094546666666]},"properties":{"id":1164309751,"category":"park","name":null,"area":193}},{"type":"Feature","geometry":{"type":"Point","coordinates":[-122.38922411739132,37.791059517391304]},"properties":{"id":1164309753,"category":"park","name":null,"area":74}},{"type":"Feature","geometry":{"type":"Point","coordinates":[-122.42810350625,37.773629943749995]},"properties":{"id":1164692669,"category":"park","name":"Page Street Community Garden","area":305}},{"type":"Feature","geometry":{"type":"Point","coordinates":[-122.4441231625,37.781024675]},"properties":{"id":1167361371,"category":"park","name":null,"area":89}},{"type":"Feature","geometry":{"type":"Point","coordinates":[-122.4442383,37.78091845]},"properties":{"id":1167361372,"category":"park","name":null,"area":155}},{"type":"Feature","geometry":{"type":"Point","coordinates":[-122.44410370000001,37.78092676666667]},"properties":{"id":1167361373,"category":"park","name":null,"area":103}},{"type":"Feature","geometry":{"type":"Point","coordinates":[-122.444226725,37.78079785]},"properties":{"id":1167361374,"category":"park","name":null,"area":160}},{"type":"Feature","geometry":{"type":"Point","coordinates":[-122.44406181428569,37.78082392857142]},"properties":{"id":1167361375,"category":"park","name":null,"area":132}},{"type":"Feature","geometry":{"type":"Point","coordinates":[-122.44423076000001,37.780702899999994]},"properties":{"id":1167361376,"category":"park","name":null,"area":177}},{"type":"Feature","geometry":{"type":"Point","coordinates":[-122.44406525,37.7807139]},"properties":{"id":1167361377,"category":"park","name":null,"area":128}},{"type":"Feature","geometry":{"type":"Point","coordinates":[-122.44398851111113,37.78062203333334]},"properties":{"id":1167361379,"category":"park","name":null,"area":149}},{"type":"Feature","geometry":{"type":"Point","coordinates":[-122.44419422499999,37.780592325]},"properties":{"id":1167361380,"category":"park","name":null,"area":181}},{"type":"Feature","geometry":{"type":"Point","coordinates":[-122.443977425,37.780522]},"properties":{"id":1167361381,"category":"park","name":null,"area":152}},{"type":"Feature","geometry":{"type":"Point","coordinates":[-122.44420761666667,37.78047563333333]},"properties":{"id":1167361382,"category":"park","name":null,"area":175}},{"type":"Feature","geometry":{"type":"Point","coordinates":[-122.44396748333332,37.780425683333334]},"properties":{"id":1167361383,"category":"park","name":null,"area":178}},{"type":"Feature","geometry":{"type":"Point","coordinates":[-122.44420341666667,37.78039281666667]},"properties":{"id":1167361384,"category":"park","name":null,"area":192}},{"type":"Feature","geometry":{"type":"Point","coordinates":[-122.44420194285713,37.78027611428571]},"properties":{"id":1167361385,"category":"park","name":null,"area":205}},{"type":"Feature","geometry":{"type":"Point","coordinates":[-122.44393884285714,37.78031361428571]},"properties":{"id":1167361386,"category":"park","name":null,"area":182}},{"type":"Feature","geometry":{"type":"Point","coordinates":[-122.44393823333333,37.780204866666665]},"properties":{"id":1167361388,"category":"park","name":null,"area":182}},{"type":"Feature","geometry":{"type":"Point","coordinates":[-122.44418936666666,37.780134950000004]},"properties":{"id":1167361389,"category":"park","name":null,"area":403}},{"type":"Feature","geometry":{"type":"Point","coordinates":[-122.4441334375,37.77996735]},"properties":{"id":1167361391,"category":"park","name":null,"area":207}},{"type":"Feature","geometry":{"type":"Point","coordinates":[-122.44396947499999,37.780100274999995]},"properties":{"id":1167361392,"category":"park","name":null,"area":149}},{"type":"Feature","geometry":{"type":"Point","coordinates":[-122.44395310000002,37.779996425]},"properties":{"id":1167361393,"category":"park","name":null,"area":155}},{"type":"Feature","geometry":{"type":"Point","coordinates":[-122.4438835875,37.779908825]},"properties":{"id":1167361394,"category":"park","name":null,"area":184}},{"type":"Feature","geometry":{"type":"Point","coordinates":[-122.44413852,37.779872749999996]},"properties":{"id":1167361395,"category":"park","name":null,"area":214}},{"type":"Feature","geometry":{"type":"Point","coordinates":[-122.444066625,37.7797744]},"properties":{"id":1167361396,"category":"park","name":null,"area":126}},{"type":"Feature","geometry":{"type":"Point","coordinates":[-122.44389008571427,37.77979834285714]},"properties":{"id":1167361397,"category":"park","name":null,"area":162}},{"type":"Feature","geometry":{"type":"Point","coordinates":[-122.44381714444444,37.779668977777774]},"properties":{"id":1167361398,"category":"park","name":null,"area":195}},{"type":"Feature","geometry":{"type":"Point","coordinates":[-122.44407001250002,37.7796651125]},"properties":{"id":1167361399,"category":"park","name":null,"area":130}},{"type":"Feature","geometry":{"type":"Point","coordinates":[-122.44510612857142,37.78035384285714]},"properties":{"id":1167389987,"category":"park","name":null,"area":138}},{"type":"Feature","geometry":{"type":"Point","coordinates":[-122.44498414,37.7803636]},"properties":{"id":1167389988,"category":"park","name":null,"area":72}},{"type":"Feature","geometry":{"type":"Point","coordinates":[-122.4449751,37.78020228571428]},"properties":{"id":1167389989,"category":"park","name":null,"area":142}},{"type":"Feature","geometry":{"type":"Point","coordinates":[-122.44506609999999,37.780055299999994]},"properties":{"id":1167389990,"category":"park","name":null,"area":92}},{"type":"Feature","geometry":{"type":"Point","coordinates":[-122.44506458571428,37.780171728571425]},"properties":{"id":1167389991,"category":"park","name":null,"area":86}},{"type":"Feature","geometry":{"type":"Point","coordinates":[-122.44507811666665,37.77994796666667]},"properties":{"id":1167389993,"category":"park","name":null,"area":144}},{"type":"Feature","geometry":{"type":"Point","coordinates":[-122.445033525,37.77984525]},"properties":{"id":1167389994,"category":"park","name":null,"area":97}},{"type":"Feature","geometry":{"type":"Point","coordinates":[-122.44494325,37.779839233333334]},"properties":{"id":1167389995,"category":"park","name":null,"area":86}},{"type":"Feature","geometry":{"type":"Point","coordinates":[-122.44505344000001,37.7802454]},"properties":{"id":1167389996,"category":"park","name":null,"area":83}},{"type":"Feature","geometry":{"type":"Point","coordinates":[-122.44510857499999,37.780645825]},"properties":{"id":1167389997,"category":"park","name":null,"area":113}},{"type":"Feature","geometry":{"type":"Point","coordinates":[-122.44510728750001,37.780505087499996]},"properties":{"id":1167389998,"category":"park","name":null,"area":184}},{"type":"Feature","geometry":{"type":"Point","coordinates":[-122.444959375,37.779959149999996]},"properties":{"id":1167389999,"category":"park","name":null,"area":70}},{"type":"Feature","geometry":{"type":"Point","coordinates":[-122.4449226125,37.779756924999994]},"properties":{"id":1167390000,"category":"park","name":null,"area":57}},{"type":"Feature","geometry":{"type":"Point","coordinates":[-122.44504254285717,37.77975038571429]},"properties":{"id":1167390001,"category":"park","name":null,"area":145}},{"type":"Feature","geometry":{"type":"Point","coordinates":[-122.445027575,37.779609758333336]},"properties":{"id":1167390002,"category":"park","name":null,"area":177}},{"type":"Feature","geometry":{"type":"Point","coordinates":[-122.44490719999999,37.779659233333334]},"properties":{"id":1167390003,"category":"park","name":null,"area":43}},{"type":"Feature","geometry":{"type":"Point","coordinates":[-122.444866625,37.779553675]},"properties":{"id":1167390004,"category":"park","name":null,"area":128}},{"type":"Feature","geometry":{"type":"Point","coordinates":[-122.4449975,37.78068389999999]},"properties":{"id":1167390006,"category":"park","name":null,"area":68}},{"type":"Feature","geometry":{"type":"Point","coordinates":[-122.4449741,37.78006175]},"properties":{"id":1167390007,"category":"park","name":null,"area":57}},{"type":"Feature","geometry":{"type":"Point","coordinates":[-122.44498891428573,37.7795165]},"properties":{"id":1167390008,"category":"park","name":null,"area":93}},{"type":"Feature","geometry":{"type":"Point","coordinates":[-122.44310706666664,37.77981716666667]},"properties":{"id":1167537862,"category":"park","name":null,"area":176}},{"type":"Feature","geometry":{"type":"Point","coordinates":[-122.44299208333332,37.77978974166667]},"properties":{"id":1167537864,"category":"park","name":null,"area":60}},{"type":"Feature","geometry":{"type":"Point","coordinates":[-122.44296655714285,37.779904571428574]},"properties":{"id":1167537865,"category":"park","name":null,"area":158}},{"type":"Feature","geometry":{"type":"Point","coordinates":[-122.44295856666668,37.78000525]},"properties":{"id":1167537866,"category":"park","name":null,"area":159}},{"type":"Feature","geometry":{"type":"Point","coordinates":[-122.44311871428572,37.77999235714286]},"properties":{"id":1167537867,"category":"park","name":null,"area":130}},{"type":"Feature","geometry":{"type":"Point","coordinates":[-122.44298353750001,37.7802159]},"properties":{"id":1167537869,"category":"park","name":null,"area":153}},{"type":"Feature","geometry":{"type":"Point","coordinates":[-122.4429914125,37.7800961125]},"properties":{"id":1167537870,"category":"park","name":null,"area":152}},{"type":"Feature","geometry":{"type":"Point","coordinates":[-122.443145475,37.780271500000005]},"properties":{"id":1167537871,"category":"park","name":null,"area":133}},{"type":"Feature","geometry":{"type":"Point","coordinates":[-122.4430299,37.7803175]},"properties":{"id":1167537872,"category":"park","name":null,"area":134}},{"type":"Feature","geometry":{"type":"Point","coordinates":[-122.44308464000001,37.7805118]},"properties":{"id":1167537874,"category":"park","name":null,"area":139}},{"type":"Feature","geometry":{"type":"Point","coordinates":[-122.44309633333332,37.78062248333334]},"properties":{"id":1167537875,"category":"park","name":null,"area":142}},{"type":"Feature","geometry":{"type":"Point","coordinates":[-122.44320305555556,37.78057548888889]},"properties":{"id":1167537876,"category":"park","name":null,"area":72}},{"type":"Feature","geometry":{"type":"Point","coordinates":[-122.44320848,37.78067662]},"properties":{"id":1167537877,"category":"park","name":null,"area":71}},{"type":"Feature","geometry":{"type":"Point","coordinates":[-122.443123575,37.780708775]},"properties":{"id":1167537878,"category":"park","name":null,"area":127}},{"type":"Feature","geometry":{"type":"Point","coordinates":[-122.44315416666666,37.78082448333333]},"properties":{"id":1167537879,"category":"park","name":null,"area":129}},{"type":"Feature","geometry":{"type":"Point","coordinates":[-122.44329637000001,37.78089464]},"properties":{"id":1167537880,"category":"park","name":null,"area":89}},{"type":"Feature","geometry":{"type":"Point","coordinates":[-122.44324139999999,37.78076915]},"properties":{"id":1167537881,"category":"park","name":null,"area":77}},{"type":"Feature","geometry":{"type":"Point","coordinates":[-122.44317858,37.78092074]},"properties":{"id":1167537882,"category":"park","name":null,"area":124}},{"type":"Feature","geometry":{"type":"Point","coordinates":[-122.44322533333333,37.78104476111111]},"properties":{"id":1167537883,"category":"park","name":null,"area":434}},{"type":"Feature","geometry":{"type":"Point","coordinates":[-122.44341623333332,37.78117765]},"properties":{"id":1167537884,"category":"park","name":null,"area":144}},{"type":"Feature","geometry":{"type":"Point","coordinates":[-122.44332461249999,37.781222925]},"properties":{"id":1167537889,"category":"park","name":null,"area":91}},{"type":"Feature","geometry":{"type":"Point","coordinates":[-122.44302376666667,37.78041665833334]},"properties":{"id":1167537890,"category":"park","name":null,"area":145}},{"type":"Feature","geometry":{"type":"Point","coordinates":[-122.39550144285714,37.784640357142855]},"properties":{"id":1170886002,"category":"park","name":null,"area":22}},{"type":"Feature","geometry":{"type":"Point","coordinates":[-122.39507703333334,37.78414241666666]},"properties":{"id":1170886005,"category":"park","name":null,"area":5}},{"type":"Feature","geometry":{"type":"Point","coordinates":[-122.39487103333335,37.783989600000005]},"properties":{"id":1170886006,"category":"park","name":null,"area":11}},{"type":"Feature","geometry":{"type":"Point","coordinates":[-122.42937599999999,37.75126598888889]},"properties":{"id":1172589020,"category":"park","name":null,"area":64}},{"type":"Feature","geometry":{"type":"Point","coordinates":[-122.38701119374998,37.761786512499995]},"properties":{"id":1173216737,"category":"park","name":null,"area":419}},{"type":"Feature","geometry":{"type":"Point","coordinates":[-122.38723404166666,37.762790450000004]},"properties":{"id":1173216738,"category":"park","name":null,"area":507}},{"type":"Feature","geometry":{"type":"Point","coordinates":[-122.43564348,37.7623151]},"properties":{"id":1184550054,"category":"park","name":null,"area":14}},{"type":"Feature","geometry":{"type":"Point","coordinates":[-122.435555075,37.762360675]},"properties":{"id":1184550055,"category":"park","name":null,"area":7}},{"type":"Feature","geometry":{"type":"Point","coordinates":[-122.4354855,37.76239484999999]},"properties":{"id":1184550056,"category":"park","name":null,"area":6}},{"type":"Feature","geometry":{"type":"Point","coordinates":[-122.4353939142857,37.762440742857144]},"properties":{"id":1184550057,"category":"park","name":null,"area":10}},{"type":"Feature","geometry":{"type":"Point","coordinates":[-122.43574959090911,37.76219670909091]},"properties":{"id":1184550058,"category":"park","name":null,"area":462}},{"type":"Feature","geometry":{"type":"Point","coordinates":[-122.4361921846154,37.76238110769231]},"properties":{"id":1184654612,"category":"park","name":null,"area":92}},{"type":"Feature","geometry":{"type":"Point","coordinates":[-122.436195025,37.76234783333334]},"properties":{"id":1184654613,"category":"park","name":null,"area":102}},{"type":"Feature","geometry":{"type":"Point","coordinates":[-122.38673822499999,37.754684]},"properties":{"id":1191526718,"category":"park","name":null,"area":2225}},{"type":"Feature","geometry":{"type":"Point","coordinates":[-122.45822591052631,37.72758768421053]},"properties":{"id":1192678570,"category":"park","name":null,"area":115}},{"type":"Feature","geometry":{"type":"Point","coordinates":[-122.39288835714287,37.76170512857143]},"properties":{"id":1192766844,"category":"park","name":"Commander Isaiah Nelson Memorial Hanging Gardens","area":2308}},{"type":"Feature","geometry":{"type":"Point","coordinates":[-122.47109415,37.768691121428574]},"properties":{"id":1193271938,"category":"park","name":"Chile","area":175}},{"type":"Feature","geometry":{"type":"Point","coordinates":[-122.40119538235297,37.80721410588235]},"properties":{"id":1193456304,"category":"park","name":"Pier 29 Public Shore","area":1751}},{"type":"Feature","geometry":{"type":"Point","coordinates":[-122.41637838888889,37.77651633333333]},"properties":{"id":1193867827,"category":"park","name":"The Commons","area":857}},{"type":"Feature","geometry":{"type":"Point","coordinates":[-122.4130669625,37.737857525]},"properties":{"id":1195049111,"category":"park","name":null,"area":2634}},{"type":"Feature","geometry":{"type":"Point","coordinates":[-122.39361787499999,37.777762575]},"properties":{"id":1197545698,"category":"park","name":null,"area":40}},{"type":"Feature","geometry":{"type":"Point","coordinates":[-122.3933422875,37.777538425]},"properties":{"id":1197545700,"category":"park","name":null,"area":224}},{"type":"Feature","geometry":{"type":"Point","coordinates":[-122.39084433846152,37.77080970769231]},"properties":{"id":1210909962,"category":"park","name":null,"area":65}},{"type":"Feature","geometry":{"type":"Point","coordinates":[-122.39083000357142,37.77071892857143]},"properties":{"id":1210909973,"category":"park","name":null,"area":269}},{"type":"Feature","geometry":{"type":"Point","coordinates":[-122.39585193333333,37.78511081111112]},"properties":{"id":1212389552,"category":"park","name":null,"area":177}},{"type":"Feature","geometry":{"type":"Point","coordinates":[-122.39566576666668,37.78511913333333]},"properties":{"id":1212389553,"category":"park","name":null,"area":117}},{"type":"Feature","geometry":{"type":"Point","coordinates":[-122.39564791250001,37.78526465]},"properties":{"id":1212389555,"category":"park","name":null,"area":84}},{"type":"Feature","geometry":{"type":"Point","coordinates":[-122.3958967375,37.7852643875]},"properties":{"id":1212389556,"category":"park","name":null,"area":126}},{"type":"Feature","geometry":{"type":"Point","coordinates":[-122.39560555,37.78495515]},"properties":{"id":1212389558,"category":"park","name":null,"area":16}},{"type":"Feature","geometry":{"type":"Point","coordinates":[-122.39554954999998,37.7849543]},"properties":{"id":1212389559,"category":"park","name":null,"area":16}},{"type":"Feature","geometry":{"type":"Point","coordinates":[-122.39665430000001,37.79020260833333]},"properties":{"id":1213218719,"category":"park","name":null,"area":17}},{"type":"Feature","geometry":{"type":"Point","coordinates":[-122.39651405714285,37.79010785714286]},"properties":{"id":1213218720,"category":"park","name":null,"area":57}},{"type":"Feature","geometry":{"type":"Point","coordinates":[-122.43452118333333,37.801655833333335]},"properties":{"id":1214385020,"category":"park","name":"moscone dog play area","area":947}},{"type":"Feature","geometry":{"type":"Point","coordinates":[-122.46765821428572,37.771962514285704]},"properties":{"id":1215665327,"category":"park","name":"George and Judy Marcus Garden of Enchantment","area":2498}},{"type":"Feature","geometry":{"type":"Point","coordinates":[-122.50381385,37.7418573]},"properties":{"id":1216146638,"category":"park","name":null,"area":22}},{"type":"Feature","geometry":{"type":"Point","coordinates":[-122.5032128,37.7418111]},"properties":{"id":1216146645,"category":"park","name":null,"area":22}},{"type":"Feature","geometry":{"type":"Point","coordinates":[-122.50176315,37.741947775]},"properties":{"id":1216146655,"category":"park","name":null,"area":22}},{"type":"Feature","geometry":{"type":"Point","coordinates":[-122.50106845,37.741904575]},"properties":{"id":1216146659,"category":"park","name":null,"area":22}},{"type":"Feature","geometry":{"type":"Point","coordinates":[-122.4989398,37.74200295]},"properties":{"id":1216146662,"category":"park","name":null,"area":22}},{"type":"Feature","geometry":{"type":"Point","coordinates":[-122.49962145,37.7420443]},"properties":{"id":1216146665,"category":"park","name":null,"area":22}},{"type":"Feature","geometry":{"type":"Point","coordinates":[-122.49748604999999,37.742140649999996]},"properties":{"id":1216146668,"category":"park","name":null,"area":22}},{"type":"Feature","geometry":{"type":"Point","coordinates":[-122.50072755000001,37.7419932]},"properties":{"id":1216146697,"category":"park","name":null,"area":30}},{"type":"Feature","geometry":{"type":"Point","coordinates":[-122.49991772499999,37.741959825]},"properties":{"id":1216146698,"category":"park","name":null,"area":28}},{"type":"Feature","geometry":{"type":"Point","coordinates":[-122.40125309523808,37.78227938095239]},"properties":{"id":1217926877,"category":"park","name":null,"area":82}},{"type":"Feature","geometry":{"type":"Point","coordinates":[-122.401226475,37.782279825]},"properties":{"id":1217926878,"category":"park","name":null,"area":47}},{"type":"Feature","geometry":{"type":"Point","coordinates":[-122.40145837368419,37.78265171052631]},"properties":{"id":1217926884,"category":"park","name":null,"area":252}},{"type":"Feature","geometry":{"type":"Point","coordinates":[-122.40168246363638,37.78281071818182]},"properties":{"id":1217926885,"category":"park","name":null,"area":150}},{"type":"Feature","geometry":{"type":"Point","coordinates":[-122.40190055238097,37.78300037142858]},"properties":{"id":1217926886,"category":"park","name":null,"area":269}},{"type":"Feature","geometry":{"type":"Point","coordinates":[-122.40215222222221,37.78312835555555]},"properties":{"id":1217926887,"category":"park","name":null,"area":86}},{"type":"Feature","geometry":{"type":"Point","coordinates":[-122.40234266666668,37.78314701111111]},"properties":{"id":1217926888,"category":"park","name":null,"area":111}},{"type":"Feature","geometry":{"type":"Point","coordinates":[-122.36394427999998,37.812602500000004]},"properties":{"id":1222938537,"category":"park","name":null,"area":136}},{"type":"Feature","geometry":{"type":"Point","coordinates":[-122.36382724285716,37.812794971428566]},"properties":{"id":1222943957,"category":"park","name":null,"area":29}},{"type":"Feature","geometry":{"type":"Point","coordinates":[-122.37068747857144,37.81240140714285]},"properties":{"id":1232534973,"category":"park","name":"Buckeye Grove","area":9771}},{"type":"Feature","geometry":{"type":"Point","coordinates":[-122.36853512380954,37.810538304761906]},"properties":{"id":1232534975,"category":"park","name":"Panorama Park","area":8591}},{"type":"Feature","geometry":{"type":"Point","coordinates":[-122.37044384285714,37.81370322142857]},"properties":{"id":1232534976,"category":"park","name":"Clipper Cove Beach","area":10287}},{"type":"Feature","geometry":{"type":"Point","coordinates":[-122.3914919,37.7883861]},"properties":{"id":1232563108,"category":"park","name":"Rincon Place","area":1112}},{"type":"Feature","geometry":{"type":"Point","coordinates":[-122.39871327499999,37.7896275]},"properties":{"id":1257968471,"category":"park","name":"Ecker Square","area":322}},{"type":"Feature","geometry":{"type":"Point","coordinates":[-122.41555486666668,37.782872166666664]},"properties":{"id":1259165711,"category":"park","name":"Urban Alchemy Oasis","area":401}},{"type":"Feature","geometry":{"type":"Point","coordinates":[-122.47643086666666,37.720385766666666]},"properties":{"id":1272083209,"category":"park","name":null,"area":58}},{"type":"Feature","geometry":{"type":"Point","coordinates":[-122.44060235111107,37.741382286666656]},"properties":{"id":1274698642,"category":"park","name":"Crags Court Community Garden","area":435}},{"type":"Feature","geometry":{"type":"Point","coordinates":[-122.44062675000002,37.7416016]},"properties":{"id":1274698643,"category":"park","name":"Crags Court Community Garden West End","area":118}},{"type":"Feature","geometry":{"type":"Point","coordinates":[-122.38668735833333,37.74276258333333]},"properties":{"id":1280482820,"category":"park","name":null,"area":19}},{"type":"Feature","geometry":{"type":"Point","coordinates":[-122.38653104615388,37.74272816538461]},"properties":{"id":1280482821,"category":"park","name":null,"area":80}},{"type":"Feature","geometry":{"type":"Point","coordinates":[-122.38709385172412,37.74271541034483]},"properties":{"id":1280482833,"category":"park","name":null,"area":524}},{"type":"Feature","geometry":{"type":"Point","coordinates":[-122.3869703,37.74292421538461]},"properties":{"id":1280482834,"category":"park","name":null,"area":180}},{"type":"Feature","geometry":{"type":"Point","coordinates":[-122.38703321702131,37.74289759574468]},"properties":{"id":1280482835,"category":"park","name":null,"area":100}},{"type":"Feature","geometry":{"type":"Point","coordinates":[-122.38722936470589,37.74262331176471]},"properties":{"id":1280482836,"category":"park","name":null,"area":10}},{"type":"Feature","geometry":{"type":"Point","coordinates":[-122.38733873409092,37.74275378181819]},"properties":{"id":1280482837,"category":"park","name":null,"area":339}},{"type":"Feature","geometry":{"type":"Point","coordinates":[-122.38733296071435,37.74317955357143]},"properties":{"id":1280482838,"category":"park","name":null,"area":768}},{"type":"Feature","geometry":{"type":"Point","coordinates":[-122.3873991952381,37.74270328809524]},"properties":{"id":1280482840,"category":"park","name":null,"area":210}},{"type":"Feature","geometry":{"type":"Point","coordinates":[-122.38727574166667,37.74317640833334]},"properties":{"id":1280482841,"category":"park","name":null,"area":24}},{"type":"Feature","geometry":{"type":"Point","coordinates":[-122.3872950962963,37.74306978888889]},"properties":{"id":1280482842,"category":"park","name":null,"area":186}},{"type":"Feature","geometry":{"type":"Point","coordinates":[-122.38727292093029,37.74298503139534]},"properties":{"id":1280482843,"category":"park","name":null,"area":318}},{"type":"Feature","geometry":{"type":"Point","coordinates":[-122.3871618368421,37.7429262263158]},"properties":{"id":1280482845,"category":"park","name":null,"area":186}},{"type":"Feature","geometry":{"type":"Point","coordinates":[-122.38645003939395,37.742669919191904]},"properties":{"id":1280482846,"category":"park","name":null,"area":2743}},{"type":"Feature","geometry":{"type":"Point","coordinates":[-122.474642125,37.79481565]},"properties":{"id":1282096683,"category":"park","name":"Compton Community Garden","area":183}},{"type":"Feature","geometry":{"type":"Point","coordinates":[-122.4402453142857,37.757530357142855]},"properties":{"id":1283384517,"category":"park","name":"Corwin Street Community Garden","area":948}},{"type":"Feature","geometry":{"type":"Point","coordinates":[-122.39537538333332,37.79101635]},"properties":{"id":1286999777,"category":"park","name":"Urban Park","area":429}},{"type":"Feature","geometry":{"type":"Point","coordinates":[-122.471420725,37.750724125]},"properties":{"id":1293746220,"category":"park","name":"Mandalay Lane Park","area":314}},{"type":"Feature","geometry":{"type":"Point","coordinates":[-122.48414356,37.75017848]},"properties":{"id":1293746848,"category":"park","name":"Sunset Reservoir Park","area":141152}},{"type":"Feature","geometry":{"type":"Point","coordinates":[-122.44541666,37.7594561]},"properties":{"id":1300623937,"category":"park","name":"Al's Park","area":617}},{"type":"Feature","geometry":{"type":"Point","coordinates":[-122.45968638666666,37.799638406666666]},"properties":{"id":1304575738,"category":"park","name":null,"area":67}},{"type":"Feature","geometry":{"type":"Point","coordinates":[-122.4764647,37.7205004]},"properties":{"id":1311378783,"category":"park","name":null,"area":18}},{"type":"Feature","geometry":{"type":"Point","coordinates":[-122.4765778,37.720498225]},"properties":{"id":1311378784,"category":"park","name":null,"area":17}},{"type":"Feature","geometry":{"type":"Point","coordinates":[-122.4293634,37.783539774999994]},"properties":{"id":1316781682,"category":"park","name":null,"area":284}},{"type":"Feature","geometry":{"type":"Point","coordinates":[-122.38566199999998,37.76858198]},"properties":{"id":1329130170,"category":"park","name":"Bayfront Park","area":22310}},{"type":"Feature","geometry":{"type":"Point","coordinates":[-122.4380553347826,37.7728207]},"properties":{"id":1329769800,"category":"park","name":null,"area":382}},{"type":"Feature","geometry":{"type":"Point","coordinates":[-122.4821768,37.7758234]},"properties":{"id":1382877463,"category":"park","name":null,"area":2}},{"type":"Feature","geometry":{"type":"Point","coordinates":[-122.40368670000001,37.792462400000005]},"properties":{"id":1410933312,"category":"park","name":null,"area":75}},{"type":"Feature","geometry":{"type":"Point","coordinates":[-122.40408645,37.79241345]},"properties":{"id":1410933313,"category":"park","name":null,"area":119}},{"type":"Feature","geometry":{"type":"Point","coordinates":[-122.37358249999998,37.81931005]},"properties":{"id":1428380753,"category":"park","name":"Cityside Park","area":23972}},{"type":"Feature","geometry":{"type":"Point","coordinates":[-122.37197831428571,37.81649474285714]},"properties":{"id":1428380754,"category":"park","name":"Waterfront Plaza","area":5866}},{"type":"Feature","geometry":{"type":"Point","coordinates":[-122.37136495,37.815474619999996]},"properties":{"id":1428380755,"category":"park","name":"Causeway Park","area":1999}},{"type":"Feature","geometry":{"type":"Point","coordinates":[-122.36648795666663,37.81005655333333]},"properties":{"id":1428380756,"category":"park","name":"Signal Point Park","area":9781}},{"type":"Feature","geometry":{"type":"Point","coordinates":[-122.37200454999999,37.818045025]},"properties":{"id":1428380762,"category":"park","name":"Cultural Park","area":10935}},{"type":"Feature","geometry":{"type":"Point","coordinates":[-122.369897575,37.8165998375]},"properties":{"id":1428380764,"category":"park","name":"Clipper Cove","area":3249}},{"type":"Feature","geometry":{"type":"Point","coordinates":[-122.47669452499998,37.720451]},"properties":{"id":1436553981,"category":"park","name":null,"area":9}},{"type":"Feature","geometry":{"type":"Point","coordinates":[-122.47632698888886,37.72067011111111]},"properties":{"id":1436553982,"category":"park","name":null,"area":65}},{"type":"Feature","geometry":{"type":"Point","coordinates":[-122.47621279999998,37.720608025000004]},"properties":{"id":1436553983,"category":"park","name":null,"area":13}},{"type":"Feature","geometry":{"type":"Point","coordinates":[-122.4762129,37.72053905]},"properties":{"id":1436553984,"category":"park","name":null,"area":7}},{"type":"Feature","geometry":{"type":"Point","coordinates":[-122.476212525,37.720451575]},"properties":{"id":1436553985,"category":"park","name":null,"area":4}},{"type":"Feature","geometry":{"type":"Point","coordinates":[-122.47634685,37.720500599999994]},"properties":{"id":1436553986,"category":"park","name":null,"area":2}},{"type":"Feature","geometry":{"type":"Point","coordinates":[-122.3952286736842,37.79582988947368]},"properties":{"id":1455717299,"category":"park","name":null,"area":21}},{"type":"Feature","geometry":{"type":"Point","coordinates":[-122.44456865000001,37.76014285]},"properties":{"id":1475421299,"category":"park","name":"Corbett Slope Community Park","area":205}},{"type":"Feature","geometry":{"type":"Point","coordinates":[-122.50881759549546,37.78036667387389]},"properties":{"id":1484753515,"category":"park","name":null,"area":2711}},{"type":"Feature","geometry":{"type":"Point","coordinates":[-122.45802314285713,37.80343512857143]},"properties":{"id":1485542870,"category":"park","name":"Outpost Meadow","area":5362}},{"type":"Feature","geometry":{"type":"Point","coordinates":[-122.39331927222219,37.763160605555555]},"properties":{"id":1504165512,"category":"park","name":"Pennsylvania Garden","area":876}},{"type":"Feature","geometry":{"type":"Point","coordinates":[-122.45923267307688,37.7478836576923]},"properties":{"id":1505424290,"category":"park","name":null,"area":3077}},{"type":"Feature","geometry":{"type":"Point","coordinates":[-122.4244853,37.800849325]},"properties":{"id":1532835628,"category":"park","name":null,"area":137}},{"type":"Feature","geometry":{"type":"Point","coordinates":[-122.42460861428572,37.80158899999999]},"properties":{"id":1532835629,"category":"park","name":null,"area":102}},{"type":"Feature","geometry":{"type":"Point","coordinates":[-122.4249825375,37.80338185]},"properties":{"id":1532835630,"category":"park","name":null,"area":62}},{"type":"Feature","geometry":{"type":"Point","coordinates":[-122.42533565,37.805221120000006]},"properties":{"id":1532835631,"category":"park","name":null,"area":34}},{"type":"Feature","geometry":{"type":"Point","coordinates":[-122.42546997999997,37.80588830000001]},"properties":{"id":1532835632,"category":"park","name":null,"area":30}},{"type":"Feature","geometry":{"type":"Point","coordinates":[-122.42549977499999,37.801199175]},"properties":{"id":1532835639,"category":"park","name":null,"area":114}},{"type":"Feature","geometry":{"type":"Point","coordinates":[-122.42383414000001,37.798004000000006]},"properties":{"id":1532835668,"category":"park","name":null,"area":45}},{"type":"Feature","geometry":{"type":"Point","coordinates":[-122.40993546666665,37.77179976666667]},"properties":{"id":1534007811,"category":"park","name":null,"area":133}},{"type":"Feature","geometry":{"type":"Point","coordinates":[-122.49881591836737,37.75014590408163]},"properties":{"id":1537865766,"category":"park","name":null,"area":150}}]}