{"type":"FeatureCollection","features":[{"type":"Feature","geometry":{"type":"Point","coordinates":[-122.4743932,37.7310127]},"properties":{"id":301210527,"category":"transit","name":"Right of Way & Eucalyptus Drive","area":0}},{"type":"Feature","geometry":{"type":"Point","coordinates":[-122.3902045,37.7793466]},"properties":{"id":301505501,"category":"transit","name":"2nd & King","area":0}},{"type":"Feature","geometry":{"type":"Point","coordinates":[-122.388127,37.7837573]},"properties":{"id":301505694,"category":"transit","name":"Brannan","area":0}},{"type":"Feature","geometry":{"type":"Point","coordinates":[-122.3895673,37.7904517]},"properties":{"id":301505695,"category":"transit","name":"Folsom","area":0}},{"type":"Feature","geometry":{"type":"Point","coordinates":[-122.5044116,37.7381775]},"properties":{"id":313860616,"category":"transit","name":"46th Avenue & Vicente Street","area":0}},{"type":"Feature","geometry":{"type":"Point","coordinates":[-122.408283,37.7874691]},"properties":{"id":317081446,"category":"transit","name":"Powell Street & Geary Street","area":0}},{"type":"Feature","geometry":{"type":"Point","coordinates":[-122.408198,37.7872216]},"properties":{"id":317081639,"category":"transit","name":"Powell Street & Geary Street","area":0}},{"type":"Feature","geometry":{"type":"Point","coordinates":[-122.394497,37.7759911]},"properties":{"id":324946983,"category":"transit","name":"Caltrain","area":0}},{"type":"Feature","geometry":{"type":"Point","coordinates":[-122.393636,37.776019]},"properties":{"id":324946989,"category":"transit","name":"4th & King","area":0}},{"type":"Feature","geometry":{"type":"Point","coordinates":[-122.4340801,37.749854]},"properties":{"id":360461665,"category":"transit","name":"Castro Street & 25th Street","area":0}},{"type":"Feature","geometry":{"type":"Point","coordinates":[-122.4338159,37.7495238]},"properties":{"id":360461933,"category":"transit","name":"Castro Street & 25th Street","area":0}},{"type":"Feature","geometry":{"type":"Point","coordinates":[-122.431845,37.7481616]},"properties":{"id":360463019,"category":"transit","name":"26th Street & Noe Street","area":0}},{"type":"Feature","geometry":{"type":"Point","coordinates":[-122.431805,37.7482892]},"properties":{"id":360463054,"category":"transit","name":"26th Street & Noe Street","area":0}},{"type":"Feature","geometry":{"type":"Point","coordinates":[-122.403879,37.7879845]},"properties":{"id":377859399,"category":"transit","name":"Geary Street & Kearny Street","area":0}},{"type":"Feature","geometry":{"type":"Point","coordinates":[-122.406431,37.7876442]},"properties":{"id":377865637,"category":"transit","name":"Geary Street & Stockton Street","area":0}},{"type":"Feature","geometry":{"type":"Point","coordinates":[-122.408585,37.7873839]},"properties":{"id":377869710,"category":"transit","name":"Geary Street & Powell Street","area":0}},{"type":"Feature","geometry":{"type":"Point","coordinates":[-122.4119197,37.7869699]},"properties":{"id":377873987,"category":"transit","name":"Geary Street & Taylor Street","area":0}},{"type":"Feature","geometry":{"type":"Point","coordinates":[-122.413296,37.7868633]},"properties":{"id":377876227,"category":"transit","name":"Jones Street & Geary Street","area":0}},{"type":"Feature","geometry":{"type":"Point","coordinates":[-122.413493,37.7867719]},"properties":{"id":377876772,"category":"transit","name":"Geary Street & Jones Street","area":0}},{"type":"Feature","geometry":{"type":"Point","coordinates":[-122.415278,37.7865333]},"properties":{"id":377880918,"category":"transit","name":"Geary Street & Leavenworth Street","area":0}},{"type":"Feature","geometry":{"type":"Point","coordinates":[-122.414701,37.7863654]},"properties":{"id":377882818,"category":"transit","name":"Leavenworth Street & Geary Street","area":0}},{"type":"Feature","geometry":{"type":"Point","coordinates":[-122.412233,37.8074857]},"properties":{"id":378740539,"category":"transit","name":"Powell Street & Beach Street","area":0}},{"type":"Feature","geometry":{"type":"Point","coordinates":[-122.414198,37.8065992]},"properties":{"id":378742294,"category":"transit","name":"North Point Street & Mason Street","area":0}},{"type":"Feature","geometry":{"type":"Point","coordinates":[-122.420158,37.8058487]},"properties":{"id":381902573,"category":"transit","name":"North Point Street & Hyde Street","area":0}},{"type":"Feature","geometry":{"type":"Point","coordinates":[-122.4246273,37.8050911]},"properties":{"id":381903486,"category":"transit","name":"North Point Street & Van Ness Avenue","area":0}},{"type":"Feature","geometry":{"type":"Point","coordinates":[-122.4254355,37.8048121]},"properties":{"id":381903604,"category":"transit","name":"Van Ness Avenue & North Point Street","area":0}},{"type":"Feature","geometry":{"type":"Point","coordinates":[-122.4253949,37.8046027]},"properties":{"id":381903984,"category":"transit","name":"Van Ness Avenue & North Point Street","area":0}},{"type":"Feature","geometry":{"type":"Point","coordinates":[-122.423953,37.8053498]},"properties":{"id":381905234,"category":"transit","name":"North Point Street & Polk Street","area":0}},{"type":"Feature","geometry":{"type":"Point","coordinates":[-122.4249454,37.8024284]},"properties":{"id":381907531,"category":"transit","name":"Van Ness Avenue & Chestnut Street","area":0}},{"type":"Feature","geometry":{"type":"Point","coordinates":[-122.424196,37.7987301]},"properties":{"id":381909960,"category":"transit","name":"Van Ness Avenue & Union Street","area":0}},{"type":"Feature","geometry":{"type":"Point","coordinates":[-122.4163915,37.7872205]},"properties":{"id":381940953,"category":"transit","name":"Post Street & Hyde Street","area":0}},{"type":"Feature","geometry":{"type":"Point","coordinates":[-122.4149192,37.787352]},"properties":{"id":381941516,"category":"transit","name":"Leavenworth Street & Post Street","area":0}},{"type":"Feature","geometry":{"type":"Point","coordinates":[-122.414746,37.78742]},"properties":{"id":381941674,"category":"transit","name":"Post Street & Leavenworth Street","area":0}},{"type":"Feature","geometry":{"type":"Point","coordinates":[-122.41349,37.7878185]},"properties":{"id":381943912,"category":"transit","name":"Jones Street & Post Street","area":0}},{"type":"Feature","geometry":{"type":"Point","coordinates":[-122.413029,37.7876472]},"properties":{"id":381944711,"category":"transit","name":"Post Street & Jones Street","area":0}},{"type":"Feature","geometry":{"type":"Point","coordinates":[-122.4114361,37.7878614]},"properties":{"id":381947447,"category":"transit","name":"Post Street & Taylor Street","area":0}},{"type":"Feature","geometry":{"type":"Point","coordinates":[-122.408386,37.7881636]},"properties":{"id":381948686,"category":"transit","name":"Powell Street & Post Street","area":0}},{"type":"Feature","geometry":{"type":"Point","coordinates":[-122.406,37.788568]},"properties":{"id":381951732,"category":"transit","name":"Post Street & Grant Avenue","area":0}},{"type":"Feature","geometry":{"type":"Point","coordinates":[-122.40735,37.7894655]},"properties":{"id":381953190,"category":"transit","name":"Sutter Street & Stockton Street","area":0}},{"type":"Feature","geometry":{"type":"Point","coordinates":[-122.409052,37.7892566]},"properties":{"id":381959743,"category":"transit","name":"Sutter Street & Powell Street","area":0}},{"type":"Feature","geometry":{"type":"Point","coordinates":[-122.410625,37.7890547]},"properties":{"id":381963838,"category":"transit","name":"Sutter Street & Mason Street","area":0}},{"type":"Feature","geometry":{"type":"Point","coordinates":[-122.412253,37.7888674]},"properties":{"id":381964902,"category":"transit","name":"Sutter Street & Taylor Street","area":0}},{"type":"Feature","geometry":{"type":"Point","coordinates":[-122.413671,37.7887287]},"properties":{"id":381965209,"category":"transit","name":"Jones Street & Sutter Street","area":0}},{"type":"Feature","geometry":{"type":"Point","coordinates":[-122.413879,37.7886499]},"properties":{"id":381966257,"category":"transit","name":"Sutter Street & Jones Street","area":0}},{"type":"Feature","geometry":{"type":"Point","coordinates":[-122.415096,37.7882469]},"properties":{"id":381967339,"category":"transit","name":"Leavenworth Street & Sutter Street","area":0}},{"type":"Feature","geometry":{"type":"Point","coordinates":[-122.415496,37.7884362]},"properties":{"id":381971670,"category":"transit","name":"Sutter Street & Leavenworth Street","area":0}},{"type":"Feature","geometry":{"type":"Point","coordinates":[-122.417125,37.7882381]},"properties":{"id":381980329,"category":"transit","name":"Sutter Street & Hyde Street","area":0}},{"type":"Feature","geometry":{"type":"Point","coordinates":[-122.396089,37.7935552]},"properties":{"id":384345790,"category":"transit","name":"Market Street & Drumm Street","area":0}},{"type":"Feature","geometry":{"type":"Point","coordinates":[-122.405156,37.7864609]},"properties":{"id":386349390,"category":"transit","name":"Market Street & Grant Avenue","area":0}},{"type":"Feature","geometry":{"type":"Point","coordinates":[-122.40497,37.7863194]},"properties":{"id":386367010,"category":"transit","name":"Market Street & Grant Avenue","area":0}},{"type":"Feature","geometry":{"type":"Point","coordinates":[-122.4028954,37.7879531]},"properties":{"id":386566435,"category":"transit","name":"Market Street & 3rd Street","area":0}},{"type":"Feature","geometry":{"type":"Point","coordinates":[-122.402477,37.7885867]},"properties":{"id":386569782,"category":"transit","name":"Market Street & Montgomery Street","area":0}},{"type":"Feature","geometry":{"type":"Point","coordinates":[-122.3998155,37.7903897]},"properties":{"id":386581741,"category":"transit","name":"Market Street & 1st Street","area":0}},{"type":"Feature","geometry":{"type":"Point","coordinates":[-122.398118,37.7920276]},"properties":{"id":386586525,"category":"transit","name":"Market Street & Front Street","area":0}},{"type":"Feature","geometry":{"type":"Point","coordinates":[-122.397556,37.7926853]},"properties":{"id":386589544,"category":"transit","name":"Davis Street & Pine Street","area":0}},{"type":"Feature","geometry":{"type":"Point","coordinates":[-122.396995,37.7926237]},"properties":{"id":386589754,"category":"transit","name":"Market Street & Beale Street","area":0}},{"type":"Feature","geometry":{"type":"Point","coordinates":[-122.3948769,37.7942771]},"properties":{"id":386601725,"category":"transit","name":"Market Street & Steuart Street","area":0}},{"type":"Feature","geometry":{"type":"Point","coordinates":[-122.395211,37.7943036]},"properties":{"id":386614803,"category":"transit","name":"Market Street & Steuart Street","area":0}},{"type":"Feature","geometry":{"type":"Point","coordinates":[-122.412457,37.8078733]},"properties":{"id":387222335,"category":"transit","name":"Powell Street & Beach Street","area":0}},{"type":"Feature","geometry":{"type":"Point","coordinates":[-122.413491,37.8065215]},"properties":{"id":387223326,"category":"transit","name":"North Point Street & Mason Street","area":0}},{"type":"Feature","geometry":{"type":"Point","coordinates":[-122.417271,37.8060448]},"properties":{"id":387224953,"category":"transit","name":"North Point Street & Jones Street","area":0}},{"type":"Feature","geometry":{"type":"Point","coordinates":[-122.420523,37.8056417]},"properties":{"id":387225615,"category":"transit","name":"North Point Street & Hyde Street","area":0}},{"type":"Feature","geometry":{"type":"Point","coordinates":[-122.42376,37.8051108]},"properties":{"id":387227557,"category":"transit","name":"Polk Street & North Point Street","area":0}},{"type":"Feature","geometry":{"type":"Point","coordinates":[-122.425093,37.8046501]},"properties":{"id":387229035,"category":"transit","name":"Van Ness Avenue & Bay Street","area":0}},{"type":"Feature","geometry":{"type":"Point","coordinates":[-122.424634,37.8024959]},"properties":{"id":387229700,"category":"transit","name":"Van Ness Avenue & Chestnut Street","area":0}},{"type":"Feature","geometry":{"type":"Point","coordinates":[-122.423775,37.7983971]},"properties":{"id":387239538,"category":"transit","name":"Van Ness Avenue & Union Street","area":0}},{"type":"Feature","geometry":{"type":"Point","coordinates":[-122.422794,37.7940452]},"properties":{"id":387251105,"category":"transit","name":"Jackson Street & Van Ness Avenue","area":0}},{"type":"Feature","geometry":{"type":"Point","coordinates":[-122.422281,37.7914097]},"properties":{"id":387673950,"category":"transit","name":"Sacramento Street & Van Ness Avenue","area":0}},{"type":"Feature","geometry":{"type":"Point","coordinates":[-122.4219203,37.8056131]},"properties":{"id":388204992,"category":"transit","name":"North Point Street & Larkin Street","area":0}},{"type":"Feature","geometry":{"type":"Point","coordinates":[-122.418963,37.7992921]},"properties":{"id":388208426,"category":"transit","name":"Union Street & Hyde Street","area":0}},{"type":"Feature","geometry":{"type":"Point","coordinates":[-122.419204,37.7991231]},"properties":{"id":388209009,"category":"transit","name":"Union Street & Hyde Street","area":0}},{"type":"Feature","geometry":{"type":"Point","coordinates":[-122.418169,37.795547]},"properties":{"id":388216823,"category":"transit","name":"Pacific Avenue & Hyde Street","area":0}},{"type":"Feature","geometry":{"type":"Point","coordinates":[-122.418442,37.7945887]},"properties":{"id":388219645,"category":"transit","name":"Jackson Street & Hyde Street","area":0}},{"type":"Feature","geometry":{"type":"Point","coordinates":[-122.416403,37.7947125]},"properties":{"id":388223491,"category":"transit","name":"Leavenworth Street & Jackson Street","area":0}},{"type":"Feature","geometry":{"type":"Point","coordinates":[-122.409764,37.7937776]},"properties":{"id":388227176,"category":"transit","name":"Clay Street & Powell Street","area":0}},{"type":"Feature","geometry":{"type":"Point","coordinates":[-122.409262,37.7930536]},"properties":{"id":388227859,"category":"transit","name":"Sacramento Street & Powell Street","area":0}},{"type":"Feature","geometry":{"type":"Point","coordinates":[-122.405492,37.7853816]},"properties":{"id":389390697,"category":"transit","name":"4th Street & Market Street","area":0}},{"type":"Feature","geometry":{"type":"Point","coordinates":[-122.404564,37.7843851]},"properties":{"id":389391494,"category":"transit","name":"Mission Street & 4th Street","area":0}},{"type":"Feature","geometry":{"type":"Point","coordinates":[-122.4036175,37.7848887]},"properties":{"id":389393500,"category":"transit","name":"Mission Street & 4th Street","area":0}},{"type":"Feature","geometry":{"type":"Point","coordinates":[-122.403937,37.7841012]},"properties":{"id":389395120,"category":"transit","name":"4th Street & Mission Street","area":0}},{"type":"Feature","geometry":{"type":"Point","coordinates":[-122.400841,37.7821627]},"properties":{"id":389401714,"category":"transit","name":"Folsom Street & 4th Street","area":0}},{"type":"Feature","geometry":{"type":"Point","coordinates":[-122.401416,37.7821051]},"properties":{"id":389403971,"category":"transit","name":"4th Street & Folsom Street","area":0}},{"type":"Feature","geometry":{"type":"Point","coordinates":[-122.3999976,37.7806542]},"properties":{"id":389406406,"category":"transit","name":"Harrison Street & 4th Street","area":0}},{"type":"Feature","geometry":{"type":"Point","coordinates":[-122.3968196,37.7784177]},"properties":{"id":389413666,"category":"transit","name":"4th Street & Brannan Street","area":0}},{"type":"Feature","geometry":{"type":"Point","coordinates":[-122.3955233,37.7766351]},"properties":{"id":389416260,"category":"transit","name":"Townsend Street & 4th Street","area":0}},{"type":"Feature","geometry":{"type":"Point","coordinates":[-122.394922,37.7772943]},"properties":{"id":389418826,"category":"transit","name":"Townsend Street & 4th Street","area":0}},{"type":"Feature","geometry":{"type":"Point","coordinates":[-122.394622,37.7772672]},"properties":{"id":389419247,"category":"transit","name":"Townsend Street & 4th Street","area":0}},{"type":"Feature","geometry":{"type":"Point","coordinates":[-122.393999,37.7777499]},"properties":{"id":389421502,"category":"transit","name":"Townsend Street & 4th Street","area":0}},{"type":"Feature","geometry":{"type":"Point","coordinates":[-122.397185,37.7755162]},"properties":{"id":389430669,"category":"transit","name":"Townsend Street & 5th Street","area":0}},{"type":"Feature","geometry":{"type":"Point","coordinates":[-122.398522,37.7765243]},"properties":{"id":389432070,"category":"transit","name":"5th Street & Brannan Street","area":0}},{"type":"Feature","geometry":{"type":"Point","coordinates":[-122.399904,37.7780096]},"properties":{"id":389437847,"category":"transit","name":"Bryant Street & 5th Street","area":0}},{"type":"Feature","geometry":{"type":"Point","coordinates":[-122.402236,37.778884]},"properties":{"id":389441898,"category":"transit","name":"Harrison Street & 5th Street","area":0}},{"type":"Feature","geometry":{"type":"Point","coordinates":[-122.404484,37.7771186]},"properties":{"id":389444253,"category":"transit","name":"Harrison Street & 6th Street","area":0}},{"type":"Feature","geometry":{"type":"Point","coordinates":[-122.406659,37.7753839]},"properties":{"id":389445399,"category":"transit","name":"Harrison Street & 7th Street","area":0}},{"type":"Feature","geometry":{"type":"Point","coordinates":[-122.408508,37.7739362]},"properties":{"id":389447197,"category":"transit","name":"Harrison Street & 8th Street","area":0}},{"type":"Feature","geometry":{"type":"Point","coordinates":[-122.41045,37.7724025]},"properties":{"id":389447808,"category":"transit","name":"Harrison Street & 9th Street","area":0}},{"type":"Feature","geometry":{"type":"Point","coordinates":[-122.412861,37.7710441]},"properties":{"id":389449763,"category":"transit","name":"11th Street & Harrison Street","area":0}},{"type":"Feature","geometry":{"type":"Point","coordinates":[-122.415428,37.772856]},"properties":{"id":389451973,"category":"transit","name":"11th Street & Howard Street","area":0}},{"type":"Feature","geometry":{"type":"Point","coordinates":[-122.415691,37.7733305]},"properties":{"id":389453616,"category":"transit","name":"11th Street & Howard Street","area":0}},{"type":"Feature","geometry":{"type":"Point","coordinates":[-122.416796,37.7739343]},"properties":{"id":389455494,"category":"transit","name":"11th Street & Mission Street","area":0}},{"type":"Feature","geometry":{"type":"Point","coordinates":[-122.417559,37.7741188]},"properties":{"id":389456557,"category":"transit","name":"Mission Street & 11th Street","area":0}},{"type":"Feature","geometry":{"type":"Point","coordinates":[-122.4184247,37.775259]},"properties":{"id":389456838,"category":"transit","name":"11th Street & Market Street","area":0}},{"type":"Feature","geometry":{"type":"Point","coordinates":[-122.418454,37.7755386]},"properties":{"id":389458376,"category":"transit","name":"11th Street & Market Street","area":0}},{"type":"Feature","geometry":{"type":"Point","coordinates":[-122.419455,37.7782225]},"properties":{"id":390202864,"category":"transit","name":"Grove Street & Van Ness Avenue","area":0}},{"type":"Feature","geometry":{"type":"Point","coordinates":[-122.4197061,37.7800709]},"properties":{"id":390205441,"category":"transit","name":"McAllister Street & Van Ness Avenue","area":0}},{"type":"Feature","geometry":{"type":"Point","coordinates":[-122.420443,37.7828729]},"properties":{"id":390210302,"category":"transit","name":"Eddy Street & Van Ness Avenue","area":0}},{"type":"Feature","geometry":{"type":"Point","coordinates":[-122.420533,37.7830174]},"properties":{"id":390210303,"category":"transit","name":"Eddy Street & Van Ness Avenue","area":0}},{"type":"Feature","geometry":{"type":"Point","coordinates":[-122.402818,37.7889765]},"properties":{"id":392199507,"category":"transit","name":"Post Street & Montgomery Street","area":0}},{"type":"Feature","geometry":{"type":"Point","coordinates":[-122.401434,37.7902151]},"properties":{"id":392204340,"category":"transit","name":"Sutter Street & Sansome Street","area":0}},{"type":"Feature","geometry":{"type":"Point","coordinates":[-122.403752,37.789692]},"properties":{"id":392207026,"category":"transit","name":"Kearny Street & Sutter Street","area":0}},{"type":"Feature","geometry":{"type":"Point","coordinates":[-122.40499,37.7897673]},"properties":{"id":392207801,"category":"transit","name":"Sutter Street & Kearny Street","area":0}},{"type":"Feature","geometry":{"type":"Point","coordinates":[-122.4167966,37.7863635]},"properties":{"id":393126381,"category":"transit","name":"Geary Street & Hyde Street","area":0}},{"type":"Feature","geometry":{"type":"Point","coordinates":[-122.418433,37.786153]},"properties":{"id":393127485,"category":"transit","name":"Geary Street & Larkin Street","area":0}},{"type":"Feature","geometry":{"type":"Point","coordinates":[-122.422004,37.7856979]},"properties":{"id":393134768,"category":"transit","name":"Geary Boulevard & Van Ness Avenue","area":0}},{"type":"Feature","geometry":{"type":"Point","coordinates":[-122.425266,37.7854718]},"properties":{"id":393136460,"category":"transit","name":"Geary Boulevard & Gough Street","area":0}},{"type":"Feature","geometry":{"type":"Point","coordinates":[-122.4278504,37.7851733]},"properties":{"id":393138531,"category":"transit","name":"Geary Boulevard & Laguna Street","area":0}},{"type":"Feature","geometry":{"type":"Point","coordinates":[-122.4281594,37.7847663]},"properties":{"id":393139208,"category":"transit","name":"Geary Boulevard & Laguna Street","area":0}},{"type":"Feature","geometry":{"type":"Point","coordinates":[-122.4309284,37.7848429]},"properties":{"id":393139880,"category":"transit","name":"Geary Boulevard & Webster Street","area":0}},{"type":"Feature","geometry":{"type":"Point","coordinates":[-122.432825,37.7844218]},"properties":{"id":393721295,"category":"transit","name":"Fillmore Street & Geary Boulevard","area":0}},{"type":"Feature","geometry":{"type":"Point","coordinates":[-122.433058,37.784308]},"properties":{"id":393721472,"category":"transit","name":"Fillmore Street & Geary Boulevard","area":0}},{"type":"Feature","geometry":{"type":"Point","coordinates":[-122.4332864,37.7845415]},"properties":{"id":393722132,"category":"transit","name":"Geary Boulevard & Fillmore Street","area":0}},{"type":"Feature","geometry":{"type":"Point","coordinates":[-122.4320083,37.7842723]},"properties":{"id":393723157,"category":"transit","name":"Geary Boulevard & Fillmore Street","area":0}},{"type":"Feature","geometry":{"type":"Point","coordinates":[-122.437528,37.7835504]},"properties":{"id":393725000,"category":"transit","name":"Geary Boulevard & Scott Street","area":0}},{"type":"Feature","geometry":{"type":"Point","coordinates":[-122.4376655,37.7839167]},"properties":{"id":393725216,"category":"transit","name":"Geary Boulevard & Scott Street","area":0}},{"type":"Feature","geometry":{"type":"Point","coordinates":[-122.4393098,37.7834942]},"properties":{"id":393725886,"category":"transit","name":"Geary Boulevard & Divisadero Street","area":0}},{"type":"Feature","geometry":{"type":"Point","coordinates":[-122.439423,37.7836079]},"properties":{"id":393725899,"category":"transit","name":"Divisadero Street & Geary Boulevard","area":0}},{"type":"Feature","geometry":{"type":"Point","coordinates":[-122.4396825,37.7831313]},"properties":{"id":393726063,"category":"transit","name":"Geary Boulevard & Divisadero Street","area":0}},{"type":"Feature","geometry":{"type":"Point","coordinates":[-122.439528,37.7829535]},"properties":{"id":393726866,"category":"transit","name":"Divisadero Street & Geary Boulevard","area":0}},{"type":"Feature","geometry":{"type":"Point","coordinates":[-122.4423433,37.7828042]},"properties":{"id":393727429,"category":"transit","name":"Geary Boulevard & Saint Joseph's Avenue","area":0}},{"type":"Feature","geometry":{"type":"Point","coordinates":[-122.4431442,37.7830124]},"properties":{"id":393727588,"category":"transit","name":"Geary Boulevard & Baker Street","area":0}},{"type":"Feature","geometry":{"type":"Point","coordinates":[-122.445817,37.7828653]},"properties":{"id":393727798,"category":"transit","name":"Presidio Avenue & Geary Boulevard","area":0}},{"type":"Feature","geometry":{"type":"Point","coordinates":[-122.446012,37.7827519]},"properties":{"id":393728329,"category":"transit","name":"Presidio Avenue & Geary Boulevard","area":0}},{"type":"Feature","geometry":{"type":"Point","coordinates":[-122.4468111,37.7825669]},"properties":{"id":393728648,"category":"transit","name":"Geary Boulevard & Masonic Avenue","area":0}},{"type":"Feature","geometry":{"type":"Point","coordinates":[-122.4473469,37.782049]},"properties":{"id":393730005,"category":"transit","name":"Masonic Avenue & Geary Boulevard","area":0}},{"type":"Feature","geometry":{"type":"Point","coordinates":[-122.4468032,37.7822287]},"properties":{"id":393730387,"category":"transit","name":"Geary Boulevard & Masonic Avenue","area":0}},{"type":"Feature","geometry":{"type":"Point","coordinates":[-122.449853,37.7820053]},"properties":{"id":393732942,"category":"transit","name":"Geary Boulevard & Collins Street","area":0}},{"type":"Feature","geometry":{"type":"Point","coordinates":[-122.449949,37.7822868]},"properties":{"id":393733902,"category":"transit","name":"Geary Boulevard & Collins Street","area":0}},{"type":"Feature","geometry":{"type":"Point","coordinates":[-122.4530106,37.7818988]},"properties":{"id":393739801,"category":"transit","name":"Geary Boulevard & Spruce Street","area":0}},{"type":"Feature","geometry":{"type":"Point","coordinates":[-122.4534053,37.7815563]},"properties":{"id":393739841,"category":"transit","name":"Geary Boulevard & Spruce Street","area":0}},{"type":"Feature","geometry":{"type":"Point","coordinates":[-122.4931584,37.7798565]},"properties":{"id":409472826,"category":"transit","name":"Geary Boulevard & 33rd Avenue","area":0}},{"type":"Feature","geometry":{"type":"Point","coordinates":[-122.4934297,37.7799453]},"properties":{"id":409472901,"category":"transit","name":"33rd Avenue & Geary Boulevard","area":0}},{"type":"Feature","geometry":{"type":"Point","coordinates":[-122.493224,37.7794935]},"properties":{"id":409473135,"category":"transit","name":"33rd Avenue & Geary Boulevard","area":0}},{"type":"Feature","geometry":{"type":"Point","coordinates":[-122.4933881,37.7794095]},"properties":{"id":409473227,"category":"transit","name":"33rd Avenue & Geary Boulevard","area":0}},{"type":"Feature","geometry":{"type":"Point","coordinates":[-122.4936557,37.7798191]},"properties":{"id":409473577,"category":"transit","name":"Geary Boulevard & 33rd Avenue","area":0}},{"type":"Feature","geometry":{"type":"Point","coordinates":[-122.4935835,37.7795713]},"properties":{"id":409473644,"category":"transit","name":"Geary Boulevard & 33rd Avenue","area":0}},{"type":"Feature","geometry":{"type":"Point","coordinates":[-122.4932562,37.7800074]},"properties":{"id":409474272,"category":"transit","name":"33rd Avenue & Geary Boulevard","area":0}},{"type":"Feature","geometry":{"type":"Point","coordinates":[-122.4963932,37.7796932]},"properties":{"id":409475098,"category":"transit","name":"Geary Boulevard & 36th Avenue","area":0}},{"type":"Feature","geometry":{"type":"Point","coordinates":[-122.4967392,37.779424]},"properties":{"id":409475400,"category":"transit","name":"Geary Boulevard & 36th Avenue","area":0}},{"type":"Feature","geometry":{"type":"Point","coordinates":[-122.4999163,37.7792778]},"properties":{"id":409476203,"category":"transit","name":"Geary Boulevard & 39th Avenue","area":0}},{"type":"Feature","geometry":{"type":"Point","coordinates":[-122.5028224,37.7796879]},"properties":{"id":409476589,"category":"transit","name":"Point Lobos Avenue & 42nd Avenue","area":0}},{"type":"Feature","geometry":{"type":"Point","coordinates":[-122.5024976,37.7791602]},"properties":{"id":409478055,"category":"transit","name":"Geary Boulevard & 42nd Avenue","area":0}},{"type":"Feature","geometry":{"type":"Point","coordinates":[-122.505033,37.779877]},"properties":{"id":409478835,"category":"transit","name":"Point Lobos Avenue & 44th Avenue","area":0}},{"type":"Feature","geometry":{"type":"Point","coordinates":[-122.507641,37.7800759]},"properties":{"id":409479077,"category":"transit","name":"Point Lobos Avenue & 46th Avenue","area":0}},{"type":"Feature","geometry":{"type":"Point","coordinates":[-122.509493,37.7791216]},"properties":{"id":409482760,"category":"transit","name":"48th Avenue & Point Lobos Avenue","area":0}},{"type":"Feature","geometry":{"type":"Point","coordinates":[-122.500406,37.7756633]},"properties":{"id":409485695,"category":"transit","name":"Balboa Street & 40th Avenue","area":0}},{"type":"Feature","geometry":{"type":"Point","coordinates":[-122.5007194,37.7755045]},"properties":{"id":409485890,"category":"transit","name":"Balboa Street & 40th Avenue","area":0}},{"type":"Feature","geometry":{"type":"Point","coordinates":[-122.5036455,37.7755128]},"properties":{"id":409489262,"category":"transit","name":"Balboa Street & 43rd Avenue","area":0}},{"type":"Feature","geometry":{"type":"Point","coordinates":[-122.5039023,37.7753375]},"properties":{"id":409489611,"category":"transit","name":"Balboa Street & 43rd Avenue","area":0}},{"type":"Feature","geometry":{"type":"Point","coordinates":[-122.5058094,37.77517]},"properties":{"id":409492069,"category":"transit","name":"45th Avenue & Balboa Street","area":0}},{"type":"Feature","geometry":{"type":"Point","coordinates":[-122.5059373,37.7749117]},"properties":{"id":409492477,"category":"transit","name":"45th Avenue & Balboa Street","area":0}},{"type":"Feature","geometry":{"type":"Point","coordinates":[-122.415277,37.7891482]},"properties":{"id":410843384,"category":"transit","name":"Leavenworth Street & Bush Street","area":0}},{"type":"Feature","geometry":{"type":"Point","coordinates":[-122.415005,37.7893049]},"properties":{"id":410843395,"category":"transit","name":"Bush Street & Leavenworth Street","area":0}},{"type":"Feature","geometry":{"type":"Point","coordinates":[-122.41565,37.7910123]},"properties":{"id":410846396,"category":"transit","name":"Leavenworth Street & California Street","area":0}},{"type":"Feature","geometry":{"type":"Point","coordinates":[-122.415836,37.7922087]},"properties":{"id":410848635,"category":"transit","name":"Sacramento Street & Leavenworth Street","area":0}},{"type":"Feature","geometry":{"type":"Point","coordinates":[-122.4141997,37.7924252]},"properties":{"id":410851639,"category":"transit","name":"Sacramento Street & Jones Street","area":0}},{"type":"Feature","geometry":{"type":"Point","coordinates":[-122.411898,37.7927164]},"properties":{"id":410852625,"category":"transit","name":"Sacramento Street & Sproule Lane","area":0}},{"type":"Feature","geometry":{"type":"Point","coordinates":[-122.407872,37.7934547]},"properties":{"id":410853181,"category":"transit","name":"Stockton Street & Sacramento Street","area":0}},{"type":"Feature","geometry":{"type":"Point","coordinates":[-122.407557,37.7932744]},"properties":{"id":410853616,"category":"transit","name":"Sacramento Street & Stockton Street","area":0}},{"type":"Feature","geometry":{"type":"Point","coordinates":[-122.406405,37.7934258]},"properties":{"id":410854025,"category":"transit","name":"Sacramento Street & Grant Avenue","area":0}},{"type":"Feature","geometry":{"type":"Point","coordinates":[-122.404827,37.793616]},"properties":{"id":411084503,"category":"transit","name":"Sacramento Street & Kearny Street","area":0}},{"type":"Feature","geometry":{"type":"Point","coordinates":[-122.403326,37.7938]},"properties":{"id":411085019,"category":"transit","name":"Sacramento Street & Montgomery Street","area":0}},{"type":"Feature","geometry":{"type":"Point","coordinates":[-122.4103596,37.8070761]},"properties":{"id":411272326,"category":"transit","name":"North Point Street & Stockton Street","area":0}},{"type":"Feature","geometry":{"type":"Point","coordinates":[-122.4106453,37.8068551]},"properties":{"id":411272438,"category":"transit","name":"North Point Street & Stockton Street","area":0}},{"type":"Feature","geometry":{"type":"Point","coordinates":[-122.41206,37.8066716]},"properties":{"id":411273127,"category":"transit","name":"Powell Street & North Point Street","area":0}},{"type":"Feature","geometry":{"type":"Point","coordinates":[-122.412172,37.8064154]},"properties":{"id":411273146,"category":"transit","name":"Powell Street & North Point Street","area":0}},{"type":"Feature","geometry":{"type":"Point","coordinates":[-122.411903,37.8050519]},"properties":{"id":411274311,"category":"transit","name":"Powell Street & Francisco Street","area":0}},{"type":"Feature","geometry":{"type":"Point","coordinates":[-122.411667,37.8047652]},"properties":{"id":411275350,"category":"transit","name":"Powell Street & Francisco Street","area":0}},{"type":"Feature","geometry":{"type":"Point","coordinates":[-122.411448,37.802801]},"properties":{"id":411276316,"category":"transit","name":"Powell Street & Lombard Street","area":0}},{"type":"Feature","geometry":{"type":"Point","coordinates":[-122.410547,37.8006774]},"properties":{"id":411279843,"category":"transit","name":"Columbus Avenue & Union Street","area":0}},{"type":"Feature","geometry":{"type":"Point","coordinates":[-122.410009,37.800417]},"properties":{"id":411279862,"category":"transit","name":"Union Street & Columbus Avenue","area":0}},{"type":"Feature","geometry":{"type":"Point","coordinates":[-122.410564,37.8002162]},"properties":{"id":411279971,"category":"transit","name":"Union Street & Columbus Avenue","area":0}},{"type":"Feature","geometry":{"type":"Point","coordinates":[-122.41053,37.8004332]},"properties":{"id":411280085,"category":"transit","name":"Columbus Avenue & Union Street","area":0}},{"type":"Feature","geometry":{"type":"Point","coordinates":[-122.4088906,37.7991148]},"properties":{"id":411284709,"category":"transit","name":"Stockton Street & Columbus Avenue","area":0}},{"type":"Feature","geometry":{"type":"Point","coordinates":[-122.4090298,37.7992057]},"properties":{"id":411285428,"category":"transit","name":"Stockton Street & Columbus Avenue","area":0}},{"type":"Feature","geometry":{"type":"Point","coordinates":[-122.408708,37.7991546]},"properties":{"id":411285438,"category":"transit","name":"Columbus Avenue & Stockton Street","area":0}},{"type":"Feature","geometry":{"type":"Point","coordinates":[-122.4086676,37.7993415]},"properties":{"id":411285799,"category":"transit","name":"Columbus Avenue & Green Street","area":0}},{"type":"Feature","geometry":{"type":"Point","coordinates":[-122.408616,37.7971552]},"properties":{"id":411288863,"category":"transit","name":"Stockton Street & Pacific Avenue","area":0}},{"type":"Feature","geometry":{"type":"Point","coordinates":[-122.408839,37.7967169]},"properties":{"id":411288917,"category":"transit","name":"Pacific Avenue & Stockton Street","area":0}},{"type":"Feature","geometry":{"type":"Point","coordinates":[-122.408299,37.7963188]},"properties":{"id":411289183,"category":"transit","name":"Stockton Street & Pacific Avenue","area":0}},{"type":"Feature","geometry":{"type":"Point","coordinates":[-122.4080944,37.7945234]},"properties":{"id":411289596,"category":"transit","name":"Stockton Street & Washington Street","area":0}},{"type":"Feature","geometry":{"type":"Point","coordinates":[-122.407803,37.7938134]},"properties":{"id":411291901,"category":"transit","name":"Stockton Street & Clay Street","area":0}},{"type":"Feature","geometry":{"type":"Point","coordinates":[-122.423232,37.8063855]},"properties":{"id":411716854,"category":"transit","name":"Beach Street & Larkin Street","area":0}},{"type":"Feature","geometry":{"type":"Point","coordinates":[-122.423266,37.8037216]},"properties":{"id":411719062,"category":"transit","name":"Polk Street & Francisco Street","area":0}},{"type":"Feature","geometry":{"type":"Point","coordinates":[-122.423413,37.803544]},"properties":{"id":411719081,"category":"transit","name":"Polk Street & Francisco Street","area":0}},{"type":"Feature","geometry":{"type":"Point","coordinates":[-122.423025,37.8016788]},"properties":{"id":411719331,"category":"transit","name":"Polk Street & Lombard Street","area":0}},{"type":"Feature","geometry":{"type":"Point","coordinates":[-122.422819,37.8014785]},"properties":{"id":411719922,"category":"transit","name":"Polk Street & Lombard Street","area":0}},{"type":"Feature","geometry":{"type":"Point","coordinates":[-122.42247,37.7989318]},"properties":{"id":412086483,"category":"transit","name":"Polk Street & Union Street","area":0}},{"type":"Feature","geometry":{"type":"Point","coordinates":[-122.422645,37.7988025]},"properties":{"id":412087064,"category":"transit","name":"Union Street & Polk Street","area":0}},{"type":"Feature","geometry":{"type":"Point","coordinates":[-122.422576,37.7986708]},"properties":{"id":412087087,"category":"transit","name":"Union Street & Polk Street","area":0}},{"type":"Feature","geometry":{"type":"Point","coordinates":[-122.422326,37.7990459]},"properties":{"id":412087105,"category":"transit","name":"Polk Street & Union Street","area":0}},{"type":"Feature","geometry":{"type":"Point","coordinates":[-122.421754,37.79623]},"properties":{"id":412102708,"category":"transit","name":"Polk Street & Broadway","area":0}},{"type":"Feature","geometry":{"type":"Point","coordinates":[-122.421844,37.7957869]},"properties":{"id":412103212,"category":"transit","name":"Polk Street & Broadway","area":0}},{"type":"Feature","geometry":{"type":"Point","coordinates":[-122.421442,37.7951201]},"properties":{"id":412104581,"category":"transit","name":"Pacific Avenue & Polk Street","area":0}},{"type":"Feature","geometry":{"type":"Point","coordinates":[-122.421279,37.7950054]},"properties":{"id":412104779,"category":"transit","name":"Pacific Avenue & Polk Street","area":0}},{"type":"Feature","geometry":{"type":"Point","coordinates":[-122.421262,37.7942338]},"properties":{"id":412105577,"category":"transit","name":"Jackson Street & Polk Street","area":0}},{"type":"Feature","geometry":{"type":"Point","coordinates":[-122.421224,37.7935695]},"properties":{"id":412108188,"category":"transit","name":"Polk Street & Washington Street","area":0}},{"type":"Feature","geometry":{"type":"Point","coordinates":[-122.421371,37.7931987]},"properties":{"id":412108703,"category":"transit","name":"Washington Street & Polk Street","area":0}},{"type":"Feature","geometry":{"type":"Point","coordinates":[-122.42069,37.792383]},"properties":{"id":412109212,"category":"transit","name":"Clay Street & Polk Street","area":0}},{"type":"Feature","geometry":{"type":"Point","coordinates":[-122.421047,37.7919153]},"properties":{"id":412110516,"category":"transit","name":"Polk Street & Sacramento Street","area":0}},{"type":"Feature","geometry":{"type":"Point","coordinates":[-122.4212,37.7915502]},"properties":{"id":412110622,"category":"transit","name":"Sacramento Street & Polk Street","area":0}},{"type":"Feature","geometry":{"type":"Point","coordinates":[-122.420556,37.7894519]},"properties":{"id":412113746,"category":"transit","name":"Polk Street & Pine Street","area":0}},{"type":"Feature","geometry":{"type":"Point","coordinates":[-122.4204741,37.7898643]},"properties":{"id":412115987,"category":"transit","name":"Polk Street & Pine Street","area":0}},{"type":"Feature","geometry":{"type":"Point","coordinates":[-122.420417,37.7878164]},"properties":{"id":412117022,"category":"transit","name":"Sutter Street & Polk Street","area":0}},{"type":"Feature","geometry":{"type":"Point","coordinates":[-122.420164,37.7875485]},"properties":{"id":412117215,"category":"transit","name":"Polk Street & Sutter Street","area":0}},{"type":"Feature","geometry":{"type":"Point","coordinates":[-122.419924,37.7871256]},"properties":{"id":412117461,"category":"transit","name":"Polk Street & Post Street","area":0}},{"type":"Feature","geometry":{"type":"Point","coordinates":[-122.419498,37.7868068]},"properties":{"id":412117920,"category":"transit","name":"Post Street & Polk Street","area":0}},{"type":"Feature","geometry":{"type":"Point","coordinates":[-122.4196882,37.7850988]},"properties":{"id":412117948,"category":"transit","name":"Polk Street & O'Farrell Street","area":0}},{"type":"Feature","geometry":{"type":"Point","coordinates":[-122.4078254,37.8073972]},"properties":{"id":413369608,"category":"transit","name":"North Point Street & Kearny Street","area":0}},{"type":"Feature","geometry":{"type":"Point","coordinates":[-122.4023808,37.7996216]},"properties":{"id":413379957,"category":"transit","name":"Sansome Street & Vallejo Street","area":0}},{"type":"Feature","geometry":{"type":"Point","coordinates":[-122.4020396,37.7977989]},"properties":{"id":413385434,"category":"transit","name":"Sansome Street & Pacific Avenue","area":0}},{"type":"Feature","geometry":{"type":"Point","coordinates":[-122.40155,37.7945917]},"properties":{"id":413393458,"category":"transit","name":"Sansome Street & Clay Street","area":0}},{"type":"Feature","geometry":{"type":"Point","coordinates":[-122.401507,37.7952573]},"properties":{"id":413394868,"category":"transit","name":"Sansome Street & Clay Street","area":0}},{"type":"Feature","geometry":{"type":"Point","coordinates":[-122.3956953,37.7925251]},"properties":{"id":415564619,"category":"transit","name":"Main Street & Market Street","area":0}},{"type":"Feature","geometry":{"type":"Point","coordinates":[-122.394492,37.7943901]},"properties":{"id":415564783,"category":"transit","name":"Steuart Street & Market Street","area":0}},{"type":"Feature","geometry":{"type":"Point","coordinates":[-122.393419,37.7932952]},"properties":{"id":415564785,"category":"transit","name":"Steuart Street & Mission Street","area":0}},{"type":"Feature","geometry":{"type":"Point","coordinates":[-122.394385,37.7924299]},"properties":{"id":415564788,"category":"transit","name":"Mission Street & Spear Street","area":0}},{"type":"Feature","geometry":{"type":"Point","coordinates":[-122.394877,37.7920357]},"properties":{"id":415565296,"category":"transit","name":"Mission Street & Main Street","area":0}},{"type":"Feature","geometry":{"type":"Point","coordinates":[-122.396163,37.7910068]},"properties":{"id":415565392,"category":"transit","name":"Mission Street & Beale Street","area":0}},{"type":"Feature","geometry":{"type":"Point","coordinates":[-122.3975054,37.7899445]},"properties":{"id":415565713,"category":"transit","name":"Mission Street & 1st Street","area":0}},{"type":"Feature","geometry":{"type":"Point","coordinates":[-122.4001969,37.7878308]},"properties":{"id":415566496,"category":"transit","name":"Mission Street & 2nd Street","area":0}},{"type":"Feature","geometry":{"type":"Point","coordinates":[-122.399852,37.7878381]},"properties":{"id":415566633,"category":"transit","name":"Mission Street & 2nd Street","area":0}},{"type":"Feature","geometry":{"type":"Point","coordinates":[-122.4017363,37.7863951]},"properties":{"id":415567382,"category":"transit","name":"Mission Street & 3rd Street","area":0}},{"type":"Feature","geometry":{"type":"Point","coordinates":[-122.402339,37.7861378]},"properties":{"id":415567423,"category":"transit","name":"Mission Street & 3rd Street","area":0}},{"type":"Feature","geometry":{"type":"Point","coordinates":[-122.405544,37.7821076]},"properties":{"id":420433226,"category":"transit","name":"5th Street & Natoma Street","area":0}},{"type":"Feature","geometry":{"type":"Point","coordinates":[-122.406765,37.7828244]},"properties":{"id":420433466,"category":"transit","name":"5th Street & Mission Street","area":0}},{"type":"Feature","geometry":{"type":"Point","coordinates":[-122.4070623,37.7824103]},"properties":{"id":420433598,"category":"transit","name":"Mission Street & 5th Street","area":0}},{"type":"Feature","geometry":{"type":"Point","coordinates":[-122.4065625,37.7825488]},"properties":{"id":420434130,"category":"transit","name":"Mission Street & 5th Street","area":0}},{"type":"Feature","geometry":{"type":"Point","coordinates":[-122.408364,37.7811378]},"properties":{"id":420435056,"category":"transit","name":"Mission Street & 6th Street","area":0}},{"type":"Feature","geometry":{"type":"Point","coordinates":[-122.40906,37.7808355]},"properties":{"id":420435206,"category":"transit","name":"Mission Street & 6th Street","area":0}},{"type":"Feature","geometry":{"type":"Point","coordinates":[-122.4105346,37.779426]},"properties":{"id":420435839,"category":"transit","name":"Mission Street & 7th Street","area":0}},{"type":"Feature","geometry":{"type":"Point","coordinates":[-122.4113105,37.7790446]},"properties":{"id":420437035,"category":"transit","name":"Mission Street & 7th Street","area":0}},{"type":"Feature","geometry":{"type":"Point","coordinates":[-122.4129314,37.7775343]},"properties":{"id":420502416,"category":"transit","name":"Mission Street & 8th Street","area":0}},{"type":"Feature","geometry":{"type":"Point","coordinates":[-122.413498,37.7773219]},"properties":{"id":420502513,"category":"transit","name":"Mission Street & 8th Street","area":0}},{"type":"Feature","geometry":{"type":"Point","coordinates":[-122.415024,37.7761223]},"properties":{"id":420503269,"category":"transit","name":"Mission Street & 9th Street","area":0}},{"type":"Feature","geometry":{"type":"Point","coordinates":[-122.4191616,37.7728102]},"properties":{"id":420504585,"category":"transit","name":"Otis Street & 12th Street","area":0}},{"type":"Feature","geometry":{"type":"Point","coordinates":[-122.418259,37.7731428]},"properties":{"id":420506326,"category":"transit","name":"Mission Street & South Van Ness Avenue","area":0}},{"type":"Feature","geometry":{"type":"Point","coordinates":[-122.419778,37.7704024]},"properties":{"id":420507090,"category":"transit","name":"Mission Street & 13th Street","area":0}},{"type":"Feature","geometry":{"type":"Point","coordinates":[-122.420419,37.7713678]},"properties":{"id":420507453,"category":"transit","name":"150 Otis Street","area":0}},{"type":"Feature","geometry":{"type":"Point","coordinates":[-122.4200835,37.7680356]},"properties":{"id":420508888,"category":"transit","name":"Mission Street & 14th Street","area":0}},{"type":"Feature","geometry":{"type":"Point","coordinates":[-122.4196478,37.7653103]},"properties":{"id":420510854,"category":"transit","name":"Mission Street & 16th Street","area":0}},{"type":"Feature","geometry":{"type":"Point","coordinates":[-122.4194058,37.7651667]},"properties":{"id":420511655,"category":"transit","name":"16th Street & Mission Street","area":0}},{"type":"Feature","geometry":{"type":"Point","coordinates":[-122.4199334,37.7649941]},"properties":{"id":420511688,"category":"transit","name":"16th Street & Mission Street","area":0}},{"type":"Feature","geometry":{"type":"Point","coordinates":[-122.4197531,37.7648246]},"properties":{"id":420512091,"category":"transit","name":"Mission Street & 16th Street","area":0}},{"type":"Feature","geometry":{"type":"Point","coordinates":[-122.419749,37.7618901]},"properties":{"id":420514396,"category":"transit","name":"18th Street & Mission Street","area":0}},{"type":"Feature","geometry":{"type":"Point","coordinates":[-122.4192896,37.7620562]},"properties":{"id":420514554,"category":"transit","name":"Mission Street & 18th Street","area":0}},{"type":"Feature","geometry":{"type":"Point","coordinates":[-122.4194612,37.7616287]},"properties":{"id":420514747,"category":"transit","name":"Mission Street & 18th Street","area":0}},{"type":"Feature","geometry":{"type":"Point","coordinates":[-122.4191609,37.7584072]},"properties":{"id":420514955,"category":"transit","name":"Mission Street & 20th Street","area":0}},{"type":"Feature","geometry":{"type":"Point","coordinates":[-122.4189879,37.7588118]},"properties":{"id":420514976,"category":"transit","name":"Mission Street & 20th Street","area":0}},{"type":"Feature","geometry":{"type":"Point","coordinates":[-122.4187049,37.7557748]},"properties":{"id":420515797,"category":"transit","name":"Mission Street & 22nd Street","area":0}},{"type":"Feature","geometry":{"type":"Point","coordinates":[-122.4188388,37.7550569]},"properties":{"id":420515904,"category":"transit","name":"Mission Street & 22nd Street","area":0}},{"type":"Feature","geometry":{"type":"Point","coordinates":[-122.418405,37.7525238]},"properties":{"id":420517424,"category":"transit","name":"Mission Street & 24th Street","area":0}},{"type":"Feature","geometry":{"type":"Point","coordinates":[-122.4181586,37.7523297]},"properties":{"id":420517802,"category":"transit","name":"24th Street & Mission Street","area":0}},{"type":"Feature","geometry":{"type":"Point","coordinates":[-122.418671,37.7521692]},"properties":{"id":420518473,"category":"transit","name":"24th Street & Mission Street","area":0}},{"type":"Feature","geometry":{"type":"Point","coordinates":[-122.418523,37.7519667]},"properties":{"id":420518701,"category":"transit","name":"Mission Street & 24th Street","area":0}},{"type":"Feature","geometry":{"type":"Point","coordinates":[-122.418079,37.7494003]},"properties":{"id":420519088,"category":"transit","name":"Mission Street & 26th Street","area":0}},{"type":"Feature","geometry":{"type":"Point","coordinates":[-122.417864,37.7490202]},"properties":{"id":420519224,"category":"transit","name":"26th Street & Mission Street","area":0}},{"type":"Feature","geometry":{"type":"Point","coordinates":[-122.418228,37.7487606]},"properties":{"id":420519379,"category":"transit","name":"Mission Street & 26th Street","area":0}},{"type":"Feature","geometry":{"type":"Point","coordinates":[-122.418665,37.7482755]},"properties":{"id":420519545,"category":"transit","name":"Cesar Chavez Street & Mission Street","area":0}},{"type":"Feature","geometry":{"type":"Point","coordinates":[-122.419208,37.7465092]},"properties":{"id":420520323,"category":"transit","name":"Mission Street & Powers Avenue","area":0}},{"type":"Feature","geometry":{"type":"Point","coordinates":[-122.420259,37.7452138]},"properties":{"id":420521194,"category":"transit","name":"Mission Street & Valencia Street","area":0}},{"type":"Feature","geometry":{"type":"Point","coordinates":[-122.4457442,37.7702449]},"properties":{"id":424020240,"category":"transit","name":"Haight Street & Masonic Avenue","area":0}},{"type":"Feature","geometry":{"type":"Point","coordinates":[-122.455888,37.7815584]},"properties":{"id":426226296,"category":"transit","name":"Geary Boulevard & Commonwealth Avenue","area":0}},{"type":"Feature","geometry":{"type":"Point","coordinates":[-122.456484,37.7812504]},"properties":{"id":426227657,"category":"transit","name":"Geary Boulevard & Stanyan Street","area":0}},{"type":"Feature","geometry":{"type":"Point","coordinates":[-122.4585605,37.7811445]},"properties":{"id":426236000,"category":"transit","name":"Geary Boulevard & Arguello Boulevard","area":0}},{"type":"Feature","geometry":{"type":"Point","coordinates":[-122.458763,37.7810511]},"properties":{"id":426236626,"category":"transit","name":"Arguello Boulevard & Geary Boulevard","area":0}},{"type":"Feature","geometry":{"type":"Point","coordinates":[-122.459014,37.7815096]},"properties":{"id":426238120,"category":"transit","name":"Arguello Boulevard & Geary Boulevard","area":0}},{"type":"Feature","geometry":{"type":"Point","coordinates":[-122.4612928,37.7813107]},"properties":{"id":426240591,"category":"transit","name":"Geary Boulevard & 3rd Avenue","area":0}},{"type":"Feature","geometry":{"type":"Point","coordinates":[-122.4612715,37.7810234]},"properties":{"id":426242496,"category":"transit","name":"Geary Boulevard & 3rd Avenue","area":0}},{"type":"Feature","geometry":{"type":"Point","coordinates":[-122.4641071,37.7811823]},"properties":{"id":426245569,"category":"transit","name":"Geary Boulevard & 6th Avenue","area":0}},{"type":"Feature","geometry":{"type":"Point","coordinates":[-122.4641914,37.7807631]},"properties":{"id":426246360,"category":"transit","name":"6th Avenue & Geary Boulevard","area":0}},{"type":"Feature","geometry":{"type":"Point","coordinates":[-122.4643738,37.7807871]},"properties":{"id":426246999,"category":"transit","name":"6th Avenue & Geary Boulevard","area":0}},{"type":"Feature","geometry":{"type":"Point","coordinates":[-122.4640991,37.7808907]},"properties":{"id":426249260,"category":"transit","name":"Geary Boulevard & 6th Avenue","area":0}},{"type":"Feature","geometry":{"type":"Point","coordinates":[-122.4671566,37.7807541]},"properties":{"id":426265292,"category":"transit","name":"Geary Boulevard & 9th Avenue","area":0}},{"type":"Feature","geometry":{"type":"Point","coordinates":[-122.4678019,37.7810222]},"properties":{"id":426267150,"category":"transit","name":"Geary Boulevard & 9th Avenue","area":0}},{"type":"Feature","geometry":{"type":"Point","coordinates":[-122.4721955,37.7810713]},"properties":{"id":427162129,"category":"transit","name":"Park Presidio Boulevard & Geary Boulevard","area":0}},{"type":"Feature","geometry":{"type":"Point","coordinates":[-122.4724683,37.7802512]},"properties":{"id":427163323,"category":"transit","name":"Park Presidio Boulevard & Geary Boulevard","area":0}},{"type":"Feature","geometry":{"type":"Point","coordinates":[-122.4719297,37.7805127]},"properties":{"id":427164216,"category":"transit","name":"Geary Boulevard & Park Presidio Boulevard","area":0}},{"type":"Feature","geometry":{"type":"Point","coordinates":[-122.4727078,37.780802]},"properties":{"id":427164812,"category":"transit","name":"Geary Boulevard & Park Presidio Boulevard","area":0}},{"type":"Feature","geometry":{"type":"Point","coordinates":[-122.4759412,37.7806441]},"properties":{"id":427170581,"category":"transit","name":"Geary Boulevard & 17th Avenue","area":0}},{"type":"Feature","geometry":{"type":"Point","coordinates":[-122.4759064,37.7803614]},"properties":{"id":427172600,"category":"transit","name":"Geary Boulevard & 17th Avenue","area":0}},{"type":"Feature","geometry":{"type":"Point","coordinates":[-122.4796053,37.7804728]},"properties":{"id":427175316,"category":"transit","name":"Geary Boulevard & 20th Avenue","area":0}},{"type":"Feature","geometry":{"type":"Point","coordinates":[-122.4791892,37.7801957]},"properties":{"id":427175434,"category":"transit","name":"Geary Boulevard & 20th Avenue","area":0}},{"type":"Feature","geometry":{"type":"Point","coordinates":[-122.4824135,37.7800621]},"properties":{"id":427180578,"category":"transit","name":"Geary Boulevard & 23rd Avenue","area":0}},{"type":"Feature","geometry":{"type":"Point","coordinates":[-122.484631,37.7798659]},"properties":{"id":427182354,"category":"transit","name":"25th Avenue & Geary Boulevard","area":0}},{"type":"Feature","geometry":{"type":"Point","coordinates":[-122.4848863,37.7803038]},"properties":{"id":427183851,"category":"transit","name":"25th Avenue & Geary Boulevard","area":0}},{"type":"Feature","geometry":{"type":"Point","coordinates":[-122.4845693,37.7802564]},"properties":{"id":427184483,"category":"transit","name":"Geary Boulevard & 25th Avenue","area":0}},{"type":"Feature","geometry":{"type":"Point","coordinates":[-122.4843768,37.7799761]},"properties":{"id":427185085,"category":"transit","name":"Geary Boulevard & 25th Avenue","area":0}},{"type":"Feature","geometry":{"type":"Point","coordinates":[-122.4877684,37.780113]},"properties":{"id":427189865,"category":"transit","name":"Geary Boulevard & 28th Avenue","area":0}},{"type":"Feature","geometry":{"type":"Point","coordinates":[-122.4881318,37.7797939]},"properties":{"id":427189904,"category":"transit","name":"Geary Boulevard & 28th Avenue","area":0}},{"type":"Feature","geometry":{"type":"Point","coordinates":[-122.4899316,37.7800144]},"properties":{"id":427190279,"category":"transit","name":"Geary Boulevard & 30th Avenue","area":0}},{"type":"Feature","geometry":{"type":"Point","coordinates":[-122.4903112,37.7796933]},"properties":{"id":427191204,"category":"transit","name":"Geary Boulevard & 30th Avenue","area":0}},{"type":"Feature","geometry":{"type":"Point","coordinates":[-122.491656,37.7796319]},"properties":{"id":427191247,"category":"transit","name":"Geary Boulevard & 32nd Avenue","area":0}},{"type":"Feature","geometry":{"type":"Point","coordinates":[-122.4923465,37.7799548]},"properties":{"id":427191262,"category":"transit","name":"32nd Avenue & Geary Boulevard","area":0}},{"type":"Feature","geometry":{"type":"Point","coordinates":[-122.4240337,37.7850328]},"properties":{"id":427890088,"category":"transit","name":"Starr King Way & Gough Street","area":0}},{"type":"Feature","geometry":{"type":"Point","coordinates":[-122.4215054,37.7846626]},"properties":{"id":427890123,"category":"transit","name":"O'Farrell Street & Van Ness Avenue","area":0}},{"type":"Feature","geometry":{"type":"Point","coordinates":[-122.4176,37.7851516]},"properties":{"id":427892609,"category":"transit","name":"O'Farrell Street & Larkin Street","area":0}},{"type":"Feature","geometry":{"type":"Point","coordinates":[-122.415871,37.7853788]},"properties":{"id":427895293,"category":"transit","name":"O'Farrell Street & Hyde Street","area":0}},{"type":"Feature","geometry":{"type":"Point","coordinates":[-122.414513,37.7854567]},"properties":{"id":427895671,"category":"transit","name":"Leavenworth Street & O'Farrell Street","area":0}},{"type":"Feature","geometry":{"type":"Point","coordinates":[-122.414214,37.7855823]},"properties":{"id":427895727,"category":"transit","name":"O'Farrell Street & Leavenworth Street","area":0}},{"type":"Feature","geometry":{"type":"Point","coordinates":[-122.412139,37.785865]},"properties":{"id":427896168,"category":"transit","name":"O'Farrell Street & Taylor Street","area":0}},{"type":"Feature","geometry":{"type":"Point","coordinates":[-122.408189,37.7863556]},"properties":{"id":427897729,"category":"transit","name":"O'Farrell Street & Powell Street","area":0}},{"type":"Feature","geometry":{"type":"Point","coordinates":[-122.405634,37.7866891]},"properties":{"id":427898159,"category":"transit","name":"O'Farrell Street & Grant Avenue","area":0}},{"type":"Feature","geometry":{"type":"Point","coordinates":[-122.417979,37.7870169]},"properties":{"id":429631530,"category":"transit","name":"Post Street & Larkin Street","area":0}},{"type":"Feature","geometry":{"type":"Point","coordinates":[-122.421052,37.7866235]},"properties":{"id":429632358,"category":"transit","name":"Post Street & Van Ness Avenue","area":0}},{"type":"Feature","geometry":{"type":"Point","coordinates":[-122.424515,37.7861695]},"properties":{"id":429632527,"category":"transit","name":"Post Street & Gough Street","area":0}},{"type":"Feature","geometry":{"type":"Point","coordinates":[-122.426769,37.7858847]},"properties":{"id":429633483,"category":"transit","name":"Post Street & Octavia Street","area":0}},{"type":"Feature","geometry":{"type":"Point","coordinates":[-122.427807,37.7857487]},"properties":{"id":429633810,"category":"transit","name":"Post Street & Laguna Street","area":0}},{"type":"Feature","geometry":{"type":"Point","coordinates":[-122.428602,37.7867707]},"properties":{"id":429641455,"category":"transit","name":"Sutter Street & Laguna Street","area":0}},{"type":"Feature","geometry":{"type":"Point","coordinates":[-122.428565,37.7866231]},"properties":{"id":429641740,"category":"transit","name":"Sutter Street & Laguna Street","area":0}},{"type":"Feature","geometry":{"type":"Point","coordinates":[-122.429787,37.7864666]},"properties":{"id":429641919,"category":"transit","name":"Sutter Street & Buchanan Street","area":0}},{"type":"Feature","geometry":{"type":"Point","coordinates":[-122.429826,37.7866165]},"properties":{"id":429641982,"category":"transit","name":"Sutter Street & Buchanan Street","area":0}},{"type":"Feature","geometry":{"type":"Point","coordinates":[-122.4330825,37.7861953]},"properties":{"id":429644688,"category":"transit","name":"Sutter Street & Fillmore Street","area":0}},{"type":"Feature","geometry":{"type":"Point","coordinates":[-122.4330494,37.7860548]},"properties":{"id":429645050,"category":"transit","name":"Sutter Street & Fillmore Street","area":0}},{"type":"Feature","geometry":{"type":"Point","coordinates":[-122.4331757,37.7859516]},"properties":{"id":429647168,"category":"transit","name":"Fillmore Street & Sutter Street","area":0}},{"type":"Feature","geometry":{"type":"Point","coordinates":[-122.4333126,37.7858116]},"properties":{"id":429647657,"category":"transit","name":"Fillmore Street & Sutter Street","area":0}},{"type":"Feature","geometry":{"type":"Point","coordinates":[-122.4347882,37.7859781]},"properties":{"id":429648936,"category":"transit","name":"Sutter Street & Steiner Street","area":0}},{"type":"Feature","geometry":{"type":"Point","coordinates":[-122.435094,37.7857893]},"properties":{"id":429648939,"category":"transit","name":"Sutter Street & Steiner Street","area":0}},{"type":"Feature","geometry":{"type":"Point","coordinates":[-122.438058,37.7855628]},"properties":{"id":429649842,"category":"transit","name":"Sutter Street & Scott Street","area":0}},{"type":"Feature","geometry":{"type":"Point","coordinates":[-122.438407,37.7853687]},"properties":{"id":429649998,"category":"transit","name":"Sutter Street & Scott Street","area":0}},{"type":"Feature","geometry":{"type":"Point","coordinates":[-122.439525,37.785239]},"properties":{"id":429650413,"category":"transit","name":"Sutter Street & Divisadero Street","area":0}},{"type":"Feature","geometry":{"type":"Point","coordinates":[-122.4393683,37.7852534]},"properties":{"id":429651162,"category":"transit","name":null,"area":0}},{"type":"Feature","geometry":{"type":"Point","coordinates":[-122.439668,37.7853565]},"properties":{"id":429651231,"category":"transit","name":"Sutter Street & Divisadero Street","area":0}},{"type":"Feature","geometry":{"type":"Point","coordinates":[-122.439814,37.7854773]},"properties":{"id":429651346,"category":"transit","name":"Divisadero Street & Sutter Street","area":0}},{"type":"Feature","geometry":{"type":"Point","coordinates":[-122.439926,37.7850228]},"properties":{"id":429651774,"category":"transit","name":"Divisadero Street & Sutter Street","area":0}},{"type":"Feature","geometry":{"type":"Point","coordinates":[-122.4430382,37.7849285]},"properties":{"id":429652803,"category":"transit","name":"Sutter Street & Baker Street","area":0}},{"type":"Feature","geometry":{"type":"Point","coordinates":[-122.4433828,37.7847532]},"properties":{"id":429653061,"category":"transit","name":"Sutter Street & Baker Street","area":0}},{"type":"Feature","geometry":{"type":"Point","coordinates":[-122.4459942,37.7844112]},"properties":{"id":429653322,"category":"transit","name":"Sutter Street & Presidio Avenue","area":0}},{"type":"Feature","geometry":{"type":"Point","coordinates":[-122.4463035,37.7841884]},"properties":{"id":429653392,"category":"transit","name":"Presidio Avenue & Sutter Street","area":0}},{"type":"Feature","geometry":{"type":"Point","coordinates":[-122.4461982,37.7846911]},"properties":{"id":429653556,"category":"transit","name":"Presidio Avenue & Sutter Street","area":0}},{"type":"Feature","geometry":{"type":"Point","coordinates":[-122.440012,37.7864066]},"properties":{"id":429655356,"category":"transit","name":"Divisadero Street & Bush Street","area":0}},{"type":"Feature","geometry":{"type":"Point","coordinates":[-122.419407,37.7822024]},"properties":{"id":432821522,"category":"transit","name":"Turk Street & Polk Street","area":0}},{"type":"Feature","geometry":{"type":"Point","coordinates":[-122.419051,37.7832014]},"properties":{"id":432824800,"category":"transit","name":"Eddy Street & Polk Street","area":0}},{"type":"Feature","geometry":{"type":"Point","coordinates":[-122.418999,37.7830628]},"properties":{"id":432824828,"category":"transit","name":"Eddy Street & Polk Street","area":0}},{"type":"Feature","geometry":{"type":"Point","coordinates":[-122.417934,37.7833435]},"properties":{"id":432826550,"category":"transit","name":"Eddy Street & Larkin Street","area":0}},{"type":"Feature","geometry":{"type":"Point","coordinates":[-122.417445,37.7832214]},"properties":{"id":432826826,"category":"transit","name":"Larkin Street & Eddy Street","area":0}},{"type":"Feature","geometry":{"type":"Point","coordinates":[-122.417203,37.7832796]},"properties":{"id":432827108,"category":"transit","name":"Eddy Street & Larkin Street","area":0}},{"type":"Feature","geometry":{"type":"Point","coordinates":[-122.415645,37.7834951]},"properties":{"id":432827300,"category":"transit","name":"Eddy Street & Hyde Street","area":0}},{"type":"Feature","geometry":{"type":"Point","coordinates":[-122.413962,37.7837084]},"properties":{"id":432827449,"category":"transit","name":"Eddy Street & Leavenworth Street","area":0}},{"type":"Feature","geometry":{"type":"Point","coordinates":[-122.412315,37.7839177]},"properties":{"id":432828193,"category":"transit","name":"Eddy Street & Jones Street","area":0}},{"type":"Feature","geometry":{"type":"Point","coordinates":[-122.434129,37.7333686]},"properties":{"id":527439453,"category":"transit","name":"Diamond Street & Bosworth Street","area":0}},{"type":"Feature","geometry":{"type":"Point","coordinates":[-122.433937,37.7336198]},"properties":{"id":527439459,"category":"transit","name":"Bosworth Street & Diamond Street","area":0}},{"type":"Feature","geometry":{"type":"Point","coordinates":[-122.433758,37.7333566]},"properties":{"id":527440127,"category":"transit","name":"Bosworth Street & Diamond Street","area":0}},{"type":"Feature","geometry":{"type":"Point","coordinates":[-122.4313538,37.7307111]},"properties":{"id":527441525,"category":"transit","name":"Lyell Street & Alemany Boulevard","area":0}},{"type":"Feature","geometry":{"type":"Point","coordinates":[-122.431343,37.7285701]},"properties":{"id":527441644,"category":"transit","name":"Mission Street & Silver Avenue","area":0}},{"type":"Feature","geometry":{"type":"Point","coordinates":[-122.431617,37.7285904]},"properties":{"id":527442375,"category":"transit","name":"Mission Street & Silver Avenue","area":0}},{"type":"Feature","geometry":{"type":"Point","coordinates":[-122.431035,37.7287547]},"properties":{"id":527443476,"category":"transit","name":"Silver Avenue & Mission Street","area":0}},{"type":"Feature","geometry":{"type":"Point","coordinates":[-122.431062,37.7286087]},"properties":{"id":527445093,"category":"transit","name":"Silver Avenue & Mission Street","area":0}},{"type":"Feature","geometry":{"type":"Point","coordinates":[-122.440808,37.7164318]},"properties":{"id":527449604,"category":"transit","name":"Geneva Avenue & Mission Street","area":0}},{"type":"Feature","geometry":{"type":"Point","coordinates":[-122.441385,37.7161976]},"properties":{"id":527449615,"category":"transit","name":"Mission Street & Geneva Avenue","area":0}},{"type":"Feature","geometry":{"type":"Point","coordinates":[-122.442655,37.7147454]},"properties":{"id":527451506,"category":"transit","name":"Mission Street & Mount Vernon Avenue","area":0}},{"type":"Feature","geometry":{"type":"Point","coordinates":[-122.433111,37.7295607]},"properties":{"id":527858691,"category":"transit","name":"Silver Avenue & Alemany Boulevard","area":0}},{"type":"Feature","geometry":{"type":"Point","coordinates":[-122.433448,37.7260946]},"properties":{"id":527872930,"category":"transit","name":"Excelsior Avenue & Mission Street","area":0}},{"type":"Feature","geometry":{"type":"Point","coordinates":[-122.4273784,37.7725736]},"properties":{"id":566922777,"category":"transit","name":"Haight Street & Buchanan Street","area":0}},{"type":"Feature","geometry":{"type":"Point","coordinates":[-122.427295,37.7724425]},"properties":{"id":566922778,"category":"transit","name":"Haight Street & Buchanan Street","area":0}},{"type":"Feature","geometry":{"type":"Point","coordinates":[-122.425826,37.7727888]},"properties":{"id":566922780,"category":"transit","name":"Haight Street & Laguna Street","area":0}},{"type":"Feature","geometry":{"type":"Point","coordinates":[-122.387046,37.778192]},"properties":{"id":590986805,"category":"transit","name":"Oracle Park Ferry Terminal","area":0}},{"type":"Feature","geometry":{"type":"Point","coordinates":[-122.405834,37.8026615]},"properties":{"id":612026300,"category":"transit","name":"Coit Tower Parking Lot","area":0}},{"type":"Feature","geometry":{"type":"Point","coordinates":[-122.43818,37.7606079]},"properties":{"id":617941921,"category":"transit","name":"Eureka Street & 18th Street","area":0}},{"type":"Feature","geometry":{"type":"Point","coordinates":[-122.4427233,37.8000759]},"properties":{"id":621544129,"category":"transit","name":"Chestnut Street & Divisadero Street","area":0}},{"type":"Feature","geometry":{"type":"Point","coordinates":[-122.4429891,37.8001268]},"properties":{"id":621544130,"category":"transit","name":"Divisadero Street & Chestnut Street","area":0}},{"type":"Feature","geometry":{"type":"Point","coordinates":[-122.4517551,37.7992045]},"properties":{"id":630748499,"category":"transit","name":"Tide Building","area":0}},{"type":"Feature","geometry":{"type":"Point","coordinates":[-122.4469716,37.7984243]},"properties":{"id":630761980,"category":"transit","name":"Lombard Street & Lyon Street","area":0}},{"type":"Feature","geometry":{"type":"Point","coordinates":[-122.475001,37.7350412]},"properties":{"id":633092428,"category":"transit","name":"19th Avenue & Sloat Boulevard","area":0}},{"type":"Feature","geometry":{"type":"Point","coordinates":[-122.474537,37.7348237]},"properties":{"id":633092432,"category":"transit","name":"Sloat Boulevard & 19th Avenue","area":0}},{"type":"Feature","geometry":{"type":"Point","coordinates":[-122.471845,37.7349242]},"properties":{"id":633092442,"category":"transit","name":"Sloat Boulevard & West Portal Avenue","area":0}},{"type":"Feature","geometry":{"type":"Point","coordinates":[-122.4711497,37.7827393]},"properties":{"id":669137632,"category":"transit","name":"Clement Street & 12th Avenue","area":0}},{"type":"Feature","geometry":{"type":"Point","coordinates":[-122.4756072,37.8063984]},"properties":{"id":669137668,"category":"transit","name":"Merchant Road & Golden Gate Bridge","area":0}},{"type":"Feature","geometry":{"type":"Point","coordinates":[-122.4754717,37.8066806]},"properties":{"id":669137742,"category":"transit","name":"Golden Gate Bridge Toll Plaza","area":0}},{"type":"Feature","geometry":{"type":"Point","coordinates":[-122.475105,37.8073157]},"properties":{"id":669137745,"category":"transit","name":"Golden Gate Bridge Toll Plaza","area":0}},{"type":"Feature","geometry":{"type":"Point","coordinates":[-122.474701,37.8077451]},"properties":{"id":669137754,"category":"transit","name":"Golden Gate Bridge Parking Lot (Bus 28)","area":0}},{"type":"Feature","geometry":{"type":"Point","coordinates":[-122.4471264,37.7985818]},"properties":{"id":669137756,"category":"transit","name":"Lombard Street & Lyon Street","area":0}},{"type":"Feature","geometry":{"type":"Point","coordinates":[-122.4467033,37.8002532]},"properties":{"id":669137763,"category":"transit","name":"Richardson Avenue & Francisco Street","area":0}},{"type":"Feature","geometry":{"type":"Point","coordinates":[-122.419452,37.8010247]},"properties":{"id":669137852,"category":"transit","name":"Hyde Street & Greenwich Street","area":0}},{"type":"Feature","geometry":{"type":"Point","coordinates":[-122.419601,37.8019701]},"properties":{"id":669137856,"category":"transit","name":"Hyde Street & Lombard Street","area":0}},{"type":"Feature","geometry":{"type":"Point","coordinates":[-122.368494,37.8231895]},"properties":{"id":669137903,"category":"transit","name":"Avenue H & 5th Street","area":0}},{"type":"Feature","geometry":{"type":"Point","coordinates":[-122.37011,37.825116]},"properties":{"id":669137908,"category":"transit","name":"9th Street & Avenue H","area":0}},{"type":"Feature","geometry":{"type":"Point","coordinates":[-122.369761,37.8252106]},"properties":{"id":669137911,"category":"transit","name":"Avenue H & 9th Street","area":0}},{"type":"Feature","geometry":{"type":"Point","coordinates":[-122.371881,37.8282634]},"properties":{"id":669137925,"category":"transit","name":"Avenue H & 13th Street","area":0}},{"type":"Feature","geometry":{"type":"Point","coordinates":[-122.373423,37.8298185]},"properties":{"id":669137930,"category":"transit","name":"Gateview Avenue & Northpoint Drive","area":0}},{"type":"Feature","geometry":{"type":"Point","coordinates":[-122.4488438,37.7698615]},"properties":{"id":677290614,"category":"transit","name":"Haight Street & Clayton Street","area":0}},{"type":"Feature","geometry":{"type":"Point","coordinates":[-122.4483771,37.769753]},"properties":{"id":677290617,"category":"transit","name":"Haight Street & Clayton Street","area":0}},{"type":"Feature","geometry":{"type":"Point","coordinates":[-122.446262,37.7759209]},"properties":{"id":677290737,"category":"transit","name":"Fulton Street & Masonic Avenue","area":0}},{"type":"Feature","geometry":{"type":"Point","coordinates":[-122.4501028,37.7754356]},"properties":{"id":677290779,"category":"transit","name":"Fulton Street & Clayton Street","area":0}},{"type":"Feature","geometry":{"type":"Point","coordinates":[-122.4494113,37.7753545]},"properties":{"id":677290782,"category":"transit","name":"Fulton Street & Clayton Street","area":0}},{"type":"Feature","geometry":{"type":"Point","coordinates":[-122.4530865,37.7750539]},"properties":{"id":677290828,"category":"transit","name":"Fulton Street & Parker Avenue","area":0}},{"type":"Feature","geometry":{"type":"Point","coordinates":[-122.4523117,37.7749817]},"properties":{"id":677290829,"category":"transit","name":"Fulton Street & Shrader Street","area":0}},{"type":"Feature","geometry":{"type":"Point","coordinates":[-122.4582852,37.7744927]},"properties":{"id":677290838,"category":"transit","name":"Arguello Boulevard & Fulton Street","area":0}},{"type":"Feature","geometry":{"type":"Point","coordinates":[-122.458059,37.7742595]},"properties":{"id":677290839,"category":"transit","name":"Fulton Street & Arguello Boulevard","area":0}},{"type":"Feature","geometry":{"type":"Point","coordinates":[-122.4586851,37.7744055]},"properties":{"id":677290844,"category":"transit","name":"Fulton Street & Arguello Boulevard","area":0}},{"type":"Feature","geometry":{"type":"Point","coordinates":[-122.4651529,37.7752369]},"properties":{"id":677291145,"category":"transit","name":"Cabrillo Street & 7th Avenue","area":0}},{"type":"Feature","geometry":{"type":"Point","coordinates":[-122.4639363,37.7770739]},"properties":{"id":677291178,"category":"transit","name":"6th Avenue & Balboa Street","area":0}},{"type":"Feature","geometry":{"type":"Point","coordinates":[-122.432252,37.8051066]},"properties":{"id":725283830,"category":"transit","name":"Marina Boulevard & Laguna Street","area":0}},{"type":"Feature","geometry":{"type":"Point","coordinates":[-122.4071695,37.8070241]},"properties":{"id":732030493,"category":"transit","name":"Kearny Street & North Point Street","area":0}},{"type":"Feature","geometry":{"type":"Point","coordinates":[-122.4757154,37.7268174]},"properties":{"id":761767711,"category":"transit","name":"Winston Drive & 20th Avenue","area":0}},{"type":"Feature","geometry":{"type":"Point","coordinates":[-122.4751686,37.727322]},"properties":{"id":761767947,"category":"transit","name":"19th Avenue & Winston Drive","area":0}},{"type":"Feature","geometry":{"type":"Point","coordinates":[-122.426254,37.7767294]},"properties":{"id":764848761,"category":"transit","name":"Laguna Street & Hayes Street","area":0}},{"type":"Feature","geometry":{"type":"Point","coordinates":[-122.4436476,37.7877654]},"properties":{"id":808345741,"category":"transit","name":"California Street & Baker Street","area":0}},{"type":"Feature","geometry":{"type":"Point","coordinates":[-122.4434157,37.7876117]},"properties":{"id":808345744,"category":"transit","name":"California Street & Baker Street","area":0}},{"type":"Feature","geometry":{"type":"Point","coordinates":[-122.4352561,37.7622195]},"properties":{"id":816289368,"category":"transit","name":"Castro Street & Market Street","area":0}},{"type":"Feature","geometry":{"type":"Point","coordinates":[-122.4350934,37.7623301]},"properties":{"id":816289376,"category":"transit","name":"Castro Street & 17th Street","area":0}},{"type":"Feature","geometry":{"type":"Point","coordinates":[-122.4354987,37.7624109]},"properties":{"id":816289388,"category":"transit","name":"Market Street & Castro Street","area":0}},{"type":"Feature","geometry":{"type":"Point","coordinates":[-122.4377995,37.7624059]},"properties":{"id":816293002,"category":"transit","name":"17th Street & Diamond Street","area":0}},{"type":"Feature","geometry":{"type":"Point","coordinates":[-122.4348839,37.7629902]},"properties":{"id":816300001,"category":"transit","name":"Market Street & Castro Street","area":0}},{"type":"Feature","geometry":{"type":"Point","coordinates":[-122.4336259,37.7639836]},"properties":{"id":816310619,"category":"transit","name":"Market Street & 16th Street","area":0}},{"type":"Feature","geometry":{"type":"Point","coordinates":[-122.4293356,37.7677896]},"properties":{"id":817535852,"category":"transit","name":"14th Street & Church Street","area":0}},{"type":"Feature","geometry":{"type":"Point","coordinates":[-122.4293016,37.767644]},"properties":{"id":817535858,"category":"transit","name":"14th Street & Church Street","area":0}},{"type":"Feature","geometry":{"type":"Point","coordinates":[-122.403486,37.7884143]},"properties":{"id":826835889,"category":"transit","name":"Kearny Street & Geary Street","area":0}},{"type":"Feature","geometry":{"type":"Point","coordinates":[-122.415858,37.792029]},"properties":{"id":856296888,"category":"transit","name":"Leavenworth Street & Sacramento Street","area":0}},{"type":"Feature","geometry":{"type":"Point","coordinates":[-122.416631,37.7890891]},"properties":{"id":856296900,"category":"transit","name":"Bush Street & Hyde Street","area":0}},{"type":"Feature","geometry":{"type":"Point","coordinates":[-122.416038,37.7929351]},"properties":{"id":856296911,"category":"transit","name":"Leavenworth Street & Clay Street","area":0}},{"type":"Feature","geometry":{"type":"Point","coordinates":[-122.416793,37.7956244]},"properties":{"id":856296921,"category":"transit","name":"Pacific Avenue & Leavenworth Street","area":0}},{"type":"Feature","geometry":{"type":"Point","coordinates":[-122.397408,37.7624001]},"properties":{"id":933638077,"category":"transit","name":"Connecticut Street & 18th Street","area":0}},{"type":"Feature","geometry":{"type":"Point","coordinates":[-122.4499277,37.7659634]},"properties":{"id":974267598,"category":"transit","name":"Cole Street & Carl Street","area":0}},{"type":"Feature","geometry":{"type":"Point","coordinates":[-122.416739,37.7777686]},"properties":{"id":983388324,"category":"transit","name":"Hayes Street & Larkin Street","area":0}},{"type":"Feature","geometry":{"type":"Point","coordinates":[-122.4361145,37.7996239]},"properties":{"id":992609527,"category":"transit","name":"Fillmore Street & Lombard Street","area":0}},{"type":"Feature","geometry":{"type":"Point","coordinates":[-122.4362285,37.7997022]},"properties":{"id":992609546,"category":"transit","name":"Lombard Street & Fillmore Street","area":0}},{"type":"Feature","geometry":{"type":"Point","coordinates":[-122.4396843,37.7995051]},"properties":{"id":992609570,"category":"transit","name":"Lombard Street & Pierce Street","area":0}},{"type":"Feature","geometry":{"type":"Point","coordinates":[-122.4475303,37.8004874]},"properties":{"id":992609573,"category":"transit","name":"Richardson Avenue & Francisco Street","area":0}},{"type":"Feature","geometry":{"type":"Point","coordinates":[-122.4430364,37.7990942]},"properties":{"id":992609591,"category":"transit","name":"Lombard Street & Divisadero Street","area":0}},{"type":"Feature","geometry":{"type":"Point","coordinates":[-122.4359134,37.7999944]},"properties":{"id":992609595,"category":"transit","name":"Lombard Street & Fillmore Street","area":0}},{"type":"Feature","geometry":{"type":"Point","coordinates":[-122.4428431,37.7988819]},"properties":{"id":992609602,"category":"transit","name":"Lombard Street & Divisadero Street","area":0}},{"type":"Feature","geometry":{"type":"Point","coordinates":[-122.430989,37.8006247]},"properties":{"id":992609603,"category":"transit","name":"Lombard Street & Laguna Street","area":0}},{"type":"Feature","geometry":{"type":"Point","coordinates":[-122.4390287,37.7993723]},"properties":{"id":992609607,"category":"transit","name":"Lombard Street & Pierce Street","area":0}},{"type":"Feature","geometry":{"type":"Point","coordinates":[-122.423077,37.7920664]},"properties":{"id":993623289,"category":"transit","name":"Clay Street & Van Ness Avenue","area":0}},{"type":"Feature","geometry":{"type":"Point","coordinates":[-122.423368,37.7939733]},"properties":{"id":993623291,"category":"transit","name":"Jackson Street & Van Ness Avenue","area":0}},{"type":"Feature","geometry":{"type":"Point","coordinates":[-122.424286,37.7984537]},"properties":{"id":993623293,"category":"transit","name":"Union Street & Van Ness Avenue","area":0}},{"type":"Feature","geometry":{"type":"Point","coordinates":[-122.449306,37.7228507]},"properties":{"id":993874575,"category":"transit","name":"Ocean Avenue & Howth Street","area":0}},{"type":"Feature","geometry":{"type":"Point","coordinates":[-122.408346,37.7843574]},"properties":{"id":994490722,"category":"transit","name":"Cyril Magnin Street & Market Street","area":0}},{"type":"Feature","geometry":{"type":"Point","coordinates":[-122.509471,37.7732193]},"properties":{"id":999546277,"category":"transit","name":"Cabrillo Street & La Playa Street","area":0}},{"type":"Feature","geometry":{"type":"Point","coordinates":[-122.510082,37.7730526]},"properties":{"id":999546387,"category":"transit","name":"La Playa Street & Cabrillo Street","area":0}},{"type":"Feature","geometry":{"type":"Point","coordinates":[-122.50948,37.7713267]},"properties":{"id":999546395,"category":"transit","name":"Fulton Street & La Playa Street","area":0}},{"type":"Feature","geometry":{"type":"Point","coordinates":[-122.509952,37.7730623]},"properties":{"id":999546761,"category":"transit","name":"La Playa Street & Cabrillo Street","area":0}},{"type":"Feature","geometry":{"type":"Point","coordinates":[-122.4365124,37.751082]},"properties":{"id":1001529520,"category":"transit","name":"24th Street & Diamond Street","area":0}},{"type":"Feature","geometry":{"type":"Point","coordinates":[-122.420718,37.78092]},"properties":{"id":1002186410,"category":"transit","name":"Golden Gate Avenue & Van Ness Avenue","area":0}},{"type":"Feature","geometry":{"type":"Point","coordinates":[-122.4716467,37.7734715]},"properties":{"id":1014306668,"category":"transit","name":"Park Presidio Boulevard & Fulton Street","area":0}},{"type":"Feature","geometry":{"type":"Point","coordinates":[-122.4721554,37.7732367]},"properties":{"id":1014306670,"category":"transit","name":"Fulton Street & Park Presidio Boulevard","area":0}},{"type":"Feature","geometry":{"type":"Point","coordinates":[-122.4722744,37.77677]},"properties":{"id":1014306674,"category":"transit","name":"Balboa Street & Park Presidio Boulevard","area":0}},{"type":"Feature","geometry":{"type":"Point","coordinates":[-122.4729599,37.78454]},"properties":{"id":1014306682,"category":"transit","name":"California Street & Park Presidio Boulevard","area":0}},{"type":"Feature","geometry":{"type":"Point","coordinates":[-122.4713989,37.7730797]},"properties":{"id":1014306687,"category":"transit","name":"Fulton Street & Park Presidio Boulevard","area":0}},{"type":"Feature","geometry":{"type":"Point","coordinates":[-122.4724412,37.7769463]},"properties":{"id":1014306690,"category":"transit","name":"Balboa Street & Park Presidio Boulevard","area":0}},{"type":"Feature","geometry":{"type":"Point","coordinates":[-122.4722011,37.7765076]},"properties":{"id":1014306698,"category":"transit","name":"Park Presidio Boulevard & Balboa Street","area":0}},{"type":"Feature","geometry":{"type":"Point","coordinates":[-122.4728302,37.7843534]},"properties":{"id":1014306701,"category":"transit","name":"California Street & Park Presidio Boulevard","area":0}},{"type":"Feature","geometry":{"type":"Point","coordinates":[-122.4719678,37.7733055]},"properties":{"id":1014306709,"category":"transit","name":"Park Presidio Boulevard & Fulton Street","area":0}},{"type":"Feature","geometry":{"type":"Point","coordinates":[-122.4731577,37.7824738]},"properties":{"id":1014306714,"category":"transit","name":"Clement Street & 14th Avenue","area":0}},{"type":"Feature","geometry":{"type":"Point","coordinates":[-122.4719315,37.7772477]},"properties":{"id":1014306720,"category":"transit","name":"Park Presidio Boulevard & Balboa Street","area":0}},{"type":"Feature","geometry":{"type":"Point","coordinates":[-122.4724627,37.7848175]},"properties":{"id":1014306730,"category":"transit","name":"Park Presidio Boulevard & California Street","area":0}},{"type":"Feature","geometry":{"type":"Point","coordinates":[-122.4727344,37.7840904]},"properties":{"id":1014306732,"category":"transit","name":"Park Presidio Boulevard & California Street","area":0}},{"type":"Feature","geometry":{"type":"Point","coordinates":[-122.47686,37.7653761]},"properties":{"id":1014349538,"category":"transit","name":"Lincoln Way & 19th Avenue","area":0}},{"type":"Feature","geometry":{"type":"Point","coordinates":[-122.47736,37.7637592]},"properties":{"id":1014349542,"category":"transit","name":"19th Avenue & Irving Street","area":0}},{"type":"Feature","geometry":{"type":"Point","coordinates":[-122.477446,37.7651152]},"properties":{"id":1014349544,"category":"transit","name":"19th Avenue & Lincoln Way","area":0}},{"type":"Feature","geometry":{"type":"Point","coordinates":[-122.477201,37.7658923]},"properties":{"id":1014349550,"category":"transit","name":"19th Avenue & Lincoln Way","area":0}},{"type":"Feature","geometry":{"type":"Point","coordinates":[-122.477679,37.7655406]},"properties":{"id":1014349554,"category":"transit","name":"Lincoln Way & 19th Avenue","area":0}},{"type":"Feature","geometry":{"type":"Point","coordinates":[-122.404067,37.7981298]},"properties":{"id":1016080023,"category":"transit","name":"Broadway & Montgomery Street","area":0}},{"type":"Feature","geometry":{"type":"Point","coordinates":[-122.402415,37.7983401]},"properties":{"id":1016080053,"category":"transit","name":"Broadway & Sansome Street","area":0}},{"type":"Feature","geometry":{"type":"Point","coordinates":[-122.400921,37.7898217]},"properties":{"id":1028829575,"category":"transit","name":"Market Street & Sansome Street","area":0}},{"type":"Feature","geometry":{"type":"Point","coordinates":[-122.4069609,37.7847563]},"properties":{"id":1039023652,"category":"transit","name":"Market Street & Powell Street","area":0}},{"type":"Feature","geometry":{"type":"Point","coordinates":[-122.408404,37.7841266]},"properties":{"id":1039023654,"category":"transit","name":"Cyril Magnin Street & Market Street","area":0}},{"type":"Feature","geometry":{"type":"Point","coordinates":[-122.476424,37.7560088]},"properties":{"id":1040877907,"category":"transit","name":"19th Avenue & Moraga Street","area":0}},{"type":"Feature","geometry":{"type":"Point","coordinates":[-122.476181,37.7483387]},"properties":{"id":1040877942,"category":"transit","name":"19th Avenue & Quintara Street","area":0}},{"type":"Feature","geometry":{"type":"Point","coordinates":[-122.476171,37.7526906]},"properties":{"id":1040877960,"category":"transit","name":"19th Avenue & Ortega Street","area":0}},{"type":"Feature","geometry":{"type":"Point","coordinates":[-122.475816,37.7487445]},"properties":{"id":1040877965,"category":"transit","name":"Quintara Street & 19th Avenue","area":0}},{"type":"Feature","geometry":{"type":"Point","coordinates":[-122.476729,37.7562339]},"properties":{"id":1040877969,"category":"transit","name":"19th Avenue & Moraga Street","area":0}},{"type":"Feature","geometry":{"type":"Point","coordinates":[-122.476024,37.7504058]},"properties":{"id":1040877970,"category":"transit","name":"19th Avenue & Pacheco Street","area":0}},{"type":"Feature","geometry":{"type":"Point","coordinates":[-122.475668,37.7452291]},"properties":{"id":1040877990,"category":"transit","name":"19th Avenue & Santiago Street","area":0}},{"type":"Feature","geometry":{"type":"Point","coordinates":[-122.476058,37.7464826]},"properties":{"id":1040877992,"category":"transit","name":"19th Avenue & Rivera Street","area":0}},{"type":"Feature","geometry":{"type":"Point","coordinates":[-122.476562,37.753941]},"properties":{"id":1040878000,"category":"transit","name":"19th Avenue & Noriega Street","area":0}},{"type":"Feature","geometry":{"type":"Point","coordinates":[-122.476301,37.7502118]},"properties":{"id":1040878003,"category":"transit","name":"19th Avenue & Pacheco Street","area":0}},{"type":"Feature","geometry":{"type":"Point","coordinates":[-122.475876,37.7485076]},"properties":{"id":1040878010,"category":"transit","name":"19th Avenue & Quintara Street","area":0}},{"type":"Feature","geometry":{"type":"Point","coordinates":[-122.476281,37.7485666]},"properties":{"id":1040878019,"category":"transit","name":"Quintara Street & 19th Avenue","area":0}},{"type":"Feature","geometry":{"type":"Point","coordinates":[-122.476451,37.7520879]},"properties":{"id":1040878023,"category":"transit","name":"19th Avenue & Ortega Street","area":0}},{"type":"Feature","geometry":{"type":"Point","coordinates":[-122.476829,37.7576919]},"properties":{"id":1040878026,"category":"transit","name":"19th Avenue & Lawton Street","area":0}},{"type":"Feature","geometry":{"type":"Point","coordinates":[-122.475953,37.7450765]},"properties":{"id":1040878030,"category":"transit","name":"19th Avenue & Santiago Street","area":0}},{"type":"Feature","geometry":{"type":"Point","coordinates":[-122.4758429,37.7471322]},"properties":{"id":1040878041,"category":"transit","name":"19th Avenue & Rivera Street","area":0}},{"type":"Feature","geometry":{"type":"Point","coordinates":[-122.476552,37.7578643]},"properties":{"id":1040878069,"category":"transit","name":"19th Avenue & Lawton Street","area":0}},{"type":"Feature","geometry":{"type":"Point","coordinates":[-122.476264,37.7541243]},"properties":{"id":1040878072,"category":"transit","name":"19th Avenue & Noriega Street","area":0}},{"type":"Feature","geometry":{"type":"Point","coordinates":[-122.475139,37.7373459]},"properties":{"id":1041059588,"category":"transit","name":"19th Avenue & Wawona Street","area":0}},{"type":"Feature","geometry":{"type":"Point","coordinates":[-122.474649,37.7271849]},"properties":{"id":1041059605,"category":"transit","name":"19th Avenue & Winston Drive","area":0}},{"type":"Feature","geometry":{"type":"Point","coordinates":[-122.475726,37.7413428]},"properties":{"id":1041059614,"category":"transit","name":"19th Avenue & Ulloa Street","area":0}},{"type":"Feature","geometry":{"type":"Point","coordinates":[-122.475442,37.7415161]},"properties":{"id":1041059631,"category":"transit","name":"19th Avenue & Ulloa Street","area":0}},{"type":"Feature","geometry":{"type":"Point","coordinates":[-122.475261,37.7391785]},"properties":{"id":1041059634,"category":"transit","name":"19th Avenue & Vicente Street","area":0}},{"type":"Feature","geometry":{"type":"Point","coordinates":[-122.474718,37.7312382]},"properties":{"id":1041059673,"category":"transit","name":"19th Avenue & Eucalyptus Drive","area":0}},{"type":"Feature","geometry":{"type":"Point","coordinates":[-122.475845,37.7433428]},"properties":{"id":1041059683,"category":"transit","name":"19th Avenue & Taraval Street","area":0}},{"type":"Feature","geometry":{"type":"Point","coordinates":[-122.475211,37.7263033]},"properties":{"id":1041059696,"category":"transit","name":"19th Avenue & Winston Drive","area":0}},{"type":"Feature","geometry":{"type":"Point","coordinates":[-122.475516,37.743317]},"properties":{"id":1041059703,"category":"transit","name":"19th Avenue & Taraval Street","area":0}},{"type":"Feature","geometry":{"type":"Point","coordinates":[-122.475576,37.7391725]},"properties":{"id":1041059717,"category":"transit","name":"19th Avenue & Vicente Street","area":0}},{"type":"Feature","geometry":{"type":"Point","coordinates":[-122.475467,37.7376198]},"properties":{"id":1041059722,"category":"transit","name":"19th Avenue & Wawona Street","area":0}},{"type":"Feature","geometry":{"type":"Point","coordinates":[-122.474622,37.7311723]},"properties":{"id":1041059747,"category":"transit","name":"Eucalyptus Drive & 19th Avenue","area":0}},{"type":"Feature","geometry":{"type":"Point","coordinates":[-122.474522,37.7310304]},"properties":{"id":1041059765,"category":"transit","name":"Eucalyptus Drive & 19th Avenue","area":0}},{"type":"Feature","geometry":{"type":"Point","coordinates":[-122.475035,37.7312603]},"properties":{"id":1041059768,"category":"transit","name":"19th Avenue & Eucalyptus Drive","area":0}},{"type":"Feature","geometry":{"type":"Point","coordinates":[-122.475474,37.721502]},"properties":{"id":1041072038,"category":"transit","name":"19th Avenue & Holloway Avenue","area":0}},{"type":"Feature","geometry":{"type":"Point","coordinates":[-122.473021,37.7173393]},"properties":{"id":1041072062,"category":"transit","name":"19th Avenue & Junipero Serra Boulevard","area":0}},{"type":"Feature","geometry":{"type":"Point","coordinates":[-122.4431236,37.7645139]},"properties":{"id":1046778523,"category":"transit","name":"415 Roosevelt Way","area":0}},{"type":"Feature","geometry":{"type":"Point","coordinates":[-122.394276,37.7954898]},"properties":{"id":1083359950,"category":"transit","name":"Ferry Building","area":0}},{"type":"Feature","geometry":{"type":"Point","coordinates":[-122.3979262,37.7995443]},"properties":{"id":1083359952,"category":"transit","name":"The Embarcadero & Broadway","area":0}},{"type":"Feature","geometry":{"type":"Point","coordinates":[-122.411007,37.8078248]},"properties":{"id":1083359955,"category":"transit","name":"Beach Street & Stockton Street","area":0}},{"type":"Feature","geometry":{"type":"Point","coordinates":[-122.4061628,37.8067992]},"properties":{"id":1083359959,"category":"transit","name":"The Embarcadero & Bay Street","area":0}},{"type":"Feature","geometry":{"type":"Point","coordinates":[-122.414293,37.8074091]},"properties":{"id":1083359972,"category":"transit","name":"Beach Street & Mason Street","area":0}},{"type":"Feature","geometry":{"type":"Point","coordinates":[-122.3974209,37.7989201]},"properties":{"id":1083359990,"category":"transit","name":"The Embarcadero & Broadway","area":0}},{"type":"Feature","geometry":{"type":"Point","coordinates":[-122.4029388,37.8048012]},"properties":{"id":1083360015,"category":"transit","name":"The Embarcadero & Sansome Street","area":0}},{"type":"Feature","geometry":{"type":"Point","coordinates":[-122.410287,37.8083328]},"properties":{"id":1083360025,"category":"transit","name":"Pier 39","area":0}},{"type":"Feature","geometry":{"type":"Point","coordinates":[-122.3951692,37.7963746]},"properties":{"id":1083360036,"category":"transit","name":"The Embarcadero & Washington Street","area":0}},{"type":"Feature","geometry":{"type":"Point","coordinates":[-122.417377,37.8073311]},"properties":{"id":1083360045,"category":"transit","name":"Jones Street & Beach Street","area":0}},{"type":"Feature","geometry":{"type":"Point","coordinates":[-122.393789,37.7949003]},"properties":{"id":1083360056,"category":"transit","name":"Ferry Building","area":0}},{"type":"Feature","geometry":{"type":"Point","coordinates":[-122.398916,37.8006222]},"properties":{"id":1083360077,"category":"transit","name":"The Embarcadero & Green Street","area":0}},{"type":"Feature","geometry":{"type":"Point","coordinates":[-122.4031647,37.8050108]},"properties":{"id":1083360155,"category":"transit","name":"The Embarcadero & Sansome Street","area":0}},{"type":"Feature","geometry":{"type":"Point","coordinates":[-122.4063265,37.8069219]},"properties":{"id":1083360188,"category":"transit","name":"The Embarcadero & Bay Street","area":0}},{"type":"Feature","geometry":{"type":"Point","coordinates":[-122.3994239,37.801251]},"properties":{"id":1088101700,"category":"transit","name":"The Embarcadero & Green Street","area":0}},{"type":"Feature","geometry":{"type":"Point","coordinates":[-122.3957331,37.7970714]},"properties":{"id":1088101895,"category":"transit","name":"The Embarcadero & Washington Street","area":0}},{"type":"Feature","geometry":{"type":"Point","coordinates":[-122.4588501,37.7774656]},"properties":{"id":1097231653,"category":"transit","name":"Balboa Street & Arguello Boulevard","area":0}},{"type":"Feature","geometry":{"type":"Point","coordinates":[-122.4586937,37.7769033]},"properties":{"id":1097231655,"category":"transit","name":"Arguello Boulevard & Balboa Street","area":0}},{"type":"Feature","geometry":{"type":"Point","coordinates":[-122.4582367,37.777138]},"properties":{"id":1097231666,"category":"transit","name":"Turk Street & Arguello Boulevard","area":0}},{"type":"Feature","geometry":{"type":"Point","coordinates":[-122.39354,37.7940092]},"properties":{"id":1108824703,"category":"transit","name":"Don Chee Way & Steuart Street","area":0}},{"type":"Feature","geometry":{"type":"Point","coordinates":[-122.3936655,37.7939743]},"properties":{"id":1108824757,"category":"transit","name":"Don Chee Way & Steuart Street","area":0}},{"type":"Feature","geometry":{"type":"Point","coordinates":[-122.412185,37.809501]},"properties":{"id":1142601033,"category":"transit","name":"Pier 41 Gate 2","area":0}},{"type":"Feature","geometry":{"type":"Point","coordinates":[-122.4124985,37.8093332]},"properties":{"id":1142601042,"category":"transit","name":"Pier 41 Gate 1","area":0}},{"type":"Feature","geometry":{"type":"Point","coordinates":[-122.391522,37.7952241]},"properties":{"id":1142601108,"category":"transit","name":null,"area":0}},{"type":"Feature","geometry":{"type":"Point","coordinates":[-122.3931487,37.7968177]},"properties":{"id":1142640642,"category":"transit","name":null,"area":0}},{"type":"Feature","geometry":{"type":"Point","coordinates":[-122.3863939,37.7750372]},"properties":{"id":1142670556,"category":"transit","name":"San Francisco Pier 48.5 (Chase Center Ferry Terminal)","area":0}},{"type":"Feature","geometry":{"type":"Point","coordinates":[-122.395333,37.7934056]},"properties":{"id":1147880108,"category":"transit","name":"Spear Street & Market Street","area":0}},{"type":"Feature","geometry":{"type":"Point","coordinates":[-122.457435,37.7860064]},"properties":{"id":1155766284,"category":"transit","name":"California Street & Cherry Street","area":0}},{"type":"Feature","geometry":{"type":"Point","coordinates":[-122.4467799,37.7875574]},"properties":{"id":1155766285,"category":"transit","name":"Presidio Avenue & California Street","area":0}},{"type":"Feature","geometry":{"type":"Point","coordinates":[-122.446928,37.7873924]},"properties":{"id":1155766286,"category":"transit","name":"Presidio Avenue & California Street","area":0}},{"type":"Feature","geometry":{"type":"Point","coordinates":[-122.45364,37.7864759]},"properties":{"id":1155766302,"category":"transit","name":"California Street & Spruce Street","area":0}},{"type":"Feature","geometry":{"type":"Point","coordinates":[-122.4406788,37.7879529]},"properties":{"id":1155766307,"category":"transit","name":"California Street & Divisadero Street","area":0}},{"type":"Feature","geometry":{"type":"Point","coordinates":[-122.4531159,37.7863735]},"properties":{"id":1155766311,"category":"transit","name":"California Street & Spruce Street","area":0}},{"type":"Feature","geometry":{"type":"Point","coordinates":[-122.4644747,37.784632]},"properties":{"id":1155766320,"category":"transit","name":"6th Avenue & Cornwall Street","area":0}},{"type":"Feature","geometry":{"type":"Point","coordinates":[-122.4499106,37.7869494]},"properties":{"id":1155766322,"category":"transit","name":"California Street & Laurel Street","area":0}},{"type":"Feature","geometry":{"type":"Point","coordinates":[-122.4588188,37.785657]},"properties":{"id":1155766325,"category":"transit","name":"California Street & Arguello Boulevard","area":0}},{"type":"Feature","geometry":{"type":"Point","coordinates":[-122.4408796,37.7881142]},"properties":{"id":1155766327,"category":"transit","name":"California Street & Divisadero Street","area":0}},{"type":"Feature","geometry":{"type":"Point","coordinates":[-122.4439701,37.7508008]},"properties":{"id":1157539651,"category":"transit","name":"Corbett Avenue & Cuesta Court","area":0}},{"type":"Feature","geometry":{"type":"Point","coordinates":[-122.4385961,37.7511717]},"properties":{"id":1157539987,"category":"transit","name":"Douglass Street & 24th Street","area":0}},{"type":"Feature","geometry":{"type":"Point","coordinates":[-122.44419,37.747145]},"properties":{"id":1157540346,"category":"transit","name":"Portola Drive & Diamond Heights Boulevard","area":0}},{"type":"Feature","geometry":{"type":"Point","coordinates":[-122.4452853,37.7704174]},"properties":{"id":1167768050,"category":"transit","name":"Masonic Avenue & Haight Street","area":0}},{"type":"Feature","geometry":{"type":"Point","coordinates":[-122.4462686,37.7741306]},"properties":{"id":1167768078,"category":"transit","name":"Masonic Avenue & Hayes Street","area":0}},{"type":"Feature","geometry":{"type":"Point","coordinates":[-122.446048,37.7757848]},"properties":{"id":1167768094,"category":"transit","name":"Fulton Street & Masonic Avenue","area":0}},{"type":"Feature","geometry":{"type":"Point","coordinates":[-122.447946,37.7669041]},"properties":{"id":1167768095,"category":"transit","name":"Clayton Street & Frederick Street","area":0}},{"type":"Feature","geometry":{"type":"Point","coordinates":[-122.445378,37.7699068]},"properties":{"id":1167768099,"category":"transit","name":"Masonic Avenue & Haight Street","area":0}},{"type":"Feature","geometry":{"type":"Point","coordinates":[-122.4464799,37.7673187]},"properties":{"id":1167768119,"category":"transit","name":"Ashbury Street & Frederick Street","area":0}},{"type":"Feature","geometry":{"type":"Point","coordinates":[-122.4459182,37.7740272]},"properties":{"id":1167768130,"category":"transit","name":"Hayes Street & Masonic Avenue","area":0}},{"type":"Feature","geometry":{"type":"Point","coordinates":[-122.4449433,37.7702021]},"properties":{"id":1167768143,"category":"transit","name":"Haight Street & Masonic Avenue","area":0}},{"type":"Feature","geometry":{"type":"Point","coordinates":[-122.4466451,37.7672571]},"properties":{"id":1167768156,"category":"transit","name":"Frederick Street & Ashbury Street","area":0}},{"type":"Feature","geometry":{"type":"Point","coordinates":[-122.4458079,37.7718214]},"properties":{"id":1167768159,"category":"transit","name":"Masonic Avenue & Oak Street","area":0}},{"type":"Feature","geometry":{"type":"Point","coordinates":[-122.4456046,37.7719792]},"properties":{"id":1167768175,"category":"transit","name":"Masonic Avenue & Oak Street","area":0}},{"type":"Feature","geometry":{"type":"Point","coordinates":[-122.446348,37.7756681]},"properties":{"id":1167768185,"category":"transit","name":"Masonic Avenue & Fulton Street","area":0}},{"type":"Feature","geometry":{"type":"Point","coordinates":[-122.447291,37.7785074]},"properties":{"id":1167768200,"category":"transit","name":"Turk Street & Masonic Avenue","area":0}},{"type":"Feature","geometry":{"type":"Point","coordinates":[-122.44652,37.76715]},"properties":{"id":1167768204,"category":"transit","name":"Frederick Street & Ashbury Street","area":0}},{"type":"Feature","geometry":{"type":"Point","coordinates":[-122.447447,37.7787021]},"properties":{"id":1167768214,"category":"transit","name":"Turk Street & Masonic Avenue","area":0}},{"type":"Feature","geometry":{"type":"Point","coordinates":[-122.4462775,37.7670392]},"properties":{"id":1167768232,"category":"transit","name":"Ashbury Street & Frederick Street","area":0}},{"type":"Feature","geometry":{"type":"Point","coordinates":[-122.4479048,37.7670868]},"properties":{"id":1167768233,"category":"transit","name":"Frederick Street & Clayton Street","area":0}},{"type":"Feature","geometry":{"type":"Point","coordinates":[-122.4458699,37.7739173]},"properties":{"id":1167768254,"category":"transit","name":"Hayes Street & Masonic Avenue","area":0}},{"type":"Feature","geometry":{"type":"Point","coordinates":[-122.4448565,37.7675665]},"properties":{"id":1167768255,"category":"transit","name":"Masonic Avenue & Frederick Street","area":0}},{"type":"Feature","geometry":{"type":"Point","coordinates":[-122.447204,37.7787954]},"properties":{"id":1167768258,"category":"transit","name":"Masonic Avenue & Turk Street","area":0}},{"type":"Feature","geometry":{"type":"Point","coordinates":[-122.4448799,37.7673422]},"properties":{"id":1167768262,"category":"transit","name":"Frederick Street & Masonic Avenue","area":0}},{"type":"Feature","geometry":{"type":"Point","coordinates":[-122.471938,37.7146481]},"properties":{"id":1196896086,"category":"transit","name":"Junipero Serra Boulevard & Font Boulevard","area":0}},{"type":"Feature","geometry":{"type":"Point","coordinates":[-122.402267,37.7241308]},"properties":{"id":1220797750,"category":"transit","name":"San Bruno Avenue & Dwight Street","area":0}},{"type":"Feature","geometry":{"type":"Point","coordinates":[-122.431631,37.8014794]},"properties":{"id":1221046350,"category":"transit","name":"Chestnut Street & Laguna Street","area":0}},{"type":"Feature","geometry":{"type":"Point","coordinates":[-122.431437,37.8015832]},"properties":{"id":1221046412,"category":"transit","name":"Laguna Street & Chestnut Street","area":0}},{"type":"Feature","geometry":{"type":"Point","coordinates":[-122.504744,37.7352712]},"properties":{"id":1221102847,"category":"transit","name":"Sloat Boulevard & 47th Avenue","area":0}},{"type":"Feature","geometry":{"type":"Point","coordinates":[-122.501322,37.7354547]},"properties":{"id":1221102909,"category":"transit","name":"Sloat Boulevard & 43rd Avenue","area":0}},{"type":"Feature","geometry":{"type":"Point","coordinates":[-122.5025708,37.7352804]},"properties":{"id":1221102918,"category":"transit","name":"Sloat Boulevard & 45th Avenue","area":0}},{"type":"Feature","geometry":{"type":"Point","coordinates":[-122.392942,37.7099115]},"properties":{"id":1224621389,"category":"transit","name":"50 Thomas Mellon Circle","area":0}},{"type":"Feature","geometry":{"type":"Point","coordinates":[-122.440852,37.7161759]},"properties":{"id":1229920615,"category":"transit","name":"Geneva Avenue & Mission Street","area":0}},{"type":"Feature","geometry":{"type":"Point","coordinates":[-122.440708,37.7167775]},"properties":{"id":1229920715,"category":"transit","name":"Mission Street & Geneva Avenue","area":0}},{"type":"Feature","geometry":{"type":"Point","coordinates":[-122.405968,37.7324247]},"properties":{"id":1230343470,"category":"transit","name":"Silver Avenue & San Bruno Avenue","area":0}},{"type":"Feature","geometry":{"type":"Point","coordinates":[-122.413527,37.7298863]},"properties":{"id":1230343500,"category":"transit","name":"Silver Avenue & Dartmouth Street","area":0}},{"type":"Feature","geometry":{"type":"Point","coordinates":[-122.4292723,37.7696254]},"properties":{"id":1241518350,"category":"transit","name":"Church Street & Duboce Avenue","area":0}},{"type":"Feature","geometry":{"type":"Point","coordinates":[-122.419388,37.7291595]},"properties":{"id":1241673282,"category":"transit","name":"Silver Avenue & Cambridge Street","area":0}},{"type":"Feature","geometry":{"type":"Point","coordinates":[-122.390705,37.7339766]},"properties":{"id":1241690517,"category":"transit","name":"Palou Avenue & 3rd Street","area":0}},{"type":"Feature","geometry":{"type":"Point","coordinates":[-122.390711,37.7342921]},"properties":{"id":1241690520,"category":"transit","name":"3rd Street & Palou Avenue","area":0}},{"type":"Feature","geometry":{"type":"Point","coordinates":[-122.377379,37.8269372]},"properties":{"id":1249019350,"category":"transit","name":"Avenue B & Gateview Avenue","area":0}},{"type":"Feature","geometry":{"type":"Point","coordinates":[-122.3677217,37.8220494]},"properties":{"id":1249019421,"category":"transit","name":"Avenue H & 4th Street","area":0}},{"type":"Feature","geometry":{"type":"Point","coordinates":[-122.375266,37.829886]},"properties":{"id":1249551170,"category":"transit","name":"Gateview Avenue & Bayside Drive","area":0}},{"type":"Feature","geometry":{"type":"Point","coordinates":[-122.377236,37.8282225]},"properties":{"id":1249551225,"category":"transit","name":"Gateview Avenue & Mason Court","area":0}},{"type":"Feature","geometry":{"type":"Point","coordinates":[-122.3751068,37.8234929]},"properties":{"id":1257032702,"category":"transit","name":"Avenue B & 9th Street","area":0}},{"type":"Feature","geometry":{"type":"Point","coordinates":[-122.42791,37.7582067]},"properties":{"id":1260252548,"category":"transit","name":"Right of Way & 20th Street","area":0}},{"type":"Feature","geometry":{"type":"Point","coordinates":[-122.458898,37.748489]},"properties":{"id":1260547062,"category":"transit","name":"Forest Hill","area":0}},{"type":"Feature","geometry":{"type":"Point","coordinates":[-122.4357011,37.7688818]},"properties":{"id":1357115489,"category":"transit","name":"Castro Street & Duboce Avenue","area":0}},{"type":"Feature","geometry":{"type":"Point","coordinates":[-122.430804,37.7721471]},"properties":{"id":1364959453,"category":"transit","name":"Haight Street & Fillmore Street","area":0}},{"type":"Feature","geometry":{"type":"Point","coordinates":[-122.4303381,37.7719526]},"properties":{"id":1364959488,"category":"transit","name":"Fillmore Street & Haight Street","area":0}},{"type":"Feature","geometry":{"type":"Point","coordinates":[-122.430596,37.7722916]},"properties":{"id":1364959521,"category":"transit","name":"Fillmore Street & Haight Street","area":0}},{"type":"Feature","geometry":{"type":"Point","coordinates":[-122.430152,37.7720799]},"properties":{"id":1364959538,"category":"transit","name":"Haight Street & Fillmore Street","area":0}},{"type":"Feature","geometry":{"type":"Point","coordinates":[-122.3926567,37.7960291]},"properties":{"id":1377436555,"category":"transit","name":null,"area":0}},{"type":"Feature","geometry":{"type":"Point","coordinates":[-122.451474,37.7378038]},"properties":{"id":1399047868,"category":"transit","name":"Myra Way & Molimo Drive","area":0}},{"type":"Feature","geometry":{"type":"Point","coordinates":[-122.451772,37.7377524]},"properties":{"id":1399048970,"category":"transit","name":"Myra Way & Molimo Drive","area":0}},{"type":"Feature","geometry":{"type":"Point","coordinates":[-122.5031604,37.7716298]},"properties":{"id":1402389047,"category":"transit","name":"Fulton Street & 43rd Avenue","area":0}},{"type":"Feature","geometry":{"type":"Point","coordinates":[-122.413357,37.808574]},"properties":{"id":1455172140,"category":"transit","name":"Jefferson Street & Powell Street","area":0}},{"type":"Feature","geometry":{"type":"Point","coordinates":[-122.4010315,37.8029975]},"properties":{"id":1455172142,"category":"transit","name":"The Embarcadero & Greenwich Street","area":0}},{"type":"Feature","geometry":{"type":"Point","coordinates":[-122.4011746,37.8032156]},"properties":{"id":1455172145,"category":"transit","name":"The Embarcadero & Greenwich Street","area":0}},{"type":"Feature","geometry":{"type":"Point","coordinates":[-122.415318,37.8083258]},"properties":{"id":1455172168,"category":"transit","name":"Jefferson Street & Taylor Street","area":0}},{"type":"Feature","geometry":{"type":"Point","coordinates":[-122.4694652,37.7620245]},"properties":{"id":1455197420,"category":"transit","name":"Judah Street & 12th Avenue","area":0}},{"type":"Feature","geometry":{"type":"Point","coordinates":[-122.4269709,37.7572759]},"properties":{"id":1455218266,"category":"transit","name":"Right of Way & Liberty Street","area":0}},{"type":"Feature","geometry":{"type":"Point","coordinates":[-122.4334062,37.7325671]},"properties":{"id":1455237421,"category":"transit","name":"Glen Park","area":0}},{"type":"Feature","geometry":{"type":"Point","coordinates":[-122.469141,37.7379037]},"properties":{"id":1455279331,"category":"transit","name":"West Portal Avenue & 14th Avenue","area":0}},{"type":"Feature","geometry":{"type":"Point","coordinates":[-122.4669671,37.8016246]},"properties":{"id":1469069035,"category":"transit","name":"Cavalry Stables","area":0}},{"type":"Feature","geometry":{"type":"Point","coordinates":[-122.420808,37.8266612]},"properties":{"id":1526523486,"category":"transit","name":"Alcatraz Ferry Terminal","area":0}},{"type":"Feature","geometry":{"type":"Point","coordinates":[-122.495411,37.7536025]},"properties":{"id":1533098516,"category":"transit","name":"Sunset Boulevard & Noriega Street","area":0}},{"type":"Feature","geometry":{"type":"Point","coordinates":[-122.495573,37.7532941]},"properties":{"id":1533098531,"category":"transit","name":"Noriega Street & Sunset Boulevard","area":0}},{"type":"Feature","geometry":{"type":"Point","coordinates":[-122.426891,37.7564535]},"properties":{"id":1563088352,"category":"transit","name":"Right of Way & 21st Street","area":0}},{"type":"Feature","geometry":{"type":"Point","coordinates":[-122.4269437,37.7574516]},"properties":{"id":1563088353,"category":"transit","name":"Right of Way & Liberty Street","area":0}},{"type":"Feature","geometry":{"type":"Point","coordinates":[-122.426527,37.742287]},"properties":{"id":1564083531,"category":"transit","name":"Church Street & 30th Street","area":0}},{"type":"Feature","geometry":{"type":"Point","coordinates":[-122.4476798,37.7193602]},"properties":{"id":1564434633,"category":"transit","name":"San Jose Avenue & Niagara Avenue","area":0}},{"type":"Feature","geometry":{"type":"Point","coordinates":[-122.468385,37.7415221]},"properties":{"id":1564479530,"category":"transit","name":"Ulloa Street & Forest Side Avenue","area":0}},{"type":"Feature","geometry":{"type":"Point","coordinates":[-122.468861,37.7414708]},"properties":{"id":1564479544,"category":"transit","name":"Ulloa Street & Forest Side Avenue","area":0}},{"type":"Feature","geometry":{"type":"Point","coordinates":[-122.468994,37.7380743]},"properties":{"id":1564479545,"category":"transit","name":"West Portal Avenue & 14th Avenue","area":0}},{"type":"Feature","geometry":{"type":"Point","coordinates":[-122.505361,37.7367941]},"properties":{"id":1564500670,"category":"transit","name":"47th Avenue & Cutler Avenue","area":0}},{"type":"Feature","geometry":{"type":"Point","coordinates":[-122.5043603,37.7418081]},"properties":{"id":1564500721,"category":"transit","name":"Taraval Street & 46th Avenue","area":0}},{"type":"Feature","geometry":{"type":"Point","coordinates":[-122.40773,37.7848858]},"properties":{"id":1578907655,"category":"transit","name":"Powell Street & Market Street","area":0}},{"type":"Feature","geometry":{"type":"Point","coordinates":[-122.3956847,37.784777]},"properties":{"id":1615120524,"category":"transit","name":"2nd Street & Harrison Street","area":0}},{"type":"Feature","geometry":{"type":"Point","coordinates":[-122.390862,37.7628573]},"properties":{"id":1656766011,"category":"transit","name":"18th Street & Minnesota Street","area":0}},{"type":"Feature","geometry":{"type":"Point","coordinates":[-122.463166,37.7587448]},"properties":{"id":1684408988,"category":"transit","name":"Warren Drive & Locksley Avenue","area":0}},{"type":"Feature","geometry":{"type":"Point","coordinates":[-122.464158,37.7586238]},"properties":{"id":1684410030,"category":"transit","name":"Lawton Street & 7th Avenue","area":0}},{"type":"Feature","geometry":{"type":"Point","coordinates":[-122.463935,37.75846]},"properties":{"id":1684410062,"category":"transit","name":"Lawton Street & 7th Avenue","area":0}},{"type":"Feature","geometry":{"type":"Point","coordinates":[-122.440628,37.7604981]},"properties":{"id":1689117294,"category":"transit","name":"18th Street & Hattie Street","area":0}},{"type":"Feature","geometry":{"type":"Point","coordinates":[-122.47135,37.7431079]},"properties":{"id":1707842661,"category":"transit","name":"15th Avenue & Taraval Street","area":0}},{"type":"Feature","geometry":{"type":"Point","coordinates":[-122.5045935,37.741669]},"properties":{"id":1707842731,"category":"transit","name":"46th Avenue & Taraval Street","area":0}},{"type":"Feature","geometry":{"type":"Point","coordinates":[-122.5043488,37.7379261]},"properties":{"id":1707842776,"category":"transit","name":"46th Avenue & Vicente Street","area":0}},{"type":"Feature","geometry":{"type":"Point","coordinates":[-122.4713718,37.7429142]},"properties":{"id":1707842837,"category":"transit","name":"15th Avenue & Taraval Street","area":0}},{"type":"Feature","geometry":{"type":"Point","coordinates":[-122.4743535,37.7311822]},"properties":{"id":1707976334,"category":"transit","name":"Right of Way & Eucalyptus Drive","area":0}},{"type":"Feature","geometry":{"type":"Point","coordinates":[-122.4737203,37.7320363]},"properties":{"id":1707976437,"category":"transit","name":"Right of Way & Ocean Avenue","area":0}},{"type":"Feature","geometry":{"type":"Point","coordinates":[-122.452246,37.7240814]},"properties":{"id":1712536513,"category":"transit","name":"Frida Kahlo Way/CCSF (South Entrance)","area":0}},{"type":"Feature","geometry":{"type":"Point","coordinates":[-122.452518,37.7240294]},"properties":{"id":1712536516,"category":"transit","name":"Frida Kahlo Way/CCSF (South Entrance)","area":0}},{"type":"Feature","geometry":{"type":"Point","coordinates":[-122.44743,37.7208728]},"properties":{"id":1712553664,"category":"transit","name":"Balboa Park BART","area":0}},{"type":"Feature","geometry":{"type":"Point","coordinates":[-122.447302,37.7211045]},"properties":{"id":1712553667,"category":"transit","name":"Balboa Park BART","area":0}},{"type":"Feature","geometry":{"type":"Point","coordinates":[-122.4678295,37.7284241]},"properties":{"id":1714191611,"category":"transit","name":"Ocean Avenue & Aptos Avenue","area":0}},{"type":"Feature","geometry":{"type":"Point","coordinates":[-122.4692359,37.7299505]},"properties":{"id":1714191641,"category":"transit","name":"Ocean Avenue & San Leandro Way","area":0}},{"type":"Feature","geometry":{"type":"Point","coordinates":[-122.4668137,37.7273169]},"properties":{"id":1714191829,"category":"transit","name":"Ocean Avenue & Cerritos Avenue","area":0}},{"type":"Feature","geometry":{"type":"Point","coordinates":[-122.4694719,37.7300097]},"properties":{"id":1714191879,"category":"transit","name":"Ocean Avenue & San Leandro Way","area":0}},{"type":"Feature","geometry":{"type":"Point","coordinates":[-122.4676663,37.7282436]},"properties":{"id":1714191935,"category":"transit","name":"Ocean Avenue & Aptos Avenue","area":0}},{"type":"Feature","geometry":{"type":"Point","coordinates":[-122.458026,37.7242996]},"properties":{"id":1714191993,"category":"transit","name":"Ocean Avenue & Miramar Avenue","area":0}},{"type":"Feature","geometry":{"type":"Point","coordinates":[-122.4641197,37.7260088]},"properties":{"id":1714192001,"category":"transit","name":"Ocean Avenue & Fairfield Way","area":0}},{"type":"Feature","geometry":{"type":"Point","coordinates":[-122.458353,37.7243352]},"properties":{"id":1714192011,"category":"transit","name":"Ocean Avenue & Miramar Avenue","area":0}},{"type":"Feature","geometry":{"type":"Point","coordinates":[-122.471938,37.7345901]},"properties":{"id":1714229784,"category":"transit","name":"Sloat Boulevard & West Portal Avenue","area":0}},{"type":"Feature","geometry":{"type":"Point","coordinates":[-122.4486158,37.7184369]},"properties":{"id":1718846107,"category":"transit","name":"San Jose Avenue & Mount Vernon Avenue","area":0}},{"type":"Feature","geometry":{"type":"Point","coordinates":[-122.450343,37.7162681]},"properties":{"id":1718846177,"category":"transit","name":"San Jose Avenue & Lakeview Avenue","area":0}},{"type":"Feature","geometry":{"type":"Point","coordinates":[-122.472293,37.716895]},"properties":{"id":1718880027,"category":"transit","name":"19th Avenue & Junipero Serra Boulevard","area":0}},{"type":"Feature","geometry":{"type":"Point","coordinates":[-122.462587,37.7133367]},"properties":{"id":1718880109,"category":"transit","name":"Orizaba Avenue & Broad Street","area":0}},{"type":"Feature","geometry":{"type":"Point","coordinates":[-122.462342,37.713178]},"properties":{"id":1718880156,"category":"transit","name":"Broad Street & Orizaba Avenue","area":0}},{"type":"Feature","geometry":{"type":"Point","coordinates":[-122.47002,37.7144558]},"properties":{"id":1718880157,"category":"transit","name":"19th Avenue & Randolph Street","area":0}},{"type":"Feature","geometry":{"type":"Point","coordinates":[-122.4338467,37.7323896]},"properties":{"id":1719012916,"category":"transit","name":"Glen Park","area":0}},{"type":"Feature","geometry":{"type":"Point","coordinates":[-122.4654009,37.7640738]},"properties":{"id":1723408811,"category":"transit","name":"Irving Street & 8th Avenue","area":0}},{"type":"Feature","geometry":{"type":"Point","coordinates":[-122.430709,37.7661683]},"properties":{"id":1723563877,"category":"transit","name":"Market Street & Sanchez Street","area":0}},{"type":"Feature","geometry":{"type":"Point","coordinates":[-122.394316,37.7760847]},"properties":{"id":1723633755,"category":"transit","name":"King Street & 4th Street","area":0}},{"type":"Feature","geometry":{"type":"Point","coordinates":[-122.394375,37.776131]},"properties":{"id":1723633815,"category":"transit","name":"King Street & 4th Street","area":0}},{"type":"Feature","geometry":{"type":"Point","coordinates":[-122.39451,37.7759307]},"properties":{"id":1723633821,"category":"transit","name":"King Street & 4th Street","area":0}},{"type":"Feature","geometry":{"type":"Point","coordinates":[-122.407928,37.7841484]},"properties":{"id":1723739042,"category":"transit","name":"Market Street & Cyril Magnin Street","area":0}},{"type":"Feature","geometry":{"type":"Point","coordinates":[-122.4355739,37.7675843]},"properties":{"id":1727355297,"category":"transit","name":"Castro Street & 14th Street","area":0}},{"type":"Feature","geometry":{"type":"Point","coordinates":[-122.4749029,37.7274507]},"properties":{"id":1728589039,"category":"transit","name":"Stonestown","area":0}},{"type":"Feature","geometry":{"type":"Point","coordinates":[-122.4752089,37.7216578]},"properties":{"id":1728589050,"category":"transit","name":"S.F. State","area":0}},{"type":"Feature","geometry":{"type":"Point","coordinates":[-122.437186,37.805681]},"properties":{"id":1737982913,"category":"transit","name":"Fillmore Street & Jefferson Street","area":0}},{"type":"Feature","geometry":{"type":"Point","coordinates":[-122.512941,37.7791532]},"properties":{"id":1801231956,"category":"transit","name":null,"area":0}},{"type":"Feature","geometry":{"type":"Point","coordinates":[-122.4158352,37.7653724]},"properties":{"id":1805750197,"category":"transit","name":"16th Street & Folsom Street","area":0}},{"type":"Feature","geometry":{"type":"Point","coordinates":[-122.4971862,37.7757799]},"properties":{"id":1834964011,"category":"transit","name":"Balboa Street & 37th Avenue","area":0}},{"type":"Feature","geometry":{"type":"Point","coordinates":[-122.4640915,37.7769437]},"properties":{"id":1834964030,"category":"transit","name":"6th Avenue & Balboa Street","area":0}},{"type":"Feature","geometry":{"type":"Point","coordinates":[-122.464264,37.7773038]},"properties":{"id":1834964032,"category":"transit","name":"Balboa Street & 6th Avenue","area":0}},{"type":"Feature","geometry":{"type":"Point","coordinates":[-122.412449,37.7811552]},"properties":{"id":1847714412,"category":"transit","name":"McAllister Street & Jones Street","area":0}},{"type":"Feature","geometry":{"type":"Point","coordinates":[-122.4160269,37.7774211]},"properties":{"id":1924036814,"category":"transit","name":"9th Street & Market Street","area":0}},{"type":"Feature","geometry":{"type":"Point","coordinates":[-122.424426,37.7647004]},"properties":{"id":1940405944,"category":"transit","name":"16th Street & Guerrero Street","area":0}},{"type":"Feature","geometry":{"type":"Point","coordinates":[-122.3919595,37.7962682]},"properties":{"id":1950465682,"category":"transit","name":null,"area":0}},{"type":"Feature","geometry":{"type":"Point","coordinates":[-122.3896918,37.7729321]},"properties":{"id":1996610647,"category":"transit","name":"Mission Rock","area":0}},{"type":"Feature","geometry":{"type":"Point","coordinates":[-122.3880198,37.7553756]},"properties":{"id":1996610650,"category":"transit","name":"23rd Street","area":0}},{"type":"Feature","geometry":{"type":"Point","coordinates":[-122.3892458,37.7681918]},"properties":{"id":1996610655,"category":"transit","name":"UCSF/Chase Center","area":0}},{"type":"Feature","geometry":{"type":"Point","coordinates":[-122.425417,37.7517598]},"properties":{"id":2027086622,"category":"transit","name":"24th Street & Dolores Street","area":0}},{"type":"Feature","geometry":{"type":"Point","coordinates":[-122.425562,37.7518903]},"properties":{"id":2027086623,"category":"transit","name":"24th Street & Dolores Street","area":0}},{"type":"Feature","geometry":{"type":"Point","coordinates":[-122.423193,37.751897]},"properties":{"id":2030961346,"category":"transit","name":"24th Street & Guerrero Street","area":0}},{"type":"Feature","geometry":{"type":"Point","coordinates":[-122.42271,37.7520466]},"properties":{"id":2030961349,"category":"transit","name":"24th Street & Guerrero Street","area":0}},{"type":"Feature","geometry":{"type":"Point","coordinates":[-122.420234,37.7520854]},"properties":{"id":2030964088,"category":"transit","name":"24th Street & Valencia Street","area":0}},{"type":"Feature","geometry":{"type":"Point","coordinates":[-122.420456,37.7521879]},"properties":{"id":2030964089,"category":"transit","name":"24th Street & Valencia Street","area":0}},{"type":"Feature","geometry":{"type":"Point","coordinates":[-122.4668721,37.7846463]},"properties":{"id":2072490280,"category":"transit","name":"California Street & 8th Avenue","area":0}},{"type":"Feature","geometry":{"type":"Point","coordinates":[-122.46474,37.7848927]},"properties":{"id":2072490281,"category":"transit","name":"California Street & 6th Avenue","area":0}},{"type":"Feature","geometry":{"type":"Point","coordinates":[-122.4670498,37.7847894]},"properties":{"id":2072490282,"category":"transit","name":"California Street & 8th Avenue","area":0}},{"type":"Feature","geometry":{"type":"Point","coordinates":[-122.465126,37.7848461]},"properties":{"id":2072490283,"category":"transit","name":"California Street & 7th Avenue","area":0}},{"type":"Feature","geometry":{"type":"Point","coordinates":[-122.4648827,37.7850446]},"properties":{"id":2072490284,"category":"transit","name":"California Street & 6th Avenue","area":0}},{"type":"Feature","geometry":{"type":"Point","coordinates":[-122.419621,37.8018859]},"properties":{"id":2081705827,"category":"transit","name":"Hyde Street & Lombard Street","area":0}},{"type":"Feature","geometry":{"type":"Point","coordinates":[-122.4139639,37.7793583]},"properties":{"id":2150077196,"category":"transit","name":"Civic Center","area":0}},{"type":"Feature","geometry":{"type":"Point","coordinates":[-122.3968986,37.792855]},"properties":{"id":2150077198,"category":"transit","name":"Embarcadero","area":0}},{"type":"Feature","geometry":{"type":"Point","coordinates":[-122.4071867,37.7847076]},"properties":{"id":2150077204,"category":"transit","name":"Powell Street","area":0}},{"type":"Feature","geometry":{"type":"Point","coordinates":[-122.419678,37.7650686]},"properties":{"id":2150077206,"category":"transit","name":"16th Street Mission","area":0}},{"type":"Feature","geometry":{"type":"Point","coordinates":[-122.418449,37.7522559]},"properties":{"id":2150077208,"category":"transit","name":"24th Street Mission","area":0}},{"type":"Feature","geometry":{"type":"Point","coordinates":[-122.403075,37.7687505]},"properties":{"id":2156214835,"category":"transit","name":"Rhode Island Street & Alameda Street","area":0}},{"type":"Feature","geometry":{"type":"Point","coordinates":[-122.402865,37.7662039]},"properties":{"id":2156214839,"category":"transit","name":"Rhode Island Street & 16th Street","area":0}},{"type":"Feature","geometry":{"type":"Point","coordinates":[-122.403464,37.7699043]},"properties":{"id":2156214848,"category":"transit","name":"Division Street & Townsend Street","area":0}},{"type":"Feature","geometry":{"type":"Point","coordinates":[-122.402654,37.7664574]},"properties":{"id":2156214849,"category":"transit","name":"Rhode Island Street & 16th Street","area":0}},{"type":"Feature","geometry":{"type":"Point","coordinates":[-122.402975,37.7674741]},"properties":{"id":2156214851,"category":"transit","name":"Rhode Island Street & 15th Street","area":0}},{"type":"Feature","geometry":{"type":"Point","coordinates":[-122.40286,37.7685627]},"properties":{"id":2156214854,"category":"transit","name":"Rhode Island Street & Alameda Street","area":0}},{"type":"Feature","geometry":{"type":"Point","coordinates":[-122.402735,37.7672887]},"properties":{"id":2156214855,"category":"transit","name":"Rhode Island Street & 15th Street","area":0}},{"type":"Feature","geometry":{"type":"Point","coordinates":[-122.403233,37.7697585]},"properties":{"id":2156214857,"category":"transit","name":"Division Street & Rhode Island Street","area":0}},{"type":"Feature","geometry":{"type":"Point","coordinates":[-122.401819,37.707679]},"properties":{"id":2160213345,"category":"transit","name":"Bayshore","area":0}},{"type":"Feature","geometry":{"type":"Point","coordinates":[-122.3923999,37.757286]},"properties":{"id":2160213364,"category":"transit","name":"22nd Street","area":0}},{"type":"Feature","geometry":{"type":"Point","coordinates":[-122.401101,37.7933123]},"properties":{"id":2245869257,"category":"transit","name":"Sansome Street & California Street","area":0}},{"type":"Feature","geometry":{"type":"Point","coordinates":[-122.40166,37.7940061]},"properties":{"id":2245869258,"category":"transit","name":"Sacramento Street & Sansome Street","area":0}},{"type":"Feature","geometry":{"type":"Point","coordinates":[-122.401202,37.7947978]},"properties":{"id":2245869259,"category":"transit","name":"Clay Street & Sansome Street","area":0}},{"type":"Feature","geometry":{"type":"Point","coordinates":[-122.4013255,37.7943861]},"properties":{"id":2245869261,"category":"transit","name":"Sansome Street & Sacramento Street","area":0}},{"type":"Feature","geometry":{"type":"Point","coordinates":[-122.396971,37.7953841]},"properties":{"id":2245869262,"category":"transit","name":"Clay Street & Drumm Street","area":0}},{"type":"Feature","geometry":{"type":"Point","coordinates":[-122.402864,37.7946617]},"properties":{"id":2245869263,"category":"transit","name":"Clay Street & Montgomery Street","area":0}},{"type":"Feature","geometry":{"type":"Point","coordinates":[-122.3989406,37.7951679]},"properties":{"id":2245869264,"category":"transit","name":"Clay Street & Front Street","area":0}},{"type":"Feature","geometry":{"type":"Point","coordinates":[-122.404746,37.7946846]},"properties":{"id":2245869265,"category":"transit","name":"Kearny Street & Clay Street","area":0}},{"type":"Feature","geometry":{"type":"Point","coordinates":[-122.404539,37.7944484]},"properties":{"id":2245869266,"category":"transit","name":"Clay Street & Kearny Street","area":0}},{"type":"Feature","geometry":{"type":"Point","coordinates":[-122.397608,37.7945404]},"properties":{"id":2245869267,"category":"transit","name":"Sacramento Street & Davis Street","area":0}},{"type":"Feature","geometry":{"type":"Point","coordinates":[-122.403682,37.7959125]},"properties":{"id":2245869268,"category":"transit","name":"Columbus Avenue & Washington Street","area":0}},{"type":"Feature","geometry":{"type":"Point","coordinates":[-122.40128,37.7932453]},"properties":{"id":2245869269,"category":"transit","name":"Sansome Street & California Street","area":0}},{"type":"Feature","geometry":{"type":"Point","coordinates":[-122.400548,37.794156]},"properties":{"id":2245869270,"category":"transit","name":"Sacramento Street & Battery Street","area":0}},{"type":"Feature","geometry":{"type":"Point","coordinates":[-122.5023606,37.741897]},"properties":{"id":2246341153,"category":"transit","name":"Taraval Street & 44th Avenue","area":0}},{"type":"Feature","geometry":{"type":"Point","coordinates":[-122.5045332,37.7400253]},"properties":{"id":2246341160,"category":"transit","name":"46th Avenue & Ulloa Street","area":0}},{"type":"Feature","geometry":{"type":"Point","coordinates":[-122.4897758,37.7424201]},"properties":{"id":2246341172,"category":"transit","name":"Taraval Street & 32nd Avenue","area":0}},{"type":"Feature","geometry":{"type":"Point","coordinates":[-122.5026268,37.7418542]},"properties":{"id":2246341177,"category":"transit","name":"Taraval Street & 44th Avenue","area":0}},{"type":"Feature","geometry":{"type":"Point","coordinates":[-122.5004849,37.7419484]},"properties":{"id":2246341181,"category":"transit","name":"Taraval Street & 42nd Avenue","area":0}},{"type":"Feature","geometry":{"type":"Point","coordinates":[-122.500223,37.7419912]},"properties":{"id":2246341186,"category":"transit","name":"Taraval Street & 42nd Avenue","area":0}},{"type":"Feature","geometry":{"type":"Point","coordinates":[-122.489506,37.7424636]},"properties":{"id":2246341195,"category":"transit","name":"Taraval Street & 32nd Avenue","area":0}},{"type":"Feature","geometry":{"type":"Point","coordinates":[-122.4983438,37.7420428]},"properties":{"id":2246341199,"category":"transit","name":"Taraval Street & 40th Avenue","area":0}},{"type":"Feature","geometry":{"type":"Point","coordinates":[-122.4980823,37.7420856]},"properties":{"id":2246341208,"category":"transit","name":"Taraval Street & 40th Avenue","area":0}},{"type":"Feature","geometry":{"type":"Point","coordinates":[-122.5044808,37.7398094]},"properties":{"id":2246341211,"category":"transit","name":"46th Avenue & Ulloa Street","area":0}},{"type":"Feature","geometry":{"type":"Point","coordinates":[-122.4758491,37.7430334]},"properties":{"id":2246383644,"category":"transit","name":"Taraval Street & 19th Avenue","area":0}},{"type":"Feature","geometry":{"type":"Point","coordinates":[-122.4876223,37.7425149]},"properties":{"id":2246383645,"category":"transit","name":"Taraval Street & 30th Avenue","area":0}},{"type":"Feature","geometry":{"type":"Point","coordinates":[-122.4833442,37.7427033]},"properties":{"id":2246383648,"category":"transit","name":"Taraval Street & 26th Avenue","area":0}},{"type":"Feature","geometry":{"type":"Point","coordinates":[-122.4873704,37.7425579]},"properties":{"id":2246383649,"category":"transit","name":"Taraval Street & 30th Avenue","area":0}},{"type":"Feature","geometry":{"type":"Point","coordinates":[-122.475474,37.7430823]},"properties":{"id":2246383651,"category":"transit","name":"Taraval Street & 19th Avenue","area":0}},{"type":"Feature","geometry":{"type":"Point","coordinates":[-122.4737019,37.743128]},"properties":{"id":2246383654,"category":"transit","name":"Taraval Street & 17th Avenue","area":0}},{"type":"Feature","geometry":{"type":"Point","coordinates":[-122.4830833,37.7427469]},"properties":{"id":2246383663,"category":"transit","name":"Taraval Street & 26th Avenue","area":0}},{"type":"Feature","geometry":{"type":"Point","coordinates":[-122.466195,37.7409957]},"properties":{"id":2246387704,"category":"transit","name":"Ulloa Street & West Portal Avenue","area":0}},{"type":"Feature","geometry":{"type":"Point","coordinates":[-122.466243,37.74123]},"properties":{"id":2246387705,"category":"transit","name":"Ulloa Street & Lenox Way","area":0}},{"type":"Feature","geometry":{"type":"Point","coordinates":[-122.494305,37.7420621]},"properties":{"id":2246388818,"category":"transit","name":"Sunset Boulevard & Taraval Street","area":0}},{"type":"Feature","geometry":{"type":"Point","coordinates":[-122.494628,37.7424084]},"properties":{"id":2246388819,"category":"transit","name":"Sunset Boulevard & Taraval Street","area":0}},{"type":"Feature","geometry":{"type":"Point","coordinates":[-122.413871,37.748157]},"properties":{"id":2338252881,"category":"transit","name":"Cesar Chavez Street & Folsom Street","area":0}},{"type":"Feature","geometry":{"type":"Point","coordinates":[-122.413613,37.7485945]},"properties":{"id":2338253678,"category":"transit","name":"Folsom Street & Cesar Chavez Street","area":0}},{"type":"Feature","geometry":{"type":"Point","coordinates":[-122.414207,37.7483713]},"properties":{"id":2338253889,"category":"transit","name":"Cesar Chavez Street & Folsom Street","area":0}},{"type":"Feature","geometry":{"type":"Point","coordinates":[-122.41348,37.747074]},"properties":{"id":2338839383,"category":"transit","name":"Folsom Street & Precita Avenue","area":0}},{"type":"Feature","geometry":{"type":"Point","coordinates":[-122.415159,37.809124]},"properties":{"id":2341070273,"category":"transit","name":"Red & White Fleet","area":0}},{"type":"Feature","geometry":{"type":"Point","coordinates":[-122.4529478,37.7693131]},"properties":{"id":2368788661,"category":"transit","name":"Haight Street & Stanyan Street","area":0}},{"type":"Feature","geometry":{"type":"Point","coordinates":[-122.4531333,37.7691502]},"properties":{"id":2368788669,"category":"transit","name":"Haight Street & Stanyan Street","area":0}},{"type":"Feature","geometry":{"type":"Point","coordinates":[-122.4383262,37.7779903]},"properties":{"id":2401900786,"category":"transit","name":"Divisadero Street & McAllister Street","area":0}},{"type":"Feature","geometry":{"type":"Point","coordinates":[-122.470723,37.7486563]},"properties":{"id":2467155235,"category":"transit","name":"14th Avenue & Quintara Street","area":0}},{"type":"Feature","geometry":{"type":"Point","coordinates":[-122.4381208,37.7779013]},"properties":{"id":2470744224,"category":"transit","name":"McAllister Street & Divisadero Street","area":0}},{"type":"Feature","geometry":{"type":"Point","coordinates":[-122.468662,37.7488826]},"properties":{"id":2472815370,"category":"transit","name":"Quintara Street & 12th Avenue","area":0}},{"type":"Feature","geometry":{"type":"Point","coordinates":[-122.4684,37.7490207]},"properties":{"id":2472819039,"category":"transit","name":"Quintara Street & 12th Avenue","area":0}},{"type":"Feature","geometry":{"type":"Point","coordinates":[-122.426113,37.776559]},"properties":{"id":2479331390,"category":"transit","name":"Hayes Street & Laguna Street","area":0}},{"type":"Feature","geometry":{"type":"Point","coordinates":[-122.4149348,37.7624054]},"properties":{"id":2494578820,"category":"transit","name":"Folsom Street & 18th Street","area":0}},{"type":"Feature","geometry":{"type":"Point","coordinates":[-122.424326,37.7985974]},"properties":{"id":2509582982,"category":"transit","name":"Union Street & Van Ness Avenue","area":0}},{"type":"Feature","geometry":{"type":"Point","coordinates":[-122.413508,37.7452236]},"properties":{"id":2511594512,"category":"transit","name":"Folsom Street & Stoneman Street","area":0}},{"type":"Feature","geometry":{"type":"Point","coordinates":[-122.4523659,37.7988554]},"properties":{"id":2525056955,"category":"transit","name":"Presidio Boulevard & Letterman Drive","area":0}},{"type":"Feature","geometry":{"type":"Point","coordinates":[-122.4278583,37.7586094]},"properties":{"id":2542248751,"category":"transit","name":"Right of Way & 20th Street","area":0}},{"type":"Feature","geometry":{"type":"Point","coordinates":[-122.452547,37.7229737]},"properties":{"id":2542333084,"category":"transit","name":"Ocean Avenue & Geneva Avenue","area":0}},{"type":"Feature","geometry":{"type":"Point","coordinates":[-122.456259,37.7237349]},"properties":{"id":2542333087,"category":"transit","name":"Plymouth Avenue & Ocean Avenue","area":0}},{"type":"Feature","geometry":{"type":"Point","coordinates":[-122.458977,37.7479625]},"properties":{"id":2542333091,"category":"transit","name":"Forest Hill","area":0}},{"type":"Feature","geometry":{"type":"Point","coordinates":[-122.453302,37.7316164]},"properties":{"id":2542333094,"category":"transit","name":"Monterey Boulevard & Ridgewood Avenue","area":0}},{"type":"Feature","geometry":{"type":"Point","coordinates":[-122.456092,37.7236949]},"properties":{"id":2542333100,"category":"transit","name":"Plymouth Avenue & Ocean Avenue","area":0}},{"type":"Feature","geometry":{"type":"Point","coordinates":[-122.466042,37.758607]},"properties":{"id":2563650396,"category":"transit","name":"9th Avenue & Lawton Street","area":0}},{"type":"Feature","geometry":{"type":"Point","coordinates":[-122.470099,37.7583515]},"properties":{"id":2563662150,"category":"transit","name":"Lawton Street & Funston Avenue","area":0}},{"type":"Feature","geometry":{"type":"Point","coordinates":[-122.499023,37.7340666]},"properties":{"id":2630856852,"category":"transit","name":"Sloat Boulevard & 41st Avenue","area":0}},{"type":"Feature","geometry":{"type":"Point","coordinates":[-122.4969063,37.7339585]},"properties":{"id":2630861071,"category":"transit","name":"Sloat Boulevard & 39th Avenue","area":0}},{"type":"Feature","geometry":{"type":"Point","coordinates":[-122.453759,37.7368711]},"properties":{"id":2635447665,"category":"transit","name":"Myra Way & Dalewood Way","area":0}},{"type":"Feature","geometry":{"type":"Point","coordinates":[-122.4771279,37.772985]},"properties":{"id":2653354641,"category":"transit","name":"Fulton Street & 18th Avenue","area":0}},{"type":"Feature","geometry":{"type":"Point","coordinates":[-122.476327,37.772835]},"properties":{"id":2653354642,"category":"transit","name":"Fulton Street & 18th Avenue","area":0}},{"type":"Feature","geometry":{"type":"Point","coordinates":[-122.4550678,37.7747939]},"properties":{"id":2653391494,"category":"transit","name":"Fulton Street & Stanyan Street","area":0}},{"type":"Feature","geometry":{"type":"Point","coordinates":[-122.4757759,37.7767861]},"properties":{"id":2655228412,"category":"transit","name":"Balboa Street & 17th Avenue","area":0}},{"type":"Feature","geometry":{"type":"Point","coordinates":[-122.4761211,37.7766111]},"properties":{"id":2655228413,"category":"transit","name":"Balboa Street & 17th Avenue","area":0}},{"type":"Feature","geometry":{"type":"Point","coordinates":[-122.4152265,37.7655899]},"properties":{"id":2671229960,"category":"transit","name":"Folsom Street & 16th Street","area":0}},{"type":"Feature","geometry":{"type":"Point","coordinates":[-122.4193576,37.7650043]},"properties":{"id":2671229962,"category":"transit","name":"16th Street & Mission Street","area":0}},{"type":"Feature","geometry":{"type":"Point","coordinates":[-122.4161172,37.7652037]},"properties":{"id":2671229963,"category":"transit","name":"16th Street & Shotwell Street","area":0}},{"type":"Feature","geometry":{"type":"Point","coordinates":[-122.4151175,37.7618974]},"properties":{"id":2671229966,"category":"transit","name":"Folsom Street & 18th Street","area":0}},{"type":"Feature","geometry":{"type":"Point","coordinates":[-122.4154179,37.765044]},"properties":{"id":2671229970,"category":"transit","name":"Folsom Street & 16th Street","area":0}},{"type":"Feature","geometry":{"type":"Point","coordinates":[-122.4933795,37.7337747]},"properties":{"id":2712988327,"category":"transit","name":"Sloat Boulevard & 36th Avenue","area":0}},{"type":"Feature","geometry":{"type":"Point","coordinates":[-122.4896817,37.7339289]},"properties":{"id":2712988328,"category":"transit","name":"Sloat Boulevard & Everglade Drive","area":0}},{"type":"Feature","geometry":{"type":"Point","coordinates":[-122.4917233,37.7338439]},"properties":{"id":2712988329,"category":"transit","name":"Sloat Boulevard & Clearfield Drive","area":0}},{"type":"Feature","geometry":{"type":"Point","coordinates":[-122.456515,37.7869084]},"properties":{"id":2784756116,"category":"transit","name":"Sacramento Street & Cherry Street","area":0}},{"type":"Feature","geometry":{"type":"Point","coordinates":[-122.434192,37.7529959]},"properties":{"id":2853962404,"category":"transit","name":"Castro Street & 23rd Street","area":0}},{"type":"Feature","geometry":{"type":"Point","coordinates":[-122.451447,37.7316316]},"properties":{"id":2868868965,"category":"transit","name":"Monterey Boulevard & Gennessee Street","area":0}},{"type":"Feature","geometry":{"type":"Point","coordinates":[-122.451228,37.7299803]},"properties":{"id":2868868966,"category":"transit","name":"Gennessee Street & Flood Avenue","area":0}},{"type":"Feature","geometry":{"type":"Point","coordinates":[-122.45305,37.73142]},"properties":{"id":2868868967,"category":"transit","name":"Monterey Boulevard & Ridgewood Avenue","area":0}},{"type":"Feature","geometry":{"type":"Point","coordinates":[-122.4141009,37.8082789]},"properties":{"id":2906479351,"category":"transit","name":"Big Bus Tours Stop 1, Fisherman's Visitor Center","area":0}},{"type":"Feature","geometry":{"type":"Point","coordinates":[-122.4521124,37.769398]},"properties":{"id":2906479352,"category":"transit","name":"Big Bus Tours Stop 10, Haight Ashbury","area":0}},{"type":"Feature","geometry":{"type":"Point","coordinates":[-122.48034,37.8331323]},"properties":{"id":2906479354,"category":"transit","name":"Big Bus Tours Stop 12, Golden Gate Bridge North","area":0}},{"type":"Feature","geometry":{"type":"Point","coordinates":[-122.409087,37.7881551]},"properties":{"id":2906479358,"category":"transit","name":"Big Bus Tours Stop 16, Union Square North","area":0}},{"type":"Feature","geometry":{"type":"Point","coordinates":[-122.4055375,37.7904499]},"properties":{"id":2906479359,"category":"transit","name":"Big Bus Tours Stop 17, China Town","area":0}},{"type":"Feature","geometry":{"type":"Point","coordinates":[-122.392708,37.7927644]},"properties":{"id":2906479360,"category":"transit","name":"Big Bus Tours Stop 18, Steuart Street","area":0}},{"type":"Feature","geometry":{"type":"Point","coordinates":[-122.4100421,37.8084192]},"properties":{"id":2906479361,"category":"transit","name":"Big Bus Tours Stop 19, Pier 39","area":0}},{"type":"Feature","geometry":{"type":"Point","coordinates":[-122.3999088,37.7950657]},"properties":{"id":2906479364,"category":"transit","name":"Big Bus Tours Stop 4, Embarcadero","area":0}},{"type":"Feature","geometry":{"type":"Point","coordinates":[-122.407867,37.7874729]},"properties":{"id":2906479365,"category":"transit","name":"Big Bus Tours Stop 5, Union Square South","area":0}},{"type":"Feature","geometry":{"type":"Point","coordinates":[-122.417879,37.7804805]},"properties":{"id":2906479367,"category":"transit","name":"Big Bus Tours Stop 7, Civic Center","area":0}},{"type":"Feature","geometry":{"type":"Point","coordinates":[-122.421541,37.7761697]},"properties":{"id":2908408443,"category":"transit","name":"Big Bus Tours Stop 8, Fulton Street","area":0}},{"type":"Feature","geometry":{"type":"Point","coordinates":[-122.434118,37.7745791]},"properties":{"id":2908408444,"category":"transit","name":"Big Bus Tours Stop 9, Alamo Square","area":0}},{"type":"Feature","geometry":{"type":"Point","coordinates":[-122.422796,37.7948141]},"properties":{"id":3078432158,"category":"transit","name":"Pacific Avenue & Van Ness Avenue","area":0}},{"type":"Feature","geometry":{"type":"Point","coordinates":[-122.400652,37.7903586]},"properties":{"id":3078438192,"category":"transit","name":"Sansome Street & Sutter Street","area":0}},{"type":"Feature","geometry":{"type":"Point","coordinates":[-122.4993847,37.7850248]},"properties":{"id":3102310144,"category":"transit","name":"Legion of Honor","area":0}},{"type":"Feature","geometry":{"type":"Point","coordinates":[-122.466375,37.765767]},"properties":{"id":3118838443,"category":"transit","name":"9th Avenue & Lincoln Way","area":0}},{"type":"Feature","geometry":{"type":"Point","coordinates":[-122.466164,37.7658483]},"properties":{"id":3118838444,"category":"transit","name":"Lincoln Way & 9th Avenue","area":0}},{"type":"Feature","geometry":{"type":"Point","coordinates":[-122.466682,37.7660338]},"properties":{"id":3118838445,"category":"transit","name":"Lincoln Way & 9th Avenue","area":0}},{"type":"Feature","geometry":{"type":"Point","coordinates":[-122.4837135,37.829432]},"properties":{"id":3165390905,"category":"transit","name":"Conzelman Road & Kirby Cove Road","area":0}},{"type":"Feature","geometry":{"type":"Point","coordinates":[-122.4835493,37.8296954]},"properties":{"id":3165390906,"category":"transit","name":"Conzelman Road & Kirby Cove Road","area":0}},{"type":"Feature","geometry":{"type":"Point","coordinates":[-122.5145301,37.8316768]},"properties":{"id":3165390910,"category":"transit","name":"Presidio Riding Club Stables","area":0}},{"type":"Feature","geometry":{"type":"Point","coordinates":[-122.5146867,37.8317677]},"properties":{"id":3165390911,"category":"transit","name":"Presidio Riding Club Stables","area":0}},{"type":"Feature","geometry":{"type":"Point","coordinates":[-122.508981,37.8328848]},"properties":{"id":3165390913,"category":"transit","name":"Rifle Range","area":0}},{"type":"Feature","geometry":{"type":"Point","coordinates":[-122.5090182,37.8329504]},"properties":{"id":3165390914,"category":"transit","name":"Rifle Range","area":0}},{"type":"Feature","geometry":{"type":"Point","coordinates":[-122.483408,37.8330876]},"properties":{"id":3165390915,"category":"transit","name":"Conzelman Road & Alexander Avenue","area":0}},{"type":"Feature","geometry":{"type":"Point","coordinates":[-122.493261,37.8334811]},"properties":{"id":3165390916,"category":"transit","name":"Conzelman Road & McCullough Road","area":0}},{"type":"Feature","geometry":{"type":"Point","coordinates":[-122.4838617,37.8354423]},"properties":{"id":3165390917,"category":"transit","name":"US 101 Offramp & Alexander Avenue","area":0}},{"type":"Feature","geometry":{"type":"Point","coordinates":[-122.502359,37.8362065]},"properties":{"id":3165390918,"category":"transit","name":"McCullough Road & Bunker Road","area":0}},{"type":"Feature","geometry":{"type":"Point","coordinates":[-122.502348,37.8364189]},"properties":{"id":3165390919,"category":"transit","name":"McCullough Road & Bunker Road","area":0}},{"type":"Feature","geometry":{"type":"Point","coordinates":[-122.483831,37.8335192]},"properties":{"id":3165400190,"category":"transit","name":"Conzelman Road & Alexander Avenue","area":0}},{"type":"Feature","geometry":{"type":"Point","coordinates":[-122.493712,37.8336853]},"properties":{"id":3165400191,"category":"transit","name":"Conzelman Road & McCullough Road","area":0}},{"type":"Feature","geometry":{"type":"Point","coordinates":[-122.4240388,37.742272]},"properties":{"id":3197310093,"category":"transit","name":"30th Street & Dolores Street","area":0}},{"type":"Feature","geometry":{"type":"Point","coordinates":[-122.4244776,37.7422136]},"properties":{"id":3197311935,"category":"transit","name":"30th Street & Dolores Street","area":0}},{"type":"Feature","geometry":{"type":"Point","coordinates":[-122.404159,37.8069704]},"properties":{"id":3202359193,"category":"transit","name":"Ferry Alcatraz","area":0}},{"type":"Feature","geometry":{"type":"Point","coordinates":[-122.421401,37.7936648]},"properties":{"id":3252593561,"category":"transit","name":"Polk Street & Washington Street","area":0}},{"type":"Feature","geometry":{"type":"Point","coordinates":[-122.4660864,37.7707344]},"properties":{"id":3297584341,"category":"transit","name":"California Academy of Sciences","area":0}},{"type":"Feature","geometry":{"type":"Point","coordinates":[-122.412715,37.8021904]},"properties":{"id":3338752652,"category":"transit","name":"Columbus Avenue & Mason Street","area":0}},{"type":"Feature","geometry":{"type":"Point","coordinates":[-122.40716,37.7899542]},"properties":{"id":3393339753,"category":"transit","name":"Stockton Street & Sutter Street","area":0}},{"type":"Feature","geometry":{"type":"Point","coordinates":[-122.4711623,37.7844521]},"properties":{"id":3500120300,"category":"transit","name":"California Street & 12th Avenue","area":0}},{"type":"Feature","geometry":{"type":"Point","coordinates":[-122.4708404,37.7846142]},"properties":{"id":3500120301,"category":"transit","name":"California Street & 12th Avenue","area":0}},{"type":"Feature","geometry":{"type":"Point","coordinates":[-122.4923183,37.7818374]},"properties":{"id":3509076202,"category":"transit","name":"32nd Avenue & Clement Street","area":0}},{"type":"Feature","geometry":{"type":"Point","coordinates":[-122.4924406,37.7834355]},"properties":{"id":3509103936,"category":"transit","name":"32nd Avenue & California Street","area":0}},{"type":"Feature","geometry":{"type":"Point","coordinates":[-122.490148,37.7835789]},"properties":{"id":3509110542,"category":"transit","name":"California Street & 30th Avenue","area":0}},{"type":"Feature","geometry":{"type":"Point","coordinates":[-122.4884584,37.7836534]},"properties":{"id":3509116215,"category":"transit","name":"California Street & 28th Avenue","area":0}},{"type":"Feature","geometry":{"type":"Point","coordinates":[-122.4820021,37.7839554]},"properties":{"id":3509117113,"category":"transit","name":"California Street & 22nd Avenue","area":0}},{"type":"Feature","geometry":{"type":"Point","coordinates":[-122.4853763,37.7837954]},"properties":{"id":3509117331,"category":"transit","name":"California Street & 25th Avenue","area":0}},{"type":"Feature","geometry":{"type":"Point","coordinates":[-122.4788888,37.7840977]},"properties":{"id":3509121966,"category":"transit","name":"California Street & 19th Avenue","area":0}},{"type":"Feature","geometry":{"type":"Point","coordinates":[-122.4179,37.7929267]},"properties":{"id":3521956095,"category":"transit","name":"Hyde Street & Clay Street","area":0}},{"type":"Feature","geometry":{"type":"Point","coordinates":[-122.4933616,37.7814696]},"properties":{"id":3523989270,"category":"transit","name":"33rd Avenue & Clement Street","area":0}},{"type":"Feature","geometry":{"type":"Point","coordinates":[-122.4925868,37.7832557]},"properties":{"id":3523998141,"category":"transit","name":"32nd Avenue & California Street","area":0}},{"type":"Feature","geometry":{"type":"Point","coordinates":[-122.4907437,37.7837119]},"properties":{"id":3524004171,"category":"transit","name":"California Street & 30th Avenue","area":0}},{"type":"Feature","geometry":{"type":"Point","coordinates":[-122.488118,37.7838313]},"properties":{"id":3524007687,"category":"transit","name":"California Street & 28th Avenue","area":0}},{"type":"Feature","geometry":{"type":"Point","coordinates":[-122.4848702,37.7839687]},"properties":{"id":3524011667,"category":"transit","name":"California Street & 25th Avenue","area":0}},{"type":"Feature","geometry":{"type":"Point","coordinates":[-122.4816301,37.7841139]},"properties":{"id":3524013072,"category":"transit","name":"California Street & 22nd Avenue","area":0}},{"type":"Feature","geometry":{"type":"Point","coordinates":[-122.4924768,37.7818014]},"properties":{"id":3524374237,"category":"transit","name":"32nd Avenue & Clement Street","area":0}},{"type":"Feature","geometry":{"type":"Point","coordinates":[-122.4935205,37.781385]},"properties":{"id":3524397814,"category":"transit","name":"33rd Avenue & Clement Street","area":0}},{"type":"Feature","geometry":{"type":"Point","coordinates":[-122.401697,37.7716631]},"properties":{"id":3619170072,"category":"transit","name":"Townsend Street & 7th Street","area":0}},{"type":"Feature","geometry":{"type":"Point","coordinates":[-122.4502029,37.7980264]},"properties":{"id":3722672101,"category":"transit","name":"Letterman Digital Arts Center","area":0}},{"type":"Feature","geometry":{"type":"Point","coordinates":[-122.4199182,37.768477]},"properties":{"id":3742505386,"category":"transit","name":"Mission Street & 14th Street","area":0}},{"type":"Feature","geometry":{"type":"Point","coordinates":[-122.402463,37.7543897]},"properties":{"id":3924068520,"category":"transit","name":"Kansas Street & 23rd Street","area":0}},{"type":"Feature","geometry":{"type":"Point","coordinates":[-122.4249678,37.7102127]},"properties":{"id":3967544259,"category":"transit","name":null,"area":0}},{"type":"Feature","geometry":{"type":"Point","coordinates":[-122.453066,37.7071659]},"properties":{"id":3983492887,"category":"transit","name":"Brunswick Street & Templeton Avenue","area":0}},{"type":"Feature","geometry":{"type":"Point","coordinates":[-122.4110282,37.7918304]},"properties":{"id":3984131140,"category":"transit","name":"California Street & Mason Street","area":0}},{"type":"Feature","geometry":{"type":"Point","coordinates":[-122.4354641,37.7973046]},"properties":{"id":4012395184,"category":"transit","name":"Fillmore Street & Union Street","area":0}},{"type":"Feature","geometry":{"type":"Point","coordinates":[-122.4370095,37.7715044]},"properties":{"id":4030511282,"category":"transit","name":"Divisadero Street & Haight Street","area":0}},{"type":"Feature","geometry":{"type":"Point","coordinates":[-122.4366705,37.7712613]},"properties":{"id":4030511699,"category":"transit","name":"Haight Street & Divisadero Street","area":0}},{"type":"Feature","geometry":{"type":"Point","coordinates":[-122.4333326,37.7716827]},"properties":{"id":4030526408,"category":"transit","name":"Haight Street & Pierce Street","area":0}},{"type":"Feature","geometry":{"type":"Point","coordinates":[-122.504742,37.7419603]},"properties":{"id":4034167484,"category":"transit","name":"46th Avenue & Taraval Street","area":0}},{"type":"Feature","geometry":{"type":"Point","coordinates":[-122.504533,37.7415668]},"properties":{"id":4034167485,"category":"transit","name":"46th Avenue & Taraval Street","area":0}},{"type":"Feature","geometry":{"type":"Point","coordinates":[-122.477019,37.7633905]},"properties":{"id":4035890911,"category":"transit","name":"19th Avenue & Irving Street","area":0}},{"type":"Feature","geometry":{"type":"Point","coordinates":[-122.4663058,37.7633863]},"properties":{"id":4035940008,"category":"transit","name":"9th Avenue & Irving Street","area":0}},{"type":"Feature","geometry":{"type":"Point","coordinates":[-122.5060675,37.7604089]},"properties":{"id":4038112723,"category":"transit","name":"Judah Street & 46th Avenue","area":0}},{"type":"Feature","geometry":{"type":"Point","coordinates":[-122.5058222,37.7604483]},"properties":{"id":4038112724,"category":"transit","name":"Judah Street & 46th Avenue","area":0}},{"type":"Feature","geometry":{"type":"Point","coordinates":[-122.5026035,37.7605905]},"properties":{"id":4038112725,"category":"transit","name":"Judah Street & 43rd Avenue","area":0}},{"type":"Feature","geometry":{"type":"Point","coordinates":[-122.502861,37.7605506]},"properties":{"id":4038112726,"category":"transit","name":"Judah Street & 43rd Avenue","area":0}},{"type":"Feature","geometry":{"type":"Point","coordinates":[-122.4932161,37.7609767]},"properties":{"id":4038132405,"category":"transit","name":"Judah Street & 34th Avenue","area":0}},{"type":"Feature","geometry":{"type":"Point","coordinates":[-122.4833159,37.7614423]},"properties":{"id":4038132408,"category":"transit","name":"Judah Street & 25th Avenue","area":0}},{"type":"Feature","geometry":{"type":"Point","coordinates":[-122.4897467,37.7611582]},"properties":{"id":4038132410,"category":"transit","name":"Judah Street & 31st Avenue","area":0}},{"type":"Feature","geometry":{"type":"Point","coordinates":[-122.4929544,37.7610166]},"properties":{"id":4038132411,"category":"transit","name":"Judah Street & 34th Avenue","area":0}},{"type":"Feature","geometry":{"type":"Point","coordinates":[-122.4989043,37.7607253]},"properties":{"id":4038132413,"category":"transit","name":"Judah Street & 40th Avenue","area":0}},{"type":"Feature","geometry":{"type":"Point","coordinates":[-122.4835736,37.7614026]},"properties":{"id":4038132415,"category":"transit","name":"Judah Street & 25th Avenue","area":0}},{"type":"Feature","geometry":{"type":"Point","coordinates":[-122.4993878,37.7607325]},"properties":{"id":4038132418,"category":"transit","name":"Judah Street & 40th Avenue","area":0}},{"type":"Feature","geometry":{"type":"Point","coordinates":[-122.4892838,37.7611514]},"properties":{"id":4038132419,"category":"transit","name":"Judah Street & 31st Avenue","area":0}},{"type":"Feature","geometry":{"type":"Point","coordinates":[-122.4811634,37.7615373]},"properties":{"id":4038132424,"category":"transit","name":"Judah Street & 23rd Avenue","area":0}},{"type":"Feature","geometry":{"type":"Point","coordinates":[-122.4629903,37.7642121]},"properties":{"id":4038158092,"category":"transit","name":"Irving Street & 6th Avenue","area":0}},{"type":"Feature","geometry":{"type":"Point","coordinates":[-122.465416,37.7640408]},"properties":{"id":4038158094,"category":"transit","name":"Irving Street & 8th Avenue","area":0}},{"type":"Feature","geometry":{"type":"Point","coordinates":[-122.46626,37.7642643]},"properties":{"id":4038158095,"category":"transit","name":"9th Avenue & Irving Street","area":0}},{"type":"Feature","geometry":{"type":"Point","coordinates":[-122.466545,37.7657245]},"properties":{"id":4038158097,"category":"transit","name":"9th Avenue & Lincoln Way","area":0}},{"type":"Feature","geometry":{"type":"Point","coordinates":[-122.4992053,37.7311899]},"properties":{"id":4071027511,"category":"transit","name":"Skyline Boulevard & Lake Merced Boulevard","area":0}},{"type":"Feature","geometry":{"type":"Point","coordinates":[-122.430818,37.7419196]},"properties":{"id":4077534714,"category":"transit","name":"30th Street & Noe Street","area":0}},{"type":"Feature","geometry":{"type":"Point","coordinates":[-122.431018,37.7433185]},"properties":{"id":4077534715,"category":"transit","name":"Noe Street & 29th Street","area":0}},{"type":"Feature","geometry":{"type":"Point","coordinates":[-122.4311,37.7420399]},"properties":{"id":4077534716,"category":"transit","name":"Noe Street & 30th Street","area":0}},{"type":"Feature","geometry":{"type":"Point","coordinates":[-122.39599,37.7764633]},"properties":{"id":4096822618,"category":"transit","name":"Townsend Street & 4th Street","area":0}},{"type":"Feature","geometry":{"type":"Point","coordinates":[-122.4676246,37.7732296]},"properties":{"id":4110684318,"category":"transit","name":"Fulton Street & 10th Avenue","area":0}},{"type":"Feature","geometry":{"type":"Point","coordinates":[-122.4640374,37.7737185]},"properties":{"id":4110684322,"category":"transit","name":"Fulton Street & 6th Avenue","area":0}},{"type":"Feature","geometry":{"type":"Point","coordinates":[-122.463336,37.7735927]},"properties":{"id":4110684323,"category":"transit","name":"Fulton Street & 6th Avenue","area":0}},{"type":"Feature","geometry":{"type":"Point","coordinates":[-122.4356176,37.7446795]},"properties":{"id":4195991951,"category":"transit","name":"Diamond Street & 28th Street","area":0}},{"type":"Feature","geometry":{"type":"Point","coordinates":[-122.4357846,37.7446159]},"properties":{"id":4196008977,"category":"transit","name":"Diamond Street & 28th Street","area":0}},{"type":"Feature","geometry":{"type":"Point","coordinates":[-122.431362,37.7451273]},"properties":{"id":4196008978,"category":"transit","name":"Noe Street & 28th Street","area":0}},{"type":"Feature","geometry":{"type":"Point","coordinates":[-122.431187,37.7449513]},"properties":{"id":4196008979,"category":"transit","name":"Noe Street & 28th Street","area":0}},{"type":"Feature","geometry":{"type":"Point","coordinates":[-122.431191,37.7432203]},"properties":{"id":4196008980,"category":"transit","name":"Noe Street & 29th Street","area":0}},{"type":"Feature","geometry":{"type":"Point","coordinates":[-122.4267018,37.742038]},"properties":{"id":4196008981,"category":"transit","name":"30th Street & Church Street","area":0}},{"type":"Feature","geometry":{"type":"Point","coordinates":[-122.426357,37.7421897]},"properties":{"id":4196008982,"category":"transit","name":"30th Street & Church Street","area":0}},{"type":"Feature","geometry":{"type":"Point","coordinates":[-122.424514,37.7421701]},"properties":{"id":4196008983,"category":"transit","name":"30th Street & Dolores Street","area":0}},{"type":"Feature","geometry":{"type":"Point","coordinates":[-122.424005,37.742326]},"properties":{"id":4196008984,"category":"transit","name":"30th Street & Dolores Street","area":0}},{"type":"Feature","geometry":{"type":"Point","coordinates":[-122.412382,37.7127747]},"properties":{"id":4286837354,"category":"transit","name":"Visitacion Avenue & Britton Street","area":0}},{"type":"Feature","geometry":{"type":"Point","coordinates":[-122.412661,37.7126998]},"properties":{"id":4286837355,"category":"transit","name":"Visitacion Avenue & Britton Street","area":0}},{"type":"Feature","geometry":{"type":"Point","coordinates":[-122.4284929,37.7646021]},"properties":{"id":4363456179,"category":"transit","name":"16th Street & Church Street","area":0}},{"type":"Feature","geometry":{"type":"Point","coordinates":[-122.419566,37.7917511]},"properties":{"id":4370109613,"category":"transit","name":"Sacramento Street & Larkin Street","area":0}},{"type":"Feature","geometry":{"type":"Point","coordinates":[-122.4062816,37.753364]},"properties":{"id":4386471389,"category":"transit","name":"Potrero Avenue & 24th Street","area":0}},{"type":"Feature","geometry":{"type":"Point","coordinates":[-122.4941314,37.7346854]},"properties":{"id":4407739091,"category":"transit","name":"Sunset Boulevard & Yorba Street","area":0}},{"type":"Feature","geometry":{"type":"Point","coordinates":[-122.4937486,37.7347831]},"properties":{"id":4407739092,"category":"transit","name":"Sunset Boulevard & Yorba Street","area":0}},{"type":"Feature","geometry":{"type":"Point","coordinates":[-122.403799,37.75438]},"properties":{"id":4422659891,"category":"transit","name":"23rd Street & Vermont Street","area":0}},{"type":"Feature","geometry":{"type":"Point","coordinates":[-122.404848,37.7544838]},"properties":{"id":4422719692,"category":"transit","name":"23rd Street & Utah Street","area":0}},{"type":"Feature","geometry":{"type":"Point","coordinates":[-122.401702,37.7543762]},"properties":{"id":4422757490,"category":"transit","name":"Rhode Island Street & 23rd Street","area":0}},{"type":"Feature","geometry":{"type":"Point","coordinates":[-122.405124,37.7542979]},"properties":{"id":4422770389,"category":"transit","name":"23rd Street & Utah Street","area":0}},{"type":"Feature","geometry":{"type":"Point","coordinates":[-122.400859,37.7579179]},"properties":{"id":4424543494,"category":"transit","name":"De Haro Street & Southern Heights Avenue","area":0}},{"type":"Feature","geometry":{"type":"Point","coordinates":[-122.401149,37.7609462]},"properties":{"id":4427278391,"category":"transit","name":"De Haro Street & 19th Street","area":0}},{"type":"Feature","geometry":{"type":"Point","coordinates":[-122.401522,37.7647551]},"properties":{"id":4427292989,"category":"transit","name":"De Haro Street & 17th Street","area":0}},{"type":"Feature","geometry":{"type":"Point","coordinates":[-122.401944,37.7649138]},"properties":{"id":4427293089,"category":"transit","name":"17th Street & De Haro Street","area":0}},{"type":"Feature","geometry":{"type":"Point","coordinates":[-122.409988,37.7655489]},"properties":{"id":4427293090,"category":"transit","name":"16th Street & Bryant Street","area":0}},{"type":"Feature","geometry":{"type":"Point","coordinates":[-122.4080032,37.7658398]},"properties":{"id":4427293189,"category":"transit","name":"16th Street & Potrero Avenue","area":0}},{"type":"Feature","geometry":{"type":"Point","coordinates":[-122.410129,37.765745]},"properties":{"id":4427293289,"category":"transit","name":"16th Street & Bryant Street","area":0}},{"type":"Feature","geometry":{"type":"Point","coordinates":[-122.4261677,37.7647477]},"properties":{"id":4427293290,"category":"transit","name":"16th Street & Dolores Street","area":0}},{"type":"Feature","geometry":{"type":"Point","coordinates":[-122.401936,37.7569035]},"properties":{"id":4427293292,"category":"transit","name":"Rhode Island Street & 22nd Street","area":0}},{"type":"Feature","geometry":{"type":"Point","coordinates":[-122.4217015,37.7650236]},"properties":{"id":4427293489,"category":"transit","name":"16th Street & Valencia Street","area":0}},{"type":"Feature","geometry":{"type":"Point","coordinates":[-122.4407769,37.7708772]},"properties":{"id":4427293492,"category":"transit","name":"Haight Street & Baker Street","area":0}},{"type":"Feature","geometry":{"type":"Point","coordinates":[-122.4406393,37.7707507]},"properties":{"id":4427293493,"category":"transit","name":"Haight Street & Buena Vista Avenue East","area":0}},{"type":"Feature","geometry":{"type":"Point","coordinates":[-122.4468267,37.762995]},"properties":{"id":4427293496,"category":"transit","name":"Ashbury Street & Clayton Street","area":0}},{"type":"Feature","geometry":{"type":"Point","coordinates":[-122.4299334,37.7703485]},"properties":{"id":4427293590,"category":"transit","name":"Hermann Street & Fillmore Street","area":0}},{"type":"Feature","geometry":{"type":"Point","coordinates":[-122.43716,37.7711003]},"properties":{"id":4427293689,"category":"transit","name":"Divisadero Street & Haight Street","area":0}},{"type":"Feature","geometry":{"type":"Point","coordinates":[-122.4373815,37.7713128]},"properties":{"id":4427293690,"category":"transit","name":"Haight Street & Divisadero Street","area":0}},{"type":"Feature","geometry":{"type":"Point","coordinates":[-122.454214,37.7586897]},"properties":{"id":4427294190,"category":"transit","name":"Aldea Shuttle","area":0}},{"type":"Feature","geometry":{"type":"Point","coordinates":[-122.4476159,37.7653877]},"properties":{"id":4427294191,"category":"transit","name":"Clayton Street & Parnassus Avenue","area":0}},{"type":"Feature","geometry":{"type":"Point","coordinates":[-122.422408,37.7730739]},"properties":{"id":4427294195,"category":"transit","name":"Haight Street & Gough Street","area":0}},{"type":"Feature","geometry":{"type":"Point","coordinates":[-122.4064693,37.7526948]},"properties":{"id":4429278598,"category":"transit","name":"Potrero Avenue & 24th Street","area":0}},{"type":"Feature","geometry":{"type":"Point","coordinates":[-122.406941,37.7609143]},"properties":{"id":4429278599,"category":"transit","name":"Potrero Avenue & 19th Street","area":0}},{"type":"Feature","geometry":{"type":"Point","coordinates":[-122.4078926,37.7656748]},"properties":{"id":4429279001,"category":"transit","name":"16th Street & Potrero Avenue","area":0}},{"type":"Feature","geometry":{"type":"Point","coordinates":[-122.422645,37.7731843]},"properties":{"id":4429279005,"category":"transit","name":"Haight Street & Gough Street","area":0}},{"type":"Feature","geometry":{"type":"Point","coordinates":[-122.4076896,37.7654785]},"properties":{"id":4429280789,"category":"transit","name":"Potrero Avenue & 16th Street","area":0}},{"type":"Feature","geometry":{"type":"Point","coordinates":[-122.4008145,37.7573441]},"properties":{"id":4431007692,"category":"transit","name":"De Haro Street & 22nd Street","area":0}},{"type":"Feature","geometry":{"type":"Point","coordinates":[-122.400573,37.7548189]},"properties":{"id":4431056790,"category":"transit","name":"De Haro Street & 23rd Street","area":0}},{"type":"Feature","geometry":{"type":"Point","coordinates":[-122.402257,37.7865681]},"properties":{"id":4437867089,"category":"transit","name":"3rd Street & Mission Street","area":0}},{"type":"Feature","geometry":{"type":"Point","coordinates":[-122.4393319,37.8004927]},"properties":{"id":4548818452,"category":"transit","name":"Chestnut Street & Pierce Street","area":0}},{"type":"Feature","geometry":{"type":"Point","coordinates":[-122.507601,37.7509481]},"properties":{"id":4548819088,"category":"transit","name":"Ortega Street & 48th Avenue","area":0}},{"type":"Feature","geometry":{"type":"Point","coordinates":[-122.4397234,37.8003288]},"properties":{"id":4548821899,"category":"transit","name":"Chestnut Street & Pierce Street","area":0}},{"type":"Feature","geometry":{"type":"Point","coordinates":[-122.4250557,37.802195]},"properties":{"id":4613888427,"category":"transit","name":"Chestnut Street & Van Ness Avenue","area":0}},{"type":"Feature","geometry":{"type":"Point","coordinates":[-122.401645,37.7959637]},"properties":{"id":4616141255,"category":"transit","name":"Sansome Street & Washington Street","area":0}},{"type":"Feature","geometry":{"type":"Point","coordinates":[-122.414509,37.7828248]},"properties":{"id":4618041446,"category":"transit","name":"Turk Street & Leavenworth Street","area":0}},{"type":"Feature","geometry":{"type":"Point","coordinates":[-122.4248642,37.7872481]},"properties":{"id":4620392514,"category":"transit","name":"Sutter Street & Gough Street","area":0}},{"type":"Feature","geometry":{"type":"Point","coordinates":[-122.4156628,37.780744]},"properties":{"id":4624987850,"category":"transit","name":"McAllister Street & Hyde Street","area":0}},{"type":"Feature","geometry":{"type":"Point","coordinates":[-122.417309,37.7805574]},"properties":{"id":4625037120,"category":"transit","name":"McAllister Street & Larkin Street","area":0}},{"type":"Feature","geometry":{"type":"Point","coordinates":[-122.436031,37.8009361]},"properties":{"id":4625148978,"category":"transit","name":"Chestnut Street & Fillmore Street","area":0}},{"type":"Feature","geometry":{"type":"Point","coordinates":[-122.4513869,37.7779753]},"properties":{"id":4625170205,"category":"transit","name":"Turk Street & Chabot Terrace","area":0}},{"type":"Feature","geometry":{"type":"Point","coordinates":[-122.4308084,37.7742229]},"properties":{"id":4628177739,"category":"transit","name":"Fillmore Street & Oak Street","area":0}},{"type":"Feature","geometry":{"type":"Point","coordinates":[-122.427224,37.7821543]},"properties":{"id":4628204654,"category":"transit","name":"Eddy Street & Laguna Street","area":0}},{"type":"Feature","geometry":{"type":"Point","coordinates":[-122.427111,37.7820417]},"properties":{"id":4628214618,"category":"transit","name":"Eddy Street & Laguna Street","area":0}},{"type":"Feature","geometry":{"type":"Point","coordinates":[-122.410279,37.7641592]},"properties":{"id":4628475248,"category":"transit","name":"Bryant Street & 17th Street","area":0}},{"type":"Feature","geometry":{"type":"Point","coordinates":[-122.410466,37.7641074]},"properties":{"id":4628476548,"category":"transit","name":"Bryant Street & 17th Street","area":0}},{"type":"Feature","geometry":{"type":"Point","coordinates":[-122.410385,37.7653737]},"properties":{"id":4628492133,"category":"transit","name":"Bryant Street & 16th Street","area":0}},{"type":"Feature","geometry":{"type":"Point","coordinates":[-122.427099,37.7869583]},"properties":{"id":4628812935,"category":"transit","name":"Sutter Street & Octavia Street","area":0}},{"type":"Feature","geometry":{"type":"Point","coordinates":[-122.4784381,37.7842759]},"properties":{"id":4630206131,"category":"transit","name":"California Street & 19th Avenue","area":0}},{"type":"Feature","geometry":{"type":"Point","coordinates":[-122.414508,37.7790718]},"properties":{"id":4631688565,"category":"transit","name":"Market Street & Hyde Street","area":0}},{"type":"Feature","geometry":{"type":"Point","coordinates":[-122.416172,37.8045747]},"properties":{"id":4631763792,"category":"transit","name":"Columbus Avenue & Francisco Street","area":0}},{"type":"Feature","geometry":{"type":"Point","coordinates":[-122.402452,37.7919972]},"properties":{"id":4631999419,"category":"transit","name":"Pine Street & Montgomery Street","area":0}},{"type":"Feature","geometry":{"type":"Point","coordinates":[-122.4403345,37.7868948]},"properties":{"id":4636923839,"category":"transit","name":"Divisadero Street & Pine Street","area":0}},{"type":"Feature","geometry":{"type":"Point","coordinates":[-122.419829,37.7933861]},"properties":{"id":4637252364,"category":"transit","name":"Washington Street & Larkin Street","area":0}},{"type":"Feature","geometry":{"type":"Point","coordinates":[-122.458508,37.7776437]},"properties":{"id":4670480639,"category":"transit","name":"Arguello Boulevard & Turk Boulevard","area":0}},{"type":"Feature","geometry":{"type":"Point","coordinates":[-122.4594917,37.7813824]},"properties":{"id":4670484272,"category":"transit","name":"Geary Boulevard & Arguello Boulevard","area":0}},{"type":"Feature","geometry":{"type":"Point","coordinates":[-122.4757395,37.8059388]},"properties":{"id":4721387789,"category":"transit","name":"Golden Gate West","area":0}},{"type":"Feature","geometry":{"type":"Point","coordinates":[-122.4748921,37.8074729]},"properties":{"id":4721389689,"category":"transit","name":"Golden Gate Bridge Parking Lot","area":0}},{"type":"Feature","geometry":{"type":"Point","coordinates":[-122.4660026,37.7735786]},"properties":{"id":4754032650,"category":"transit","name":"8th Avenue & Fulton Street","area":0}},{"type":"Feature","geometry":{"type":"Point","coordinates":[-122.4658404,37.7737181]},"properties":{"id":4754032651,"category":"transit","name":"8th Avenue & Fulton Street","area":0}},{"type":"Feature","geometry":{"type":"Point","coordinates":[-122.4645445,37.7831277]},"properties":{"id":4754033573,"category":"transit","name":"6th Avenue & Clement Street","area":0}},{"type":"Feature","geometry":{"type":"Point","coordinates":[-122.394991,37.7524752]},"properties":{"id":4824241364,"category":"transit","name":"25th Street & Dakota Street","area":0}},{"type":"Feature","geometry":{"type":"Point","coordinates":[-122.510367,37.7679075]},"properties":{"id":4921170036,"category":"transit","name":"Ocean Beach Parking Lot","area":0}},{"type":"Feature","geometry":{"type":"Point","coordinates":[-122.4498202,37.7868044]},"properties":{"id":4921305398,"category":"transit","name":"California Street & Laurel Street","area":0}},{"type":"Feature","geometry":{"type":"Point","coordinates":[-122.425775,37.7910944]},"properties":{"id":4922712621,"category":"transit","name":"Gough Street & Sacramento Street","area":0}},{"type":"Feature","geometry":{"type":"Point","coordinates":[-122.401472,37.7892283]},"properties":{"id":5015578938,"category":"transit","name":"Montgomery Street","area":0}},{"type":"Feature","geometry":{"type":"Point","coordinates":[-122.4014677,37.7892257]},"properties":{"id":5015578939,"category":"transit","name":"Montgomery Street","area":0}},{"type":"Feature","geometry":{"type":"Point","coordinates":[-122.4096734,37.808387]},"properties":{"id":5141444521,"category":"transit","name":"San Francisco Fisherman's Wharf","area":0}},{"type":"Feature","geometry":{"type":"Point","coordinates":[-122.4205699,37.7906132]},"properties":{"id":5150140428,"category":"transit","name":"California Street & Polk Street","area":0}},{"type":"Feature","geometry":{"type":"Point","coordinates":[-122.4188604,37.7908312]},"properties":{"id":5150140429,"category":"transit","name":"California Street & Larkin Street","area":0}},{"type":"Feature","geometry":{"type":"Point","coordinates":[-122.4176552,37.7909818]},"properties":{"id":5150140430,"category":"transit","name":"California Street & Hyde Street","area":0}},{"type":"Feature","geometry":{"type":"Point","coordinates":[-122.415597,37.7912483]},"properties":{"id":5150140431,"category":"transit","name":"California Street & Leavenworth Street","area":0}},{"type":"Feature","geometry":{"type":"Point","coordinates":[-122.4139623,37.7914538]},"properties":{"id":5150140432,"category":"transit","name":"California Street & Jones Street","area":0}},{"type":"Feature","geometry":{"type":"Point","coordinates":[-122.4123528,37.7916621]},"properties":{"id":5150140433,"category":"transit","name":"California Street & Taylor Street","area":0}},{"type":"Feature","geometry":{"type":"Point","coordinates":[-122.409424,37.7920354]},"properties":{"id":5150140434,"category":"transit","name":"California Street & Powell Street","area":0}},{"type":"Feature","geometry":{"type":"Point","coordinates":[-122.4075668,37.792275]},"properties":{"id":5150140435,"category":"transit","name":"California Street & Stockton Street","area":0}},{"type":"Feature","geometry":{"type":"Point","coordinates":[-122.4059495,37.7924773]},"properties":{"id":5150140436,"category":"transit","name":"California Street & Grant Avenue","area":0}},{"type":"Feature","geometry":{"type":"Point","coordinates":[-122.4042862,37.7926888]},"properties":{"id":5150140437,"category":"transit","name":"California Street & Kearny Street","area":0}},{"type":"Feature","geometry":{"type":"Point","coordinates":[-122.402656,37.7928936]},"properties":{"id":5150140438,"category":"transit","name":"California Street & Montgomery Street","area":0}},{"type":"Feature","geometry":{"type":"Point","coordinates":[-122.4010244,37.7931023]},"properties":{"id":5150140439,"category":"transit","name":"California Street & Sansome Street","area":0}},{"type":"Feature","geometry":{"type":"Point","coordinates":[-122.3998155,37.7932552]},"properties":{"id":5150140440,"category":"transit","name":"California Street & Battery Street","area":0}},{"type":"Feature","geometry":{"type":"Point","coordinates":[-122.3986691,37.7934019]},"properties":{"id":5150140441,"category":"transit","name":"California Street & Front Street","area":0}},{"type":"Feature","geometry":{"type":"Point","coordinates":[-122.3974764,37.7935522]},"properties":{"id":5150140442,"category":"transit","name":"California Street & Davis Street","area":0}},{"type":"Feature","geometry":{"type":"Point","coordinates":[-122.3962202,37.7937113]},"properties":{"id":5150140443,"category":"transit","name":"California Street & Drumm Street","area":0}},{"type":"Feature","geometry":{"type":"Point","coordinates":[-122.396533,37.7208197]},"properties":{"id":5305947520,"category":"transit","name":"3rd Street & Salinas Avenue","area":0}},{"type":"Feature","geometry":{"type":"Point","coordinates":[-122.396363,37.7225161]},"properties":{"id":5305948117,"category":"transit","name":"Paul Avenue & Carr Street","area":0}},{"type":"Feature","geometry":{"type":"Point","coordinates":[-122.397509,37.7227701]},"properties":{"id":5305948124,"category":"transit","name":"Paul Avenue & Gould Street","area":0}},{"type":"Feature","geometry":{"type":"Point","coordinates":[-122.397895,37.7229885]},"properties":{"id":5305948126,"category":"transit","name":"Paul Avenue & Gould Street","area":0}},{"type":"Feature","geometry":{"type":"Point","coordinates":[-122.399119,37.723282]},"properties":{"id":5305948130,"category":"transit","name":"Paul Avenue & Crane Street","area":0}},{"type":"Feature","geometry":{"type":"Point","coordinates":[-122.434319,37.7332597]},"properties":{"id":5316315207,"category":"transit","name":"Diamond Street & Bosworth Street","area":0}},{"type":"Feature","geometry":{"type":"Point","coordinates":[-122.396912,37.7928637]},"properties":{"id":5318541582,"category":"transit","name":"Embarcadero","area":0}},{"type":"Feature","geometry":{"type":"Point","coordinates":[-122.4352931,37.7626004]},"properties":{"id":5321969155,"category":"transit","name":"Castro","area":0}},{"type":"Feature","geometry":{"type":"Point","coordinates":[-122.4292613,37.7672666]},"properties":{"id":5321969157,"category":"transit","name":"Church","area":0}},{"type":"Feature","geometry":{"type":"Point","coordinates":[-122.4139719,37.7793625]},"properties":{"id":5323877767,"category":"transit","name":"Civic Center","area":0}},{"type":"Feature","geometry":{"type":"Point","coordinates":[-122.4071968,37.7847137]},"properties":{"id":5323877771,"category":"transit","name":"Powell Street","area":0}},{"type":"Feature","geometry":{"type":"Point","coordinates":[-122.4192659,37.7751897]},"properties":{"id":5323877774,"category":"transit","name":"Van Ness","area":0}},{"type":"Feature","geometry":{"type":"Point","coordinates":[-122.4018994,37.7123703]},"properties":{"id":5326945381,"category":"transit","name":"Arleta","area":0}},{"type":"Feature","geometry":{"type":"Point","coordinates":[-122.388192,37.783448]},"properties":{"id":5326945382,"category":"transit","name":"Brannan","area":0}},{"type":"Feature","geometry":{"type":"Point","coordinates":[-122.388091,37.7836538]},"properties":{"id":5326945384,"category":"transit","name":"Brannan","area":0}},{"type":"Feature","geometry":{"type":"Point","coordinates":[-122.3942674,37.7254837]},"properties":{"id":5326945387,"category":"transit","name":"Carroll","area":0}},{"type":"Feature","geometry":{"type":"Point","coordinates":[-122.3879459,37.742715]},"properties":{"id":5326945388,"category":"transit","name":"Evans","area":0}},{"type":"Feature","geometry":{"type":"Point","coordinates":[-122.388667,37.7896852]},"properties":{"id":5326945389,"category":"transit","name":"Folsom","area":0}},{"type":"Feature","geometry":{"type":"Point","coordinates":[-122.388797,37.7898828]},"properties":{"id":5326945391,"category":"transit","name":"Folsom","area":0}},{"type":"Feature","geometry":{"type":"Point","coordinates":[-122.3956586,37.7224125]},"properties":{"id":5326945392,"category":"transit","name":"Gilman/Paul","area":0}},{"type":"Feature","geometry":{"type":"Point","coordinates":[-122.3888966,37.7399474]},"properties":{"id":5326945393,"category":"transit","name":"Hudson/Innes","area":0}},{"type":"Feature","geometry":{"type":"Point","coordinates":[-122.3897643,37.7375275]},"properties":{"id":5326945394,"category":"transit","name":"Kirkwood/La Salle","area":0}},{"type":"Feature","geometry":{"type":"Point","coordinates":[-122.3978044,37.718533]},"properties":{"id":5326945395,"category":"transit","name":"Le Conte","area":0}},{"type":"Feature","geometry":{"type":"Point","coordinates":[-122.3874868,37.7490293]},"properties":{"id":5326945396,"category":"transit","name":"Marin Street","area":0}},{"type":"Feature","geometry":{"type":"Point","coordinates":[-122.3908628,37.7343961]},"properties":{"id":5326945399,"category":"transit","name":"Oakdale/Palou","area":0}},{"type":"Feature","geometry":{"type":"Point","coordinates":[-122.3916755,37.7320706]},"properties":{"id":5326945400,"category":"transit","name":"Revere/Shafter","area":0}},{"type":"Feature","geometry":{"type":"Point","coordinates":[-122.4049659,37.7092072]},"properties":{"id":5326945401,"category":"transit","name":"Sunnydale","area":0}},{"type":"Feature","geometry":{"type":"Point","coordinates":[-122.388869,37.7643313]},"properties":{"id":5326945402,"category":"transit","name":"UCSF Medical Center","area":0}},{"type":"Feature","geometry":{"type":"Point","coordinates":[-122.3926636,37.7292511]},"properties":{"id":5326945403,"category":"transit","name":"Williams","area":0}},{"type":"Feature","geometry":{"type":"Point","coordinates":[-122.3885771,37.7604997]},"properties":{"id":5326947002,"category":"transit","name":"20th Street","area":0}},{"type":"Feature","geometry":{"type":"Point","coordinates":[-122.391089,37.7786862]},"properties":{"id":5326947004,"category":"transit","name":"2nd & King","area":0}},{"type":"Feature","geometry":{"type":"Point","coordinates":[-122.39079,37.7788424]},"properties":{"id":5326947005,"category":"transit","name":"2nd & King","area":0}},{"type":"Feature","geometry":{"type":"Point","coordinates":[-122.4467134,37.7208729]},"properties":{"id":5338633619,"category":"transit","name":"Balboa Park","area":0}},{"type":"Feature","geometry":{"type":"Point","coordinates":[-122.4511756,37.7229972]},"properties":{"id":5338635521,"category":"transit","name":"City College","area":0}},{"type":"Feature","geometry":{"type":"Point","coordinates":[-122.4717726,37.7314327]},"properties":{"id":5338635523,"category":"transit","name":"Junipero Serra Boulevard & Ocean Avenue","area":0}},{"type":"Feature","geometry":{"type":"Point","coordinates":[-122.454108,37.7234456]},"properties":{"id":5338635525,"category":"transit","name":"Ocean Avenue & Lee Avenue","area":0}},{"type":"Feature","geometry":{"type":"Point","coordinates":[-122.4665787,37.7271782]},"properties":{"id":5338635526,"category":"transit","name":"Ocean Avenue & Westgate Drive","area":0}},{"type":"Feature","geometry":{"type":"Point","coordinates":[-122.4713392,37.7353364]},"properties":{"id":5338635634,"category":"transit","name":"Saint Francis Circle","area":0}},{"type":"Feature","geometry":{"type":"Point","coordinates":[-122.4738306,37.7318146]},"properties":{"id":5338807120,"category":"transit","name":"Right of Way & Ocean Avenue","area":0}},{"type":"Feature","geometry":{"type":"Point","coordinates":[-122.47166,37.7161696]},"properties":{"id":5338807825,"category":"transit","name":"19th Avenue & North Randolph Street","area":0}},{"type":"Feature","geometry":{"type":"Point","coordinates":[-122.459166,37.7131635]},"properties":{"id":5339088980,"category":"transit","name":"Broad Street & Capitol Avenue","area":0}},{"type":"Feature","geometry":{"type":"Point","coordinates":[-122.458932,37.7131987]},"properties":{"id":5339088981,"category":"transit","name":"Broad Street & Capitol Avenue","area":0}},{"type":"Feature","geometry":{"type":"Point","coordinates":[-122.463624,37.7142849]},"properties":{"id":5339088986,"category":"transit","name":"Randolph Street & Bright Street","area":0}},{"type":"Feature","geometry":{"type":"Point","coordinates":[-122.463416,37.7143236]},"properties":{"id":5339088987,"category":"transit","name":"Randolph Street & Bright Street","area":0}},{"type":"Feature","geometry":{"type":"Point","coordinates":[-122.452304,37.7139487]},"properties":{"id":5339088988,"category":"transit","name":"San Jose Avenue & Farallones Street","area":0}},{"type":"Feature","geometry":{"type":"Point","coordinates":[-122.452158,37.7141583]},"properties":{"id":5339088989,"category":"transit","name":"San Jose Avenue & Farallones Street","area":0}},{"type":"Feature","geometry":{"type":"Point","coordinates":[-122.450445,37.7160931]},"properties":{"id":5339088991,"category":"transit","name":"San Jose Avenue & Lakeview Avenue","area":0}},{"type":"Feature","geometry":{"type":"Point","coordinates":[-122.4487461,37.718306]},"properties":{"id":5339088992,"category":"transit","name":"San Jose Avenue & Mount Vernon Avenue","area":0}},{"type":"Feature","geometry":{"type":"Point","coordinates":[-122.467228,37.7141977]},"properties":{"id":5339089002,"category":"transit","name":"Randolph Street & Arch Street","area":0}},{"type":"Feature","geometry":{"type":"Point","coordinates":[-122.466893,37.7143785]},"properties":{"id":5339089007,"category":"transit","name":"Randolph Street & Arch Street","area":0}},{"type":"Feature","geometry":{"type":"Point","coordinates":[-122.446971,37.7204965]},"properties":{"id":5339089421,"category":"transit","name":"San Jose Avenue & Geneva Avenue","area":0}},{"type":"Feature","geometry":{"type":"Point","coordinates":[-122.470268,37.7147762]},"properties":{"id":5339089422,"category":"transit","name":"19th Avenue & Randolph Street","area":0}},{"type":"Feature","geometry":{"type":"Point","coordinates":[-122.4286516,37.7644057]},"properties":{"id":5352315968,"category":"transit","name":"Church Street & 16th Street","area":0}},{"type":"Feature","geometry":{"type":"Point","coordinates":[-122.4287107,37.7646255]},"properties":{"id":5352315970,"category":"transit","name":"Church Street & 16th Street","area":0}},{"type":"Feature","geometry":{"type":"Point","coordinates":[-122.4283361,37.7612999]},"properties":{"id":5352315971,"category":"transit","name":"Church Street & 18th Street","area":0}},{"type":"Feature","geometry":{"type":"Point","coordinates":[-122.427731,37.7544047]},"properties":{"id":5352315973,"category":"transit","name":"Church Street & 22nd Street","area":0}},{"type":"Feature","geometry":{"type":"Point","coordinates":[-122.427714,37.754805]},"properties":{"id":5352315974,"category":"transit","name":"Church Street & 22nd Street","area":0}},{"type":"Feature","geometry":{"type":"Point","coordinates":[-122.4274526,37.7516987]},"properties":{"id":5352315976,"category":"transit","name":"Church Street & 24th Street","area":0}},{"type":"Feature","geometry":{"type":"Point","coordinates":[-122.4268098,37.7452123]},"properties":{"id":5352315978,"category":"transit","name":"Church Street & 28th Street","area":0}},{"type":"Feature","geometry":{"type":"Point","coordinates":[-122.4268669,37.7454083]},"properties":{"id":5352315979,"category":"transit","name":"Church Street & 28th Street","area":0}},{"type":"Feature","geometry":{"type":"Point","coordinates":[-122.4271156,37.7484017]},"properties":{"id":5352315982,"category":"transit","name":"Church Street & 26th Street","area":0}},{"type":"Feature","geometry":{"type":"Point","coordinates":[-122.4271737,37.7486167]},"properties":{"id":5352315983,"category":"transit","name":"Church Street & 26th Street","area":0}},{"type":"Feature","geometry":{"type":"Point","coordinates":[-122.4266069,37.7429019]},"properties":{"id":5352315985,"category":"transit","name":"Church Street & Day Street","area":0}},{"type":"Feature","geometry":{"type":"Point","coordinates":[-122.427042,37.7562928]},"properties":{"id":5352315992,"category":"transit","name":"Right of Way & 21st Street","area":0}},{"type":"Feature","geometry":{"type":"Point","coordinates":[-122.444842,37.7228438]},"properties":{"id":5352315993,"category":"transit","name":"San Jose Avenue & Ocean Avenue","area":0}},{"type":"Feature","geometry":{"type":"Point","coordinates":[-122.44469,37.7230813]},"properties":{"id":5352315994,"category":"transit","name":"San Jose Avenue & Ocean Avenue","area":0}},{"type":"Feature","geometry":{"type":"Point","coordinates":[-122.4242748,37.7395066]},"properties":{"id":5352315995,"category":"transit","name":"San Jose Avenue & Randall Street","area":0}},{"type":"Feature","geometry":{"type":"Point","coordinates":[-122.4400014,37.7289928]},"properties":{"id":5352315996,"category":"transit","name":"San Jose Avenue & Santa Rosa Avenue","area":0}},{"type":"Feature","geometry":{"type":"Point","coordinates":[-122.4396331,37.7291854]},"properties":{"id":5352315997,"category":"transit","name":"San Jose Avenue & Santa Rosa Avenue","area":0}},{"type":"Feature","geometry":{"type":"Point","coordinates":[-122.442437,37.7257117]},"properties":{"id":5352315998,"category":"transit","name":"San Jose Avenue & Santa Ynez Avenue","area":0}},{"type":"Feature","geometry":{"type":"Point","coordinates":[-122.442348,37.7258747]},"properties":{"id":5352315999,"category":"transit","name":"San Jose Avenue & Santa Ynez Avenue","area":0}},{"type":"Feature","geometry":{"type":"Point","coordinates":[-122.4291697,37.7694503]},"properties":{"id":5352469621,"category":"transit","name":"Duboce Avenue & Church Street","area":0}},{"type":"Feature","geometry":{"type":"Point","coordinates":[-122.4336698,37.7693083]},"properties":{"id":5352469623,"category":"transit","name":"Duboce Avenue & Noe Street","area":0}},{"type":"Feature","geometry":{"type":"Point","coordinates":[-122.4562219,37.7649954]},"properties":{"id":5354331156,"category":"transit","name":"Carl Street & Hillway Avenue","area":0}},{"type":"Feature","geometry":{"type":"Point","coordinates":[-122.4564649,37.7649956]},"properties":{"id":5354331157,"category":"transit","name":"Carl Street & Hillway Avenue","area":0}},{"type":"Feature","geometry":{"type":"Point","coordinates":[-122.4529328,37.7654149]},"properties":{"id":5354331158,"category":"transit","name":"Carl Street & Stanyan Street","area":0}},{"type":"Feature","geometry":{"type":"Point","coordinates":[-122.4526277,37.765484]},"properties":{"id":5354331159,"category":"transit","name":"Carl Street & Stanyan Street","area":0}},{"type":"Feature","geometry":{"type":"Point","coordinates":[-122.4622077,37.7642166]},"properties":{"id":5354331161,"category":"transit","name":"Irving Street & 5th Avenue","area":0}},{"type":"Feature","geometry":{"type":"Point","coordinates":[-122.4693599,37.7620585]},"properties":{"id":5354331164,"category":"transit","name":"Judah Street & 12th Avenue","area":0}},{"type":"Feature","geometry":{"type":"Point","coordinates":[-122.4727006,37.7618819]},"properties":{"id":5354331165,"category":"transit","name":"Judah Street & 15th Avenue","area":0}},{"type":"Feature","geometry":{"type":"Point","coordinates":[-122.4739175,37.7618606]},"properties":{"id":5354331166,"category":"transit","name":"Judah Street & 16th Avenue","area":0}},{"type":"Feature","geometry":{"type":"Point","coordinates":[-122.46644,37.7621741]},"properties":{"id":5354331168,"category":"transit","name":"Judah Street & 9th Avenue","area":0}},{"type":"Feature","geometry":{"type":"Point","coordinates":[-122.470605,37.7619751]},"properties":{"id":5354331170,"category":"transit","name":"Judah Street & Funston Avenue","area":0}},{"type":"Feature","geometry":{"type":"Point","coordinates":[-122.470364,37.7620157]},"properties":{"id":5354331171,"category":"transit","name":"Judah Street & Funston Avenue","area":0}},{"type":"Feature","geometry":{"type":"Point","coordinates":[-122.4795951,37.7615783]},"properties":{"id":5363464807,"category":"transit","name":"Judah Street & 22nd Avenue","area":0}},{"type":"Feature","geometry":{"type":"Point","coordinates":[-122.4866522,37.7612828]},"properties":{"id":5363464808,"category":"transit","name":"Judah Street & 28th Avenue","area":0}},{"type":"Feature","geometry":{"type":"Point","coordinates":[-122.42233,37.7423061]},"properties":{"id":5489356039,"category":"transit","name":"30th Street & Mission Street","area":0}},{"type":"Feature","geometry":{"type":"Point","coordinates":[-122.421978,37.7425444]},"properties":{"id":5489356040,"category":"transit","name":"Mission Street & 30th Street","area":0}},{"type":"Feature","geometry":{"type":"Point","coordinates":[-122.422194,37.742449]},"properties":{"id":5489356041,"category":"transit","name":"30th Street & Mission Street","area":0}},{"type":"Feature","geometry":{"type":"Point","coordinates":[-122.4457128,37.7585972]},"properties":{"id":5584599189,"category":"transit","name":"Clayton Street & Corbett Avenue","area":0}},{"type":"Feature","geometry":{"type":"Point","coordinates":[-122.4274677,37.8008246]},"properties":{"id":5586806057,"category":"transit","name":"Lombard Street & Gough Street","area":0}},{"type":"Feature","geometry":{"type":"Point","coordinates":[-122.389197,37.7695695]},"properties":{"id":5746264715,"category":"transit","name":"3rd Street & Gene Friend Way","area":0}},{"type":"Feature","geometry":{"type":"Point","coordinates":[-122.410412,37.7122254]},"properties":{"id":5790837332,"category":"transit","name":"Visitacion Avenue & Schwerin Street","area":0}},{"type":"Feature","geometry":{"type":"Point","coordinates":[-122.404564,37.7105752]},"properties":{"id":5790966641,"category":"transit","name":"Visitacion Avenue & Bayshore Boulevard","area":0}},{"type":"Feature","geometry":{"type":"Point","coordinates":[-122.413924,37.7160697]},"properties":{"id":5790972436,"category":"transit","name":"Visitacion Valley Middle School","area":0}},{"type":"Feature","geometry":{"type":"Point","coordinates":[-122.414249,37.7132955]},"properties":{"id":5790972437,"category":"transit","name":"Visitacion Avenue & Sawyer Street","area":0}},{"type":"Feature","geometry":{"type":"Point","coordinates":[-122.414553,37.713225]},"properties":{"id":5791157081,"category":"transit","name":"Visitacion Avenue & Sawyer Street","area":0}},{"type":"Feature","geometry":{"type":"Point","coordinates":[-122.418324,37.7187514]},"properties":{"id":5791157083,"category":"transit","name":"Mansell Street & John F. Shelley Drive","area":0}},{"type":"Feature","geometry":{"type":"Point","coordinates":[-122.41846,37.718634]},"properties":{"id":5791157084,"category":"transit","name":"Mansell Street & John F. Shelley Drive","area":0}},{"type":"Feature","geometry":{"type":"Point","coordinates":[-122.40346,37.7804562]},"properties":{"id":5791172853,"category":"transit","name":"5th Street & Folsom Street","area":0}},{"type":"Feature","geometry":{"type":"Point","coordinates":[-122.4037273,37.7804014]},"properties":{"id":5791172855,"category":"transit","name":"5th Street & Folsom Street","area":0}},{"type":"Feature","geometry":{"type":"Point","coordinates":[-122.5062922,37.7790355]},"properties":{"id":5814379815,"category":"transit","name":"Geary Boulevard & 45th Avenue","area":0}},{"type":"Feature","geometry":{"type":"Point","coordinates":[-122.403142,37.7803581]},"properties":{"id":5841552324,"category":"transit","name":"Folsom Street & 5th Street","area":0}},{"type":"Feature","geometry":{"type":"Point","coordinates":[-122.3976146,37.78841]},"properties":{"id":5845148875,"category":"transit","name":"Salesforce Transit Center Bay 10","area":0}},{"type":"Feature","geometry":{"type":"Point","coordinates":[-122.3974636,37.7885298]},"properties":{"id":5845153017,"category":"transit","name":"Salesforce Transit Center Bay 12","area":0}},{"type":"Feature","geometry":{"type":"Point","coordinates":[-122.3977629,37.7882925]},"properties":{"id":5845153078,"category":"transit","name":"Salesforce Transit Center Bay 8","area":0}},{"type":"Feature","geometry":{"type":"Point","coordinates":[-122.397317,37.788646]},"properties":{"id":5845156089,"category":"transit","name":"Salesforce Transit Center Bay 14","area":0}},{"type":"Feature","geometry":{"type":"Point","coordinates":[-122.3971643,37.7887652]},"properties":{"id":5845156122,"category":"transit","name":"Salesforce Transit Center Bay 16","area":0}},{"type":"Feature","geometry":{"type":"Point","coordinates":[-122.418737,37.7754355]},"properties":{"id":5845159705,"category":"transit","name":"Market Street & South Van Ness Avenue","area":0}},{"type":"Feature","geometry":{"type":"Point","coordinates":[-122.3979123,37.7881743]},"properties":{"id":5845161696,"category":"transit","name":"Salesforce Transit Center Bay 6","area":0}},{"type":"Feature","geometry":{"type":"Point","coordinates":[-122.3982126,37.7879354]},"properties":{"id":5845161767,"category":"transit","name":"Salesforce Transit Center Bay 2","area":0}},{"type":"Feature","geometry":{"type":"Point","coordinates":[-122.3980609,37.7880581]},"properties":{"id":5845162704,"category":"transit","name":"Salesforce Transit Center Bay 4","area":0}},{"type":"Feature","geometry":{"type":"Point","coordinates":[-122.3970491,37.7891052]},"properties":{"id":5845181426,"category":"transit","name":"Salesforce Transit Center Bay 17","area":0}},{"type":"Feature","geometry":{"type":"Point","coordinates":[-122.3966088,37.7894469]},"properties":{"id":5845182132,"category":"transit","name":"Salesforce Transit Center Bay 23","area":0}},{"type":"Feature","geometry":{"type":"Point","coordinates":[-122.3967247,37.789112]},"properties":{"id":5845182147,"category":"transit","name":"Salesforce Transit Center Bay 22","area":0}},{"type":"Feature","geometry":{"type":"Point","coordinates":[-122.3964558,37.7895658]},"properties":{"id":5845182161,"category":"transit","name":"Salesforce Transit Center Bay 25","area":0}},{"type":"Feature","geometry":{"type":"Point","coordinates":[-122.396569,37.7892342]},"properties":{"id":5845182179,"category":"transit","name":"Salesforce Transit Center Bay 24","area":0}},{"type":"Feature","geometry":{"type":"Point","coordinates":[-122.3969031,37.7892116]},"properties":{"id":5845183286,"category":"transit","name":"Salesforce Transit Center Bay 19","area":0}},{"type":"Feature","geometry":{"type":"Point","coordinates":[-122.397016,37.7888803]},"properties":{"id":5845183303,"category":"transit","name":"Salesforce Transit Center Bay 18","area":0}},{"type":"Feature","geometry":{"type":"Point","coordinates":[-122.3967541,37.7893309]},"properties":{"id":5845183329,"category":"transit","name":"Salesforce Transit Center Bay 21","area":0}},{"type":"Feature","geometry":{"type":"Point","coordinates":[-122.3968694,37.7889971]},"properties":{"id":5845183340,"category":"transit","name":"Salesforce Transit Center Bay 20","area":0}},{"type":"Feature","geometry":{"type":"Point","coordinates":[-122.397352,37.78947]},"properties":{"id":5845192381,"category":"transit","name":"1st Street & Mission Street","area":0}},{"type":"Feature","geometry":{"type":"Point","coordinates":[-122.3964173,37.789356]},"properties":{"id":5845192917,"category":"transit","name":"Salesforce Transit Center Bay 26","area":0}},{"type":"Feature","geometry":{"type":"Point","coordinates":[-122.3960355,37.7896616]},"properties":{"id":5845193883,"category":"transit","name":"Salesforce Transit Center Bay 28","area":0}},{"type":"Feature","geometry":{"type":"Point","coordinates":[-122.3954985,37.7903213]},"properties":{"id":5845194375,"category":"transit","name":"Salesforce Transit Center Bay 35","area":0}},{"type":"Feature","geometry":{"type":"Point","coordinates":[-122.3955414,37.7900509]},"properties":{"id":5845194789,"category":"transit","name":"Salesforce Transit Center Bay 34","area":0}},{"type":"Feature","geometry":{"type":"Point","coordinates":[-122.395874,37.789785]},"properties":{"id":5845194848,"category":"transit","name":"Salesforce Transit Center Bay 30","area":0}},{"type":"Feature","geometry":{"type":"Point","coordinates":[-122.3956478,37.7902042]},"properties":{"id":5845194860,"category":"transit","name":"Salesforce Transit Center Bay 33","area":0}},{"type":"Feature","geometry":{"type":"Point","coordinates":[-122.395689,37.7899276]},"properties":{"id":5845194877,"category":"transit","name":"Salesforce Transit Center Bay 32","area":0}},{"type":"Feature","geometry":{"type":"Point","coordinates":[-122.469972,37.707921]},"properties":{"id":5852347903,"category":"transit","name":"Daly City BART","area":0}},{"type":"Feature","geometry":{"type":"Point","coordinates":[-122.468852,37.7061923]},"properties":{"id":5852347904,"category":"transit","name":"Daly City BART","area":0}},{"type":"Feature","geometry":{"type":"Point","coordinates":[-122.469009,37.7060013]},"properties":{"id":5852347905,"category":"transit","name":"Daly City BART","area":0}},{"type":"Feature","geometry":{"type":"Point","coordinates":[-122.40971,37.7828636]},"properties":{"id":5854920839,"category":"transit","name":"Market Street & Mason Street","area":0}},{"type":"Feature","geometry":{"type":"Point","coordinates":[-122.407279,37.7847634]},"properties":{"id":5854920840,"category":"transit","name":"Market Street & Powell Street","area":0}},{"type":"Feature","geometry":{"type":"Point","coordinates":[-122.409336,37.7829012]},"properties":{"id":5854920864,"category":"transit","name":"Market Street & Mason Street","area":0}},{"type":"Feature","geometry":{"type":"Point","coordinates":[-122.411428,37.7812153]},"properties":{"id":5854920865,"category":"transit","name":"Market Street & Jones Street","area":0}},{"type":"Feature","geometry":{"type":"Point","coordinates":[-122.4132105,37.7798525]},"properties":{"id":5854920866,"category":"transit","name":"Market Street & 7th Street","area":0}},{"type":"Feature","geometry":{"type":"Point","coordinates":[-122.3966589,37.7930086]},"properties":{"id":5854920877,"category":"transit","name":"Market Street & Main Street","area":0}},{"type":"Feature","geometry":{"type":"Point","coordinates":[-122.412354,37.780785]},"properties":{"id":5854920978,"category":"transit","name":"Market Street & 7th Street North","area":0}},{"type":"Feature","geometry":{"type":"Point","coordinates":[-122.3959474,37.7899677]},"properties":{"id":5870674310,"category":"transit","name":"Salesforce Transit Center Bay 29","area":0}},{"type":"Feature","geometry":{"type":"Point","coordinates":[-122.3958009,37.7900853]},"properties":{"id":5870674314,"category":"transit","name":"Salesforce Transit Center Bay 31","area":0}},{"type":"Feature","geometry":{"type":"Point","coordinates":[-122.4806741,37.7726377]},"properties":{"id":5885992888,"category":"transit","name":"Fulton Street & 22nd Avenue","area":0}},{"type":"Feature","geometry":{"type":"Point","coordinates":[-122.4812166,37.7727978]},"properties":{"id":5885992891,"category":"transit","name":"Fulton Street & 22nd Avenue","area":0}},{"type":"Feature","geometry":{"type":"Point","coordinates":[-122.3979519,37.7883806]},"properties":{"id":5891260886,"category":"transit","name":"Salesforce Transit Center Bay 5","area":0}},{"type":"Feature","geometry":{"type":"Point","coordinates":[-122.3981018,37.7882679]},"properties":{"id":5891310685,"category":"transit","name":"Salesforce Transit Center Bay 3","area":0}},{"type":"Feature","geometry":{"type":"Point","coordinates":[-122.3978017,37.7885027]},"properties":{"id":5931071933,"category":"transit","name":"Salesforce Transit Center Bay 7","area":0}},{"type":"Feature","geometry":{"type":"Point","coordinates":[-122.3976533,37.7886209]},"properties":{"id":5931071934,"category":"transit","name":"Salesforce Transit Center Bay 9","area":0}},{"type":"Feature","geometry":{"type":"Point","coordinates":[-122.3959837,37.7901523]},"properties":{"id":5931071935,"category":"transit","name":"Salesforce Transit Center Bay A","area":0}},{"type":"Feature","geometry":{"type":"Point","coordinates":[-122.3957595,37.7899624]},"properties":{"id":5931071937,"category":"transit","name":"Salesforce Transit Center Bay C","area":0}},{"type":"Feature","geometry":{"type":"Point","coordinates":[-122.398252,37.7881512]},"properties":{"id":5931071940,"category":"transit","name":"Salesforce Transit Center Bay 1","area":0}},{"type":"Feature","geometry":{"type":"Point","coordinates":[-122.3975022,37.7887387]},"properties":{"id":5931071941,"category":"transit","name":"Salesforce Transit Center Bay 11","area":0}},{"type":"Feature","geometry":{"type":"Point","coordinates":[-122.3973525,37.7888579]},"properties":{"id":5931071942,"category":"transit","name":"Salesforce Transit Center Bay 13","area":0}},{"type":"Feature","geometry":{"type":"Point","coordinates":[-122.3972046,37.7889721]},"properties":{"id":5931071943,"category":"transit","name":"Salesforce Transit Center Bay 15","area":0}},{"type":"Feature","geometry":{"type":"Point","coordinates":[-122.3960983,37.7898461]},"properties":{"id":5931071944,"category":"transit","name":"Salesforce Transit Center Bay 27","area":0}},{"type":"Feature","geometry":{"type":"Point","coordinates":[-122.3953921,37.7901707]},"properties":{"id":5931071945,"category":"transit","name":"Salesforce Transit Center Bay 36","area":0}},{"type":"Feature","geometry":{"type":"Point","coordinates":[-122.4338051,37.7331037]},"properties":{"id":6133371922,"category":"transit","name":"Glen Park","area":0}},{"type":"Feature","geometry":{"type":"Point","coordinates":[-122.4475473,37.7214274]},"properties":{"id":6133371923,"category":"transit","name":"Balboa Park","area":0}},{"type":"Feature","geometry":{"type":"Point","coordinates":[-122.4688905,37.7063084]},"properties":{"id":6133371924,"category":"transit","name":"Daly City","area":0}},{"type":"Feature","geometry":{"type":"Point","coordinates":[-122.452567,37.723695]},"properties":{"id":6179425500,"category":"transit","name":"City College Terminal","area":0}},{"type":"Feature","geometry":{"type":"Point","coordinates":[-122.390839,37.7945037]},"properties":{"id":6195080125,"category":"transit","name":null,"area":0}},{"type":"Feature","geometry":{"type":"Point","coordinates":[-122.391178,37.7948678]},"properties":{"id":6195080131,"category":"transit","name":null,"area":0}},{"type":"Feature","geometry":{"type":"Point","coordinates":[-122.4261184,37.7909137]},"properties":{"id":6255158185,"category":"transit","name":"Sacramento Street & Gough Street","area":0}},{"type":"Feature","geometry":{"type":"Point","coordinates":[-122.409798,37.7482437]},"properties":{"id":6269069515,"category":"transit","name":"Cesar Chavez Street & Florida Street","area":0}},{"type":"Feature","geometry":{"type":"Point","coordinates":[-122.409518,37.7484432]},"properties":{"id":6269069525,"category":"transit","name":"Cesar Chavez Street & Florida Street","area":0}},{"type":"Feature","geometry":{"type":"Point","coordinates":[-122.411337,37.7484082]},"properties":{"id":6269074762,"category":"transit","name":"Cesar Chavez Street & Harrison Street","area":0}},{"type":"Feature","geometry":{"type":"Point","coordinates":[-122.411696,37.7482023]},"properties":{"id":6269074763,"category":"transit","name":"Cesar Chavez Street & Harrison Street","area":0}},{"type":"Feature","geometry":{"type":"Point","coordinates":[-122.4087361,37.7495074]},"properties":{"id":6269074764,"category":"transit","name":"Bryant Street & 26th Street","area":0}},{"type":"Feature","geometry":{"type":"Point","coordinates":[-122.408967,37.7497054]},"properties":{"id":6269074765,"category":"transit","name":"Bryant Street & 26th Street","area":0}},{"type":"Feature","geometry":{"type":"Point","coordinates":[-122.408887,37.751118]},"properties":{"id":6269074766,"category":"transit","name":"Bryant Street & 25th Street","area":0}},{"type":"Feature","geometry":{"type":"Point","coordinates":[-122.409111,37.7513055]},"properties":{"id":6269074767,"category":"transit","name":"Bryant Street & 25th Street","area":0}},{"type":"Feature","geometry":{"type":"Point","coordinates":[-122.406993,37.7513886]},"properties":{"id":6269074768,"category":"transit","name":"25th Street & Potrero Avenue","area":0}},{"type":"Feature","geometry":{"type":"Point","coordinates":[-122.409064,37.7530595]},"properties":{"id":6269074770,"category":"transit","name":"Bryant Street & 24th Street","area":0}},{"type":"Feature","geometry":{"type":"Point","coordinates":[-122.409245,37.7525802]},"properties":{"id":6269074771,"category":"transit","name":"Bryant Street & 24th Street","area":0}},{"type":"Feature","geometry":{"type":"Point","coordinates":[-122.408908,37.7527647]},"properties":{"id":6269074772,"category":"transit","name":"24th Street & Bryant Street","area":0}},{"type":"Feature","geometry":{"type":"Point","coordinates":[-122.409439,37.7528559]},"properties":{"id":6269074773,"category":"transit","name":"24th Street & Bryant Street","area":0}},{"type":"Feature","geometry":{"type":"Point","coordinates":[-122.465244,37.7733503]},"properties":{"id":6289559385,"category":"transit","name":"Fulton Street & 8th Avenue","area":0}},{"type":"Feature","geometry":{"type":"Point","coordinates":[-122.414692,37.7931571]},"properties":{"id":6290166987,"category":"transit","name":"Clay Street & Jones Street","area":0}},{"type":"Feature","geometry":{"type":"Point","coordinates":[-122.4627717,37.7851576]},"properties":{"id":6290170085,"category":"transit","name":"California Street & 4th Avenue","area":0}},{"type":"Feature","geometry":{"type":"Point","coordinates":[-122.397297,37.7752105]},"properties":{"id":6312955177,"category":"transit","name":"Townsend Street & 5th Street","area":0}},{"type":"Feature","geometry":{"type":"Point","coordinates":[-122.3993646,37.7908679]},"properties":{"id":6315233700,"category":"transit","name":"Market Street & 1st Street","area":0}},{"type":"Feature","geometry":{"type":"Point","coordinates":[-122.3989979,37.7912066]},"properties":{"id":6315233701,"category":"transit","name":"Market Street & Battery Street","area":0}},{"type":"Feature","geometry":{"type":"Point","coordinates":[-122.3966372,37.7936239]},"properties":{"id":6315233702,"category":"transit","name":"California Street & Drumm Street","area":0}},{"type":"Feature","geometry":{"type":"Point","coordinates":[-122.3977525,37.7934893]},"properties":{"id":6315233703,"category":"transit","name":"California Street & Davis Street","area":0}},{"type":"Feature","geometry":{"type":"Point","coordinates":[-122.3989422,37.7933391]},"properties":{"id":6315233704,"category":"transit","name":"California Street & Front Street","area":0}},{"type":"Feature","geometry":{"type":"Point","coordinates":[-122.4000975,37.7931914]},"properties":{"id":6315233705,"category":"transit","name":"California Street & Battery Street","area":0}},{"type":"Feature","geometry":{"type":"Point","coordinates":[-122.4012913,37.7930402]},"properties":{"id":6315233706,"category":"transit","name":"California Street & Sansome Street","area":0}},{"type":"Feature","geometry":{"type":"Point","coordinates":[-122.4029152,37.7928339]},"properties":{"id":6315233707,"category":"transit","name":"California Street & Montgomery Street","area":0}},{"type":"Feature","geometry":{"type":"Point","coordinates":[-122.4041521,37.7926772]},"properties":{"id":6315233708,"category":"transit","name":"California Street & Kearny Street","area":0}},{"type":"Feature","geometry":{"type":"Point","coordinates":[-122.4059105,37.792451]},"properties":{"id":6315233710,"category":"transit","name":"California Street & Grant Avenue","area":0}},{"type":"Feature","geometry":{"type":"Point","coordinates":[-122.4075207,37.7922434]},"properties":{"id":6315233711,"category":"transit","name":"California Street & Stockton Street","area":0}},{"type":"Feature","geometry":{"type":"Point","coordinates":[-122.409204,37.7922478]},"properties":{"id":6315233712,"category":"transit","name":"Powell Street & California Street","area":0}},{"type":"Feature","geometry":{"type":"Point","coordinates":[-122.409238,37.7922457]},"properties":{"id":6315233713,"category":"transit","name":"Powell Street & California Street","area":0}},{"type":"Feature","geometry":{"type":"Point","coordinates":[-122.409314,37.7920198]},"properties":{"id":6315233714,"category":"transit","name":"California Street & Powell Street","area":0}},{"type":"Feature","geometry":{"type":"Point","coordinates":[-122.4109725,37.7918104]},"properties":{"id":6315233715,"category":"transit","name":"California Street & Mason Street","area":0}},{"type":"Feature","geometry":{"type":"Point","coordinates":[-122.4125997,37.7916022]},"properties":{"id":6315233716,"category":"transit","name":"California Street & Taylor Street","area":0}},{"type":"Feature","geometry":{"type":"Point","coordinates":[-122.4140906,37.7914063]},"properties":{"id":6315233717,"category":"transit","name":"California Street & Jones Street","area":0}},{"type":"Feature","geometry":{"type":"Point","coordinates":[-122.4157287,37.7911965]},"properties":{"id":6315233718,"category":"transit","name":"California Street & Leavenworth Street","area":0}},{"type":"Feature","geometry":{"type":"Point","coordinates":[-122.417375,37.7909925]},"properties":{"id":6315233719,"category":"transit","name":"California Street & Hyde Street","area":0}},{"type":"Feature","geometry":{"type":"Point","coordinates":[-122.4192161,37.7907601]},"properties":{"id":6315233720,"category":"transit","name":"California Street & Larkin Street","area":0}},{"type":"Feature","geometry":{"type":"Point","coordinates":[-122.4208268,37.7905547]},"properties":{"id":6315233721,"category":"transit","name":"California Street & Polk Street","area":0}},{"type":"Feature","geometry":{"type":"Point","coordinates":[-122.4218697,37.790454]},"properties":{"id":6315233722,"category":"transit","name":"California Street & Van Ness Avenue","area":0}},{"type":"Feature","geometry":{"type":"Point","coordinates":[-122.408094,37.7865507]},"properties":{"id":6315233723,"category":"transit","name":"Powell Street & O'Farrell Street","area":0}},{"type":"Feature","geometry":{"type":"Point","coordinates":[-122.408011,37.7863076]},"properties":{"id":6315233724,"category":"transit","name":"Powell Street & O'Farrell Street","area":0}},{"type":"Feature","geometry":{"type":"Point","coordinates":[-122.408474,37.7884098]},"properties":{"id":6315233725,"category":"transit","name":"Powell Street & Post Street","area":0}},{"type":"Feature","geometry":{"type":"Point","coordinates":[-122.408595,37.7890377]},"properties":{"id":6315233726,"category":"transit","name":"Powell Street & Sutter Street","area":0}},{"type":"Feature","geometry":{"type":"Point","coordinates":[-122.40857,37.7890828]},"properties":{"id":6315233727,"category":"transit","name":"Powell Street & Sutter Street","area":0}},{"type":"Feature","geometry":{"type":"Point","coordinates":[-122.408825,37.7901854]},"properties":{"id":6315233728,"category":"transit","name":"Powell Street & Bush Street","area":0}},{"type":"Feature","geometry":{"type":"Point","coordinates":[-122.408793,37.7901938]},"properties":{"id":6315233729,"category":"transit","name":"Powell Street & Bush Street","area":0}},{"type":"Feature","geometry":{"type":"Point","coordinates":[-122.4120948,37.7982109]},"properties":{"id":6315233733,"category":"transit","name":"Mason Street & Vallejo Street","area":0}},{"type":"Feature","geometry":{"type":"Point","coordinates":[-122.4123023,37.7990522]},"properties":{"id":6315233734,"category":"transit","name":"Mason Street & Green Street","area":0}},{"type":"Feature","geometry":{"type":"Point","coordinates":[-122.4122808,37.7991225]},"properties":{"id":6315233735,"category":"transit","name":"Mason Street & Green Street","area":0}},{"type":"Feature","geometry":{"type":"Point","coordinates":[-122.4124615,37.8000342]},"properties":{"id":6315233736,"category":"transit","name":"Mason Street & Union Street","area":0}},{"type":"Feature","geometry":{"type":"Point","coordinates":[-122.4125036,37.8000154]},"properties":{"id":6315233737,"category":"transit","name":"Mason Street & Union Street","area":0}},{"type":"Feature","geometry":{"type":"Point","coordinates":[-122.4126578,37.8009804]},"properties":{"id":6315233738,"category":"transit","name":"Mason Street & Filbert Street","area":0}},{"type":"Feature","geometry":{"type":"Point","coordinates":[-122.4126894,37.800943]},"properties":{"id":6315233739,"category":"transit","name":"Mason Street & Filbert Street","area":0}},{"type":"Feature","geometry":{"type":"Point","coordinates":[-122.4128459,37.8019423]},"properties":{"id":6315233740,"category":"transit","name":"Mason Street & Greenwich Street","area":0}},{"type":"Feature","geometry":{"type":"Point","coordinates":[-122.4128675,37.8018681]},"properties":{"id":6315233741,"category":"transit","name":"Mason Street & Greenwich Street","area":0}},{"type":"Feature","geometry":{"type":"Point","coordinates":[-122.4135039,37.802657]},"properties":{"id":6315233742,"category":"transit","name":"Columbus Avenue & Lombard Street","area":0}},{"type":"Feature","geometry":{"type":"Point","coordinates":[-122.4139853,37.802877]},"properties":{"id":6315233743,"category":"transit","name":"Columbus Avenue & Lombard Street","area":0}},{"type":"Feature","geometry":{"type":"Point","coordinates":[-122.414623,37.8034333]},"properties":{"id":6315233744,"category":"transit","name":"Columbus Avenue & Chestnut Street","area":0}},{"type":"Feature","geometry":{"type":"Point","coordinates":[-122.4149509,37.8038146]},"properties":{"id":6315233745,"category":"transit","name":"Taylor Street & Columbus Avenue","area":0}},{"type":"Feature","geometry":{"type":"Point","coordinates":[-122.415031,37.8043645]},"properties":{"id":6315233746,"category":"transit","name":"Taylor Street & Francisco Street","area":0}},{"type":"Feature","geometry":{"type":"Point","coordinates":[-122.4152052,37.8050529]},"properties":{"id":6315233747,"category":"transit","name":"Taylor Street & Bay Street","area":0}},{"type":"Feature","geometry":{"type":"Point","coordinates":[-122.409798,37.7951465]},"properties":{"id":6315233748,"category":"transit","name":"Powell Street & Jackson Street","area":0}},{"type":"Feature","geometry":{"type":"Point","coordinates":[-122.41011,37.794685]},"properties":{"id":6315233749,"category":"transit","name":"Washington Street & Powell Street","area":0}},{"type":"Feature","geometry":{"type":"Point","coordinates":[-122.411037,37.794566]},"properties":{"id":6315233750,"category":"transit","name":"Washington Street & Mason Street","area":0}},{"type":"Feature","geometry":{"type":"Point","coordinates":[-122.411427,37.7945162]},"properties":{"id":6315233751,"category":"transit","name":"Washington Street & Mason Street","area":0}},{"type":"Feature","geometry":{"type":"Point","coordinates":[-122.413196,37.7952046]},"properties":{"id":6315233752,"category":"transit","name":"Jackson Street & Taylor Street","area":0}},{"type":"Feature","geometry":{"type":"Point","coordinates":[-122.413037,37.7943174]},"properties":{"id":6315233753,"category":"transit","name":"Washington Street & Taylor Street","area":0}},{"type":"Feature","geometry":{"type":"Point","coordinates":[-122.414717,37.7941166]},"properties":{"id":6315233754,"category":"transit","name":"Washington Street & Jones Street","area":0}},{"type":"Feature","geometry":{"type":"Point","coordinates":[-122.414851,37.794994]},"properties":{"id":6315233755,"category":"transit","name":"Jackson Street & Jones Street","area":0}},{"type":"Feature","geometry":{"type":"Point","coordinates":[-122.416339,37.7948038]},"properties":{"id":6315233756,"category":"transit","name":"Jackson Street & Leavenworth Street","area":0}},{"type":"Feature","geometry":{"type":"Point","coordinates":[-122.4163,37.7939078]},"properties":{"id":6315233757,"category":"transit","name":"Washington Street & Leavenworth Street","area":0}},{"type":"Feature","geometry":{"type":"Point","coordinates":[-122.4181154,37.7944121]},"properties":{"id":6315233758,"category":"transit","name":"Hyde Street & Jackson Street","area":0}},{"type":"Feature","geometry":{"type":"Point","coordinates":[-122.4179112,37.7946028]},"properties":{"id":6315233759,"category":"transit","name":"Jackson Street & Hyde Street","area":0}},{"type":"Feature","geometry":{"type":"Point","coordinates":[-122.409015,37.7910886]},"properties":{"id":6315233862,"category":"transit","name":"Powell Street & Pine Street","area":0}},{"type":"Feature","geometry":{"type":"Point","coordinates":[-122.408978,37.7911016]},"properties":{"id":6315233863,"category":"transit","name":"Powell Street & Pine Street","area":0}},{"type":"Feature","geometry":{"type":"Point","coordinates":[-122.409375,37.7929478]},"properties":{"id":6315233864,"category":"transit","name":"Powell Street & Sacramento Street","area":0}},{"type":"Feature","geometry":{"type":"Point","coordinates":[-122.409331,37.7928842]},"properties":{"id":6315233865,"category":"transit","name":"Powell Street & Sacramento Street","area":0}},{"type":"Feature","geometry":{"type":"Point","coordinates":[-122.409504,37.7937638]},"properties":{"id":6315233866,"category":"transit","name":"Powell Street & Clay Street","area":0}},{"type":"Feature","geometry":{"type":"Point","coordinates":[-122.409563,37.7938229]},"properties":{"id":6315233867,"category":"transit","name":"Powell Street & Clay Street","area":0}},{"type":"Feature","geometry":{"type":"Point","coordinates":[-122.411597,37.7957206]},"properties":{"id":6315233868,"category":"transit","name":"Mason Street & Jackson Street","area":0}},{"type":"Feature","geometry":{"type":"Point","coordinates":[-122.411698,37.7953953]},"properties":{"id":6315233869,"category":"transit","name":"Jackson Street & Mason Street","area":0}},{"type":"Feature","geometry":{"type":"Point","coordinates":[-122.41161,37.7956222]},"properties":{"id":6315233870,"category":"transit","name":"Mason Street & Jackson Street","area":0}},{"type":"Feature","geometry":{"type":"Point","coordinates":[-122.411716,37.7961368]},"properties":{"id":6315233871,"category":"transit","name":"Mason Street & Pacific Avenue","area":0}},{"type":"Feature","geometry":{"type":"Point","coordinates":[-122.411694,37.7962221]},"properties":{"id":6315233872,"category":"transit","name":"Mason Street & Pacific Avenue","area":0}},{"type":"Feature","geometry":{"type":"Point","coordinates":[-122.4118953,37.7972087]},"properties":{"id":6315233873,"category":"transit","name":"Mason Street & Broadway","area":0}},{"type":"Feature","geometry":{"type":"Point","coordinates":[-122.4119619,37.7973574]},"properties":{"id":6315233874,"category":"transit","name":"Mason Street & Broadway","area":0}},{"type":"Feature","geometry":{"type":"Point","coordinates":[-122.4121514,37.7982695]},"properties":{"id":6315233875,"category":"transit","name":"Mason Street & Vallejo Street","area":0}},{"type":"Feature","geometry":{"type":"Point","coordinates":[-122.3960693,37.7935405]},"properties":{"id":6315233951,"category":"transit","name":"Market Street & Drumm Street","area":0}},{"type":"Feature","geometry":{"type":"Point","coordinates":[-122.4348085,37.7625029]},"properties":{"id":6315233952,"category":"transit","name":"17th Street & Castro Street","area":0}},{"type":"Feature","geometry":{"type":"Point","coordinates":[-122.4333806,37.7639654]},"properties":{"id":6315233953,"category":"transit","name":"Market Street & Noe Street","area":0}},{"type":"Feature","geometry":{"type":"Point","coordinates":[-122.4327832,37.7644893]},"properties":{"id":6315233954,"category":"transit","name":"Market Street & Noe Street","area":0}},{"type":"Feature","geometry":{"type":"Point","coordinates":[-122.4312414,37.7656599]},"properties":{"id":6315233955,"category":"transit","name":"Market Street & Sanchez Street","area":0}},{"type":"Feature","geometry":{"type":"Point","coordinates":[-122.4271335,37.7689089]},"properties":{"id":6315233956,"category":"transit","name":"Market Street & Dolores Street","area":0}},{"type":"Feature","geometry":{"type":"Point","coordinates":[-122.426121,37.769801]},"properties":{"id":6315233957,"category":"transit","name":"Market Street & Buchanan Street","area":0}},{"type":"Feature","geometry":{"type":"Point","coordinates":[-122.4291718,37.7672887]},"properties":{"id":6315233958,"category":"transit","name":"Market Street & Church Street","area":0}},{"type":"Feature","geometry":{"type":"Point","coordinates":[-122.4286022,37.7678346]},"properties":{"id":6315233959,"category":"transit","name":"Market Street & Church Street","area":0}},{"type":"Feature","geometry":{"type":"Point","coordinates":[-122.425028,37.770563]},"properties":{"id":6315233960,"category":"transit","name":"Market Street & Guerrero Street","area":0}},{"type":"Feature","geometry":{"type":"Point","coordinates":[-122.424665,37.7709458]},"properties":{"id":6315233961,"category":"transit","name":"Market Street & Laguna Street","area":0}},{"type":"Feature","geometry":{"type":"Point","coordinates":[-122.422035,37.7728943]},"properties":{"id":6315233962,"category":"transit","name":"Market Street & Gough Street","area":0}},{"type":"Feature","geometry":{"type":"Point","coordinates":[-122.421759,37.773255]},"properties":{"id":6315233963,"category":"transit","name":"Market Street & Gough Street","area":0}},{"type":"Feature","geometry":{"type":"Point","coordinates":[-122.419532,37.7749251]},"properties":{"id":6315233964,"category":"transit","name":"Market Street & South Van Ness Avenue","area":0}},{"type":"Feature","geometry":{"type":"Point","coordinates":[-122.418986,37.7754085]},"properties":{"id":6315233965,"category":"transit","name":"Market Street & Van Ness Avenue","area":0}},{"type":"Feature","geometry":{"type":"Point","coordinates":[-122.416478,37.7773469]},"properties":{"id":6315233966,"category":"transit","name":"Market Street & 9th Street","area":0}},{"type":"Feature","geometry":{"type":"Point","coordinates":[-122.416129,37.7776687]},"properties":{"id":6315233967,"category":"transit","name":"Market Street & Larkin Street","area":0}},{"type":"Feature","geometry":{"type":"Point","coordinates":[-122.414937,37.7785608]},"properties":{"id":6315233968,"category":"transit","name":"Market Street & 8th Street","area":0}},{"type":"Feature","geometry":{"type":"Point","coordinates":[-122.414609,37.7788696]},"properties":{"id":6315233969,"category":"transit","name":"Market Street & Hyde Street","area":0}},{"type":"Feature","geometry":{"type":"Point","coordinates":[-122.412685,37.7803418]},"properties":{"id":6315233970,"category":"transit","name":"Market Street & 7th Street","area":0}},{"type":"Feature","geometry":{"type":"Point","coordinates":[-122.412351,37.7806545]},"properties":{"id":6315233971,"category":"transit","name":"Market Street & 7th Street North","area":0}},{"type":"Feature","geometry":{"type":"Point","coordinates":[-122.410615,37.7819794]},"properties":{"id":6315233972,"category":"transit","name":"Market Street & 6th Street","area":0}},{"type":"Feature","geometry":{"type":"Point","coordinates":[-122.410168,37.7823806]},"properties":{"id":6315233973,"category":"transit","name":"Market Street & Taylor Street","area":0}},{"type":"Feature","geometry":{"type":"Point","coordinates":[-122.408231,37.7838635]},"properties":{"id":6315233974,"category":"transit","name":"Market Street & 5th Street","area":0}},{"type":"Feature","geometry":{"type":"Point","coordinates":[-122.406242,37.785435]},"properties":{"id":6315233975,"category":"transit","name":"Market Street & 4th Street","area":0}},{"type":"Feature","geometry":{"type":"Point","coordinates":[-122.405732,37.7858843]},"properties":{"id":6315233976,"category":"transit","name":"Market Street & Stockton Street","area":0}},{"type":"Feature","geometry":{"type":"Point","coordinates":[-122.4037109,37.7874343]},"properties":{"id":6315233977,"category":"transit","name":"Market Street & 3rd Street","area":0}},{"type":"Feature","geometry":{"type":"Point","coordinates":[-122.4032436,37.7878535]},"properties":{"id":6315233978,"category":"transit","name":"Market Street & Kearny Street","area":0}},{"type":"Feature","geometry":{"type":"Point","coordinates":[-122.4021789,37.788642]},"properties":{"id":6315233979,"category":"transit","name":"Market Street & New Montgomery Street","area":0}},{"type":"Feature","geometry":{"type":"Point","coordinates":[-122.4012978,37.7893906]},"properties":{"id":6315233980,"category":"transit","name":"Market Street & 2nd Street","area":0}},{"type":"Feature","geometry":{"type":"Point","coordinates":[-122.4183024,37.7953414]},"properties":{"id":6315233992,"category":"transit","name":"Hyde Street & Pacific Avenue","area":0}},{"type":"Feature","geometry":{"type":"Point","coordinates":[-122.4182745,37.7953784]},"properties":{"id":6315233993,"category":"transit","name":"Hyde Street & Pacific Avenue","area":0}},{"type":"Feature","geometry":{"type":"Point","coordinates":[-122.418541,37.7965201]},"properties":{"id":6315233994,"category":"transit","name":"Hyde Street & Broadway","area":0}},{"type":"Feature","geometry":{"type":"Point","coordinates":[-122.418473,37.796374]},"properties":{"id":6315233995,"category":"transit","name":"Hyde Street & Broadway","area":0}},{"type":"Feature","geometry":{"type":"Point","coordinates":[-122.418704,37.7974999]},"properties":{"id":6315233996,"category":"transit","name":"Hyde Street & Vallejo Street","area":0}},{"type":"Feature","geometry":{"type":"Point","coordinates":[-122.41873,37.7974568]},"properties":{"id":6315233997,"category":"transit","name":"Hyde Street & Vallejo Street","area":0}},{"type":"Feature","geometry":{"type":"Point","coordinates":[-122.418922,37.7984019]},"properties":{"id":6315233998,"category":"transit","name":"Hyde Street & Green Street","area":0}},{"type":"Feature","geometry":{"type":"Point","coordinates":[-122.418842,37.7981874]},"properties":{"id":6315233999,"category":"transit","name":"Hyde Street & Green Street","area":0}},{"type":"Feature","geometry":{"type":"Point","coordinates":[-122.419109,37.7993295]},"properties":{"id":6315234000,"category":"transit","name":"Hyde Street & Union Street","area":0}},{"type":"Feature","geometry":{"type":"Point","coordinates":[-122.419059,37.799263]},"properties":{"id":6315234001,"category":"transit","name":"Hyde Street & Union Street","area":0}},{"type":"Feature","geometry":{"type":"Point","coordinates":[-122.419295,37.8002488]},"properties":{"id":6315234002,"category":"transit","name":"Hyde Street & Filbert Street","area":0}},{"type":"Feature","geometry":{"type":"Point","coordinates":[-122.419251,37.8002125]},"properties":{"id":6315234003,"category":"transit","name":"Hyde Street & Filbert Street","area":0}},{"type":"Feature","geometry":{"type":"Point","coordinates":[-122.4197925,37.802902]},"properties":{"id":6315234004,"category":"transit","name":"Hyde Street & Chestnut Street","area":0}},{"type":"Feature","geometry":{"type":"Point","coordinates":[-122.4198275,37.8028839]},"properties":{"id":6315234005,"category":"transit","name":"Hyde Street & Chestnut Street","area":0}},{"type":"Feature","geometry":{"type":"Point","coordinates":[-122.4201739,37.8047924]},"properties":{"id":6315234006,"category":"transit","name":"Hyde Street & Bay Street","area":0}},{"type":"Feature","geometry":{"type":"Point","coordinates":[-122.4202107,37.8047874]},"properties":{"id":6315234007,"category":"transit","name":"Hyde Street & Bay Street","area":0}},{"type":"Feature","geometry":{"type":"Point","coordinates":[-122.420342,37.8056262]},"properties":{"id":6315234008,"category":"transit","name":"Hyde Street & North Point Street","area":0}},{"type":"Feature","geometry":{"type":"Point","coordinates":[-122.4203941,37.8057134]},"properties":{"id":6315234009,"category":"transit","name":"Hyde Street & North Point Street","area":0}},{"type":"Feature","geometry":{"type":"Point","coordinates":[-122.420526,37.8065456]},"properties":{"id":6315234010,"category":"transit","name":"Hyde Street & Beach Street","area":0}},{"type":"Feature","geometry":{"type":"Point","coordinates":[-122.4209919,37.8068982]},"properties":{"id":6315234011,"category":"transit","name":"Hyde Street & Beach Street","area":0}},{"type":"Feature","geometry":{"type":"Point","coordinates":[-122.41941,37.8010022]},"properties":{"id":6315234019,"category":"transit","name":"Hyde Street & Greenwich Street","area":0}},{"type":"Feature","geometry":{"type":"Point","coordinates":[-122.4289919,37.7691982]},"properties":{"id":6338420953,"category":"transit","name":"Church Street & Duboce Avenue","area":0}},{"type":"Feature","geometry":{"type":"Point","coordinates":[-122.481496,37.7631516]},"properties":{"id":6341093691,"category":"transit","name":"23rd Avenue & Irving Street","area":0}},{"type":"Feature","geometry":{"type":"Point","coordinates":[-122.427109,37.7469978]},"properties":{"id":6347985795,"category":"transit","name":"Church Street & 27th Street","area":0}},{"type":"Feature","geometry":{"type":"Point","coordinates":[-122.426869,37.7468079]},"properties":{"id":6347985796,"category":"transit","name":"Church Street & 27th Street","area":0}},{"type":"Feature","geometry":{"type":"Point","coordinates":[-122.427112,37.7492096]},"properties":{"id":6347985797,"category":"transit","name":"Church Street & Clipper Street","area":0}},{"type":"Feature","geometry":{"type":"Point","coordinates":[-122.427341,37.749403]},"properties":{"id":6347985798,"category":"transit","name":"Church Street & Clipper Street","area":0}},{"type":"Feature","geometry":{"type":"Point","coordinates":[-122.4278153,37.7544008]},"properties":{"id":6347985801,"category":"transit","name":"Church Street & 22nd Street","area":0}},{"type":"Feature","geometry":{"type":"Point","coordinates":[-122.427665,37.754804]},"properties":{"id":6347985802,"category":"transit","name":"Church Street & 22nd Street","area":0}},{"type":"Feature","geometry":{"type":"Point","coordinates":[-122.508209,37.7602413]},"properties":{"id":6352715489,"category":"transit","name":"Judah Street & 48th Avenue","area":0}},{"type":"Feature","geometry":{"type":"Point","coordinates":[-122.509006,37.7603815]},"properties":{"id":6352715490,"category":"transit","name":"Judah Street & La Playa Street","area":0}},{"type":"Feature","geometry":{"type":"Point","coordinates":[-122.508632,37.7603214]},"properties":{"id":6352715491,"category":"transit","name":"Judah Street & La Playa Street","area":0}},{"type":"Feature","geometry":{"type":"Point","coordinates":[-122.495769,37.76088]},"properties":{"id":6352715493,"category":"transit","name":"Judah Street & Sunset Boulevard","area":0}},{"type":"Feature","geometry":{"type":"Point","coordinates":[-122.477032,37.761708]},"properties":{"id":6352715494,"category":"transit","name":"Judah Street & 19th Avenue","area":0}},{"type":"Feature","geometry":{"type":"Point","coordinates":[-122.4499754,37.7658084]},"properties":{"id":6352715499,"category":"transit","name":"Carl Street & Cole Street","area":0}},{"type":"Feature","geometry":{"type":"Point","coordinates":[-122.4586115,37.7644752]},"properties":{"id":6352715500,"category":"transit","name":"Irving Street & 2nd Avenue","area":0}},{"type":"Feature","geometry":{"type":"Point","coordinates":[-122.4583938,37.7643929]},"properties":{"id":6352715502,"category":"transit","name":"UCSF Parnassus","area":0}},{"type":"Feature","geometry":{"type":"Point","coordinates":[-122.4526414,37.7655339]},"properties":{"id":6353056636,"category":"transit","name":"Carl Street & Stanyan Street","area":0}},{"type":"Feature","geometry":{"type":"Point","coordinates":[-122.456213,37.7649556]},"properties":{"id":6353056637,"category":"transit","name":"Carl Street & Hillway Avenue","area":0}},{"type":"Feature","geometry":{"type":"Point","coordinates":[-122.4564792,37.7650413]},"properties":{"id":6353056638,"category":"transit","name":"Carl Street & Hillway Avenue","area":0}},{"type":"Feature","geometry":{"type":"Point","coordinates":[-122.4622063,37.7641803]},"properties":{"id":6353056639,"category":"transit","name":"Irving Street & 5th Avenue","area":0}},{"type":"Feature","geometry":{"type":"Point","coordinates":[-122.462988,37.7642341]},"properties":{"id":6353056642,"category":"transit","name":"Irving Street & 6th Avenue","area":0}},{"type":"Feature","geometry":{"type":"Point","coordinates":[-122.470615,37.7619005]},"properties":{"id":6353127886,"category":"transit","name":"Judah Street & Funston Avenue","area":0}},{"type":"Feature","geometry":{"type":"Point","coordinates":[-122.470366,37.7620904]},"properties":{"id":6353127887,"category":"transit","name":"Judah Street & Funston Avenue","area":0}},{"type":"Feature","geometry":{"type":"Point","coordinates":[-122.4656336,37.7411405]},"properties":{"id":6353538601,"category":"transit","name":"West Portal","area":0}},{"type":"Feature","geometry":{"type":"Point","coordinates":[-122.504462,37.7381782]},"properties":{"id":6356951850,"category":"transit","name":"46th Avenue & Vicente Street","area":0}},{"type":"Feature","geometry":{"type":"Point","coordinates":[-122.504286,37.7379213]},"properties":{"id":6356951851,"category":"transit","name":"46th Avenue & Vicente Street","area":0}},{"type":"Feature","geometry":{"type":"Point","coordinates":[-122.504419,37.739799]},"properties":{"id":6356951852,"category":"transit","name":"46th Avenue & Ulloa Street","area":0}},{"type":"Feature","geometry":{"type":"Point","coordinates":[-122.5046,37.7400298]},"properties":{"id":6356951853,"category":"transit","name":"46th Avenue & Ulloa Street","area":0}},{"type":"Feature","geometry":{"type":"Point","coordinates":[-122.5043653,37.7418388]},"properties":{"id":6356951854,"category":"transit","name":"Taraval Street & 46th Avenue","area":0}},{"type":"Feature","geometry":{"type":"Point","coordinates":[-122.5026626,37.7418259]},"properties":{"id":6356951855,"category":"transit","name":"Taraval Street & 44th Avenue","area":0}},{"type":"Feature","geometry":{"type":"Point","coordinates":[-122.5023283,37.7419327]},"properties":{"id":6356951856,"category":"transit","name":"Taraval Street & 44th Avenue","area":0}},{"type":"Feature","geometry":{"type":"Point","coordinates":[-122.5005172,37.7419219]},"properties":{"id":6356951857,"category":"transit","name":"Taraval Street & 42nd Avenue","area":0}},{"type":"Feature","geometry":{"type":"Point","coordinates":[-122.50018,37.7420277]},"properties":{"id":6356951858,"category":"transit","name":"Taraval Street & 42nd Avenue","area":0}},{"type":"Feature","geometry":{"type":"Point","coordinates":[-122.4983768,37.7420169]},"properties":{"id":6356951859,"category":"transit","name":"Taraval Street & 40th Avenue","area":0}},{"type":"Feature","geometry":{"type":"Point","coordinates":[-122.4980461,37.7421207]},"properties":{"id":6356951860,"category":"transit","name":"Taraval Street & 40th Avenue","area":0}},{"type":"Feature","geometry":{"type":"Point","coordinates":[-122.489777,37.7423479]},"properties":{"id":6356951861,"category":"transit","name":"Taraval Street & 32nd Avenue","area":0}},{"type":"Feature","geometry":{"type":"Point","coordinates":[-122.489524,37.7425425]},"properties":{"id":6356951862,"category":"transit","name":"Taraval Street & 32nd Avenue","area":0}},{"type":"Feature","geometry":{"type":"Point","coordinates":[-122.487636,37.7424395]},"properties":{"id":6356951863,"category":"transit","name":"Taraval Street & 30th Avenue","area":0}},{"type":"Feature","geometry":{"type":"Point","coordinates":[-122.487366,37.7426356]},"properties":{"id":6356951864,"category":"transit","name":"Taraval Street & 30th Avenue","area":0}},{"type":"Feature","geometry":{"type":"Point","coordinates":[-122.483359,37.7426305]},"properties":{"id":6356951865,"category":"transit","name":"Taraval Street & 26th Avenue","area":0}},{"type":"Feature","geometry":{"type":"Point","coordinates":[-122.483091,37.742817]},"properties":{"id":6356951866,"category":"transit","name":"Taraval Street & 26th Avenue","area":0}},{"type":"Feature","geometry":{"type":"Point","coordinates":[-122.47371,37.7430536]},"properties":{"id":6356951869,"category":"transit","name":"Taraval Street & 17th Avenue","area":0}},{"type":"Feature","geometry":{"type":"Point","coordinates":[-122.471452,37.7430995]},"properties":{"id":6356951870,"category":"transit","name":"15th Avenue & Taraval Street","area":0}},{"type":"Feature","geometry":{"type":"Point","coordinates":[-122.471282,37.7430832]},"properties":{"id":6356951871,"category":"transit","name":"15th Avenue & Taraval Street","area":0}},{"type":"Feature","geometry":{"type":"Point","coordinates":[-122.468817,37.7414151]},"properties":{"id":6356951872,"category":"transit","name":"Ulloa Street & Forest Side Avenue","area":0}},{"type":"Feature","geometry":{"type":"Point","coordinates":[-122.468383,37.7415816]},"properties":{"id":6356951873,"category":"transit","name":"Ulloa Street & Forest Side Avenue","area":0}},{"type":"Feature","geometry":{"type":"Point","coordinates":[-122.479458,37.7428892]},"properties":{"id":6356983016,"category":"transit","name":"Taraval Street & 22nd Avenue","area":0}},{"type":"Feature","geometry":{"type":"Point","coordinates":[-122.504565,37.7361113]},"properties":{"id":6356992399,"category":"transit","name":"Wawona Street & 46th Avenue","area":0}},{"type":"Feature","geometry":{"type":"Point","coordinates":[-122.504462,37.736096]},"properties":{"id":6356992400,"category":"transit","name":"Wawona Street & 46th Avenue","area":0}},{"type":"Feature","geometry":{"type":"Point","coordinates":[-122.494461,37.7422281]},"properties":{"id":6356992405,"category":"transit","name":"Taraval Street & Sunset Boulevard","area":0}},{"type":"Feature","geometry":{"type":"Point","coordinates":[-122.462345,37.7132503]},"properties":{"id":6358807679,"category":"transit","name":"Broad Street & Orizaba Avenue","area":0}},{"type":"Feature","geometry":{"type":"Point","coordinates":[-122.459171,37.7130895]},"properties":{"id":6358807680,"category":"transit","name":"Broad Street & Capitol Avenue","area":0}},{"type":"Feature","geometry":{"type":"Point","coordinates":[-122.458909,37.7132613]},"properties":{"id":6358807681,"category":"transit","name":"Broad Street & Capitol Avenue","area":0}},{"type":"Feature","geometry":{"type":"Point","coordinates":[-122.4612321,37.7249647]},"properties":{"id":6358812315,"category":"transit","name":"Ocean Avenue & Jules Avenue","area":0}},{"type":"Feature","geometry":{"type":"Point","coordinates":[-122.447638,37.719256]},"properties":{"id":6358813957,"category":"transit","name":"San Jose Avenue & Niagara Avenue","area":0}},{"type":"Feature","geometry":{"type":"Point","coordinates":[-122.472168,37.7168976]},"properties":{"id":6358813958,"category":"transit","name":"19th Avenue & Junipero Serra Boulevard","area":0}},{"type":"Feature","geometry":{"type":"Point","coordinates":[-122.471746,37.7161354]},"properties":{"id":6358813959,"category":"transit","name":"19th Avenue & North Randolph Street","area":0}},{"type":"Feature","geometry":{"type":"Point","coordinates":[-122.470197,37.7148204]},"properties":{"id":6358813960,"category":"transit","name":"19th Avenue & Randolph Street","area":0}},{"type":"Feature","geometry":{"type":"Point","coordinates":[-122.470092,37.714406]},"properties":{"id":6358813961,"category":"transit","name":"19th Avenue & Randolph Street","area":0}},{"type":"Feature","geometry":{"type":"Point","coordinates":[-122.463621,37.7142115]},"properties":{"id":6358813962,"category":"transit","name":"Randolph Street & Bright Street","area":0}},{"type":"Feature","geometry":{"type":"Point","coordinates":[-122.463406,37.7144004]},"properties":{"id":6358813963,"category":"transit","name":"Randolph Street & Bright Street","area":0}},{"type":"Feature","geometry":{"type":"Point","coordinates":[-122.462687,37.7133328]},"properties":{"id":6358813964,"category":"transit","name":"Orizaba Avenue & Broad Street","area":0}},{"type":"Feature","geometry":{"type":"Point","coordinates":[-122.4560697,37.7131984]},"properties":{"id":6358814400,"category":"transit","name":"Broad Street & Plymouth Avenue","area":0}},{"type":"Feature","geometry":{"type":"Point","coordinates":[-122.467109,37.7142778]},"properties":{"id":6358814406,"category":"transit","name":"Randolph Street & Arch Street","area":0}},{"type":"Feature","geometry":{"type":"Point","coordinates":[-122.40009,37.7931215]},"properties":{"id":6361437425,"category":"transit","name":"California Street & Battery Street","area":0}},{"type":"Feature","geometry":{"type":"Point","coordinates":[-122.510023,37.7731375]},"properties":{"id":6363058877,"category":"transit","name":"La Playa Street & Cabrillo Street","area":0}},{"type":"Feature","geometry":{"type":"Point","coordinates":[-122.509241,37.7733065]},"properties":{"id":6363059027,"category":"transit","name":"Cabrillo Street & La Playa Street","area":0}},{"type":"Feature","geometry":{"type":"Point","coordinates":[-122.4636433,37.7771743]},"properties":{"id":6363919511,"category":"transit","name":"Balboa Street & 6th Avenue","area":0}},{"type":"Feature","geometry":{"type":"Point","coordinates":[-122.405998,37.7942617]},"properties":{"id":6366521236,"category":"transit","name":"Clay Street & Grant Avenue","area":0}},{"type":"Feature","geometry":{"type":"Point","coordinates":[-122.407619,37.7940589]},"properties":{"id":6366521237,"category":"transit","name":"Clay Street & Stockton Street","area":0}},{"type":"Feature","geometry":{"type":"Point","coordinates":[-122.410844,37.7936433]},"properties":{"id":6366521238,"category":"transit","name":"Clay Street & Mason Street","area":0}},{"type":"Feature","geometry":{"type":"Point","coordinates":[-122.412475,37.7934423]},"properties":{"id":6366521239,"category":"transit","name":"Clay Street & Taylor Street","area":0}},{"type":"Feature","geometry":{"type":"Point","coordinates":[-122.416275,37.7929539]},"properties":{"id":6366521240,"category":"transit","name":"Clay Street & Leavenworth Street","area":0}},{"type":"Feature","geometry":{"type":"Point","coordinates":[-122.417923,37.7927432]},"properties":{"id":6366521241,"category":"transit","name":"Clay Street & Hyde Street","area":0}},{"type":"Feature","geometry":{"type":"Point","coordinates":[-122.419567,37.7925186]},"properties":{"id":6366521242,"category":"transit","name":"Clay Street & Larkin Street","area":0}},{"type":"Feature","geometry":{"type":"Point","coordinates":[-122.424542,37.7918847]},"properties":{"id":6366521243,"category":"transit","name":"Clay Street & Franklin Street","area":0}},{"type":"Feature","geometry":{"type":"Point","coordinates":[-122.4276147,37.7906137]},"properties":{"id":6366521244,"category":"transit","name":"Sacramento Street & Octavia Street","area":0}},{"type":"Feature","geometry":{"type":"Point","coordinates":[-122.429228,37.7903902]},"properties":{"id":6366521245,"category":"transit","name":"Sacramento Street & Laguna Street","area":0}},{"type":"Feature","geometry":{"type":"Point","coordinates":[-122.4309038,37.7901695]},"properties":{"id":6366521246,"category":"transit","name":"Sacramento Street & Buchanan Street","area":0}},{"type":"Feature","geometry":{"type":"Point","coordinates":[-122.4325778,37.7899635]},"properties":{"id":6366521247,"category":"transit","name":"Sacramento Street & Webster Street","area":0}},{"type":"Feature","geometry":{"type":"Point","coordinates":[-122.4338021,37.7898054]},"properties":{"id":6366521248,"category":"transit","name":"Sacramento Street & Fillmore Street","area":0}},{"type":"Feature","geometry":{"type":"Point","coordinates":[-122.4340363,37.7887877]},"properties":{"id":6366521249,"category":"transit","name":"California Street & Fillmore Street","area":0}},{"type":"Feature","geometry":{"type":"Point","coordinates":[-122.4355905,37.7895109]},"properties":{"id":6366521251,"category":"transit","name":"Steiner Street & Sacramento Street","area":0}},{"type":"Feature","geometry":{"type":"Point","coordinates":[-122.4367799,37.7884541]},"properties":{"id":6366521252,"category":"transit","name":"California Street & Pierce Street","area":0}},{"type":"Feature","geometry":{"type":"Point","coordinates":[-122.4472486,37.7871277]},"properties":{"id":6366521253,"category":"transit","name":"California Street & Presidio Avenue","area":0}},{"type":"Feature","geometry":{"type":"Point","coordinates":[-122.4562257,37.7859749]},"properties":{"id":6366521255,"category":"transit","name":"California Street & Cherry Street","area":0}},{"type":"Feature","geometry":{"type":"Point","coordinates":[-122.4690051,37.7845297]},"properties":{"id":6366521256,"category":"transit","name":"California Street & 10th Avenue","area":0}},{"type":"Feature","geometry":{"type":"Point","coordinates":[-122.4755535,37.7842365]},"properties":{"id":6366521257,"category":"transit","name":"California Street & 16th Avenue","area":0}},{"type":"Feature","geometry":{"type":"Point","coordinates":[-122.4752473,37.7844206]},"properties":{"id":6366521258,"category":"transit","name":"California Street & 16th Avenue","area":0}},{"type":"Feature","geometry":{"type":"Point","coordinates":[-122.4691482,37.784697]},"properties":{"id":6366521259,"category":"transit","name":"California Street & 10th Avenue","area":0}},{"type":"Feature","geometry":{"type":"Point","coordinates":[-122.4623157,37.7853845]},"properties":{"id":6366521260,"category":"transit","name":"California Street & 4th Avenue","area":0}},{"type":"Feature","geometry":{"type":"Point","coordinates":[-122.4596174,37.7857242]},"properties":{"id":6366521261,"category":"transit","name":"California Street & Arguello Boulevard","area":0}},{"type":"Feature","geometry":{"type":"Point","coordinates":[-122.4472343,37.7873082]},"properties":{"id":6366521262,"category":"transit","name":"California Street & Presidio Avenue","area":0}},{"type":"Feature","geometry":{"type":"Point","coordinates":[-122.4374355,37.7885525]},"properties":{"id":6366521263,"category":"transit","name":"California Street & Pierce Street","area":0}},{"type":"Feature","geometry":{"type":"Point","coordinates":[-122.4356137,37.7888535]},"properties":{"id":6366521264,"category":"transit","name":"Steiner Street & California Street","area":0}},{"type":"Feature","geometry":{"type":"Point","coordinates":[-122.4343718,37.7898937]},"properties":{"id":6366521265,"category":"transit","name":"Sacramento Street & Fillmore Street","area":0}},{"type":"Feature","geometry":{"type":"Point","coordinates":[-122.4322338,37.7901419]},"properties":{"id":6366521266,"category":"transit","name":"Sacramento Street & Webster Street","area":0}},{"type":"Feature","geometry":{"type":"Point","coordinates":[-122.4305873,37.7903484]},"properties":{"id":6366521267,"category":"transit","name":"Sacramento Street & Buchanan Street","area":0}},{"type":"Feature","geometry":{"type":"Point","coordinates":[-122.4288539,37.7905675]},"properties":{"id":6366521268,"category":"transit","name":"Sacramento Street & Laguna Street","area":0}},{"type":"Feature","geometry":{"type":"Point","coordinates":[-122.4274503,37.7907455]},"properties":{"id":6366521269,"category":"transit","name":"Sacramento Street & Octavia Street","area":0}},{"type":"Feature","geometry":{"type":"Point","coordinates":[-122.424053,37.7911812]},"properties":{"id":6366521270,"category":"transit","name":"Sacramento Street & Franklin Street","area":0}},{"type":"Feature","geometry":{"type":"Point","coordinates":[-122.417458,37.7920056]},"properties":{"id":6366521271,"category":"transit","name":"Sacramento Street & Hyde Street","area":0}},{"type":"Feature","geometry":{"type":"Point","coordinates":[-122.398506,37.7925117]},"properties":{"id":6366569887,"category":"transit","name":"Pine Street & Front Street","area":0}},{"type":"Feature","geometry":{"type":"Point","coordinates":[-122.400826,37.7919731]},"properties":{"id":6366569888,"category":"transit","name":"Sansome Street & Pine Street","area":0}},{"type":"Feature","geometry":{"type":"Point","coordinates":[-122.400949,37.7910845]},"properties":{"id":6366569889,"category":"transit","name":"Bush Street & Sansome Street","area":0}},{"type":"Feature","geometry":{"type":"Point","coordinates":[-122.4337061,37.7877332]},"properties":{"id":6368210988,"category":"transit","name":"Fillmore Street & Pine Street","area":0}},{"type":"Feature","geometry":{"type":"Point","coordinates":[-122.4336405,37.7881713]},"properties":{"id":6368210989,"category":"transit","name":"Fillmore Street & Pine Street","area":0}},{"type":"Feature","geometry":{"type":"Point","coordinates":[-122.4341405,37.7899894]},"properties":{"id":6368210990,"category":"transit","name":"Fillmore Street & Sacramento Street","area":0}},{"type":"Feature","geometry":{"type":"Point","coordinates":[-122.4339172,37.7897234]},"properties":{"id":6368210991,"category":"transit","name":"Fillmore Street & Sacramento Street","area":0}},{"type":"Feature","geometry":{"type":"Point","coordinates":[-122.4410769,37.7915449]},"properties":{"id":6368210992,"category":"transit","name":"Divisadero Street & Jackson Street","area":0}},{"type":"Feature","geometry":{"type":"Point","coordinates":[-122.432918,37.7917181]},"properties":{"id":6368210993,"category":"transit","name":"Washington Street & Webster Street","area":0}},{"type":"Feature","geometry":{"type":"Point","coordinates":[-122.4332312,37.7927206]},"properties":{"id":6368210994,"category":"transit","name":"Jackson Street & Webster Street","area":0}},{"type":"Feature","geometry":{"type":"Point","coordinates":[-122.4346215,37.7922243]},"properties":{"id":6368210995,"category":"transit","name":"Fillmore Street & Jackson Street","area":0}},{"type":"Feature","geometry":{"type":"Point","coordinates":[-122.434796,37.792517]},"properties":{"id":6368210996,"category":"transit","name":"Jackson Street & Fillmore Street","area":0}},{"type":"Feature","geometry":{"type":"Point","coordinates":[-122.4360959,37.7923462]},"properties":{"id":6368210997,"category":"transit","name":"Jackson Street & Steiner Street","area":0}},{"type":"Feature","geometry":{"type":"Point","coordinates":[-122.4363739,37.7921951]},"properties":{"id":6368210998,"category":"transit","name":"Jackson Street & Steiner Street","area":0}},{"type":"Feature","geometry":{"type":"Point","coordinates":[-122.4393983,37.7919305]},"properties":{"id":6368210999,"category":"transit","name":"Jackson Street & Scott Street","area":0}},{"type":"Feature","geometry":{"type":"Point","coordinates":[-122.4396362,37.7917791]},"properties":{"id":6368211000,"category":"transit","name":"Jackson Street & Scott Street","area":0}},{"type":"Feature","geometry":{"type":"Point","coordinates":[-122.4410489,37.7917243]},"properties":{"id":6368211001,"category":"transit","name":"Jackson Street & Divisadero Street","area":0}},{"type":"Feature","geometry":{"type":"Point","coordinates":[-122.4413363,37.7915613]},"properties":{"id":6368211002,"category":"transit","name":"Jackson Street & Divisadero Street","area":0}},{"type":"Feature","geometry":{"type":"Point","coordinates":[-122.4441558,37.7911835]},"properties":{"id":6368211003,"category":"transit","name":"Jackson Street & Baker Street","area":0}},{"type":"Feature","geometry":{"type":"Point","coordinates":[-122.4443447,37.7913022]},"properties":{"id":6368211004,"category":"transit","name":"Jackson Street & Baker Street","area":0}},{"type":"Feature","geometry":{"type":"Point","coordinates":[-122.447413,37.7909139]},"properties":{"id":6368211005,"category":"transit","name":"Jackson Street & Presidio Avenue","area":0}},{"type":"Feature","geometry":{"type":"Point","coordinates":[-122.4474113,37.7906611]},"properties":{"id":6368211006,"category":"transit","name":"Presidio Avenue & Jackson Street","area":0}},{"type":"Feature","geometry":{"type":"Point","coordinates":[-122.4472852,37.7891796]},"properties":{"id":6368211007,"category":"transit","name":"Presidio Avenue & Clay Street","area":0}},{"type":"Feature","geometry":{"type":"Point","coordinates":[-122.4470667,37.7889702]},"properties":{"id":6368211008,"category":"transit","name":"Presidio Avenue & Clay Street","area":0}},{"type":"Feature","geometry":{"type":"Point","coordinates":[-122.448365,37.7879488]},"properties":{"id":6368211009,"category":"transit","name":"Sacramento Street & Walnut Street","area":0}},{"type":"Feature","geometry":{"type":"Point","coordinates":[-122.448453,37.7872677]},"properties":{"id":6368211010,"category":"transit","name":"Walnut Street & California Street","area":0}},{"type":"Feature","geometry":{"type":"Point","coordinates":[-122.44711,37.788111]},"properties":{"id":6368211011,"category":"transit","name":"Sacramento Street & Presidio Avenue","area":0}},{"type":"Feature","geometry":{"type":"Point","coordinates":[-122.402019,37.7909536]},"properties":{"id":6368211012,"category":"transit","name":"Bush Street & Montgomery Street","area":0}},{"type":"Feature","geometry":{"type":"Point","coordinates":[-122.468925,37.7828424]},"properties":{"id":6368211013,"category":"transit","name":"Clement Street & 10th Avenue","area":0}},{"type":"Feature","geometry":{"type":"Point","coordinates":[-122.4668829,37.782929]},"properties":{"id":6368211014,"category":"transit","name":"Clement Street & 8th Avenue","area":0}},{"type":"Feature","geometry":{"type":"Point","coordinates":[-122.464804,37.7830259]},"properties":{"id":6368211015,"category":"transit","name":"Clement Street & 6th Avenue","area":0}},{"type":"Feature","geometry":{"type":"Point","coordinates":[-122.459388,37.7832766]},"properties":{"id":6368211017,"category":"transit","name":"Clement Street & Arguello Boulevard","area":0}},{"type":"Feature","geometry":{"type":"Point","coordinates":[-122.4593002,37.7853936]},"properties":{"id":6368211237,"category":"transit","name":"Arguello Boulevard & California Street","area":0}},{"type":"Feature","geometry":{"type":"Point","coordinates":[-122.421505,37.7876756]},"properties":{"id":6368211238,"category":"transit","name":"Sutter Street & Van Ness Avenue","area":0}},{"type":"Feature","geometry":{"type":"Point","coordinates":[-122.4188,37.7880151]},"properties":{"id":6368211239,"category":"transit","name":"Sutter Street & Larkin Street","area":0}},{"type":"Feature","geometry":{"type":"Point","coordinates":[-122.394507,37.7920791]},"properties":{"id":6368211242,"category":"transit","name":"Mission Street & Main Street","area":0}},{"type":"Feature","geometry":{"type":"Point","coordinates":[-122.458959,37.7836477]},"properties":{"id":6368211254,"category":"transit","name":"Arguello Boulevard & Euclid Avenue","area":0}},{"type":"Feature","geometry":{"type":"Point","coordinates":[-122.4599001,37.7830774]},"properties":{"id":6368211255,"category":"transit","name":"Clement Street & 2nd Avenue","area":0}},{"type":"Feature","geometry":{"type":"Point","coordinates":[-122.4619851,37.7829931]},"properties":{"id":6368211256,"category":"transit","name":"Clement Street & 4th Avenue","area":0}},{"type":"Feature","geometry":{"type":"Point","coordinates":[-122.464207,37.7828791]},"properties":{"id":6368211257,"category":"transit","name":"Clement Street & 6th Avenue","area":0}},{"type":"Feature","geometry":{"type":"Point","coordinates":[-122.4662994,37.7827898]},"properties":{"id":6368211258,"category":"transit","name":"Clement Street & 8th Avenue","area":0}},{"type":"Feature","geometry":{"type":"Point","coordinates":[-122.4684437,37.7826888]},"properties":{"id":6368211259,"category":"transit","name":"Clement Street & 10th Avenue","area":0}},{"type":"Feature","geometry":{"type":"Point","coordinates":[-122.4710004,37.7825803]},"properties":{"id":6368211260,"category":"transit","name":"Clement Street & 12th Avenue","area":0}},{"type":"Feature","geometry":{"type":"Point","coordinates":[-122.393599,37.7930534]},"properties":{"id":6370811833,"category":"transit","name":"Mission Street & Spear Street","area":0}},{"type":"Feature","geometry":{"type":"Point","coordinates":[-122.393985,37.7912086]},"properties":{"id":6370811835,"category":"transit","name":"Main Street & Howard Street","area":0}},{"type":"Feature","geometry":{"type":"Point","coordinates":[-122.395086,37.7920783]},"properties":{"id":6370811838,"category":"transit","name":"Main Street & Mission Street","area":0}},{"type":"Feature","geometry":{"type":"Point","coordinates":[-122.393685,37.793752]},"properties":{"id":6370811840,"category":"transit","name":"Steuart Street & Don Chee Way","area":0}},{"type":"Feature","geometry":{"type":"Point","coordinates":[-122.4110359,37.8077921]},"properties":{"id":6371296688,"category":"transit","name":"Beach Street & Stockton Street","area":0}},{"type":"Feature","geometry":{"type":"Point","coordinates":[-122.414349,37.807371]},"properties":{"id":6371296692,"category":"transit","name":"Beach Street & Mason Street","area":0}},{"type":"Feature","geometry":{"type":"Point","coordinates":[-122.417437,37.807414]},"properties":{"id":6371296693,"category":"transit","name":"Jones Street & Beach Street","area":0}},{"type":"Feature","geometry":{"type":"Point","coordinates":[-122.415326,37.8083522]},"properties":{"id":6371296694,"category":"transit","name":"Jefferson Street & Taylor Street","area":0}},{"type":"Feature","geometry":{"type":"Point","coordinates":[-122.413368,37.8086012]},"properties":{"id":6371296695,"category":"transit","name":"Jefferson Street & Powell Street","area":0}},{"type":"Feature","geometry":{"type":"Point","coordinates":[-122.393545,37.7939628]},"properties":{"id":6371296698,"category":"transit","name":"Don Chee Way & Steuart Street","area":0}},{"type":"Feature","geometry":{"type":"Point","coordinates":[-122.393636,37.7940391]},"properties":{"id":6371296699,"category":"transit","name":"Don Chee Way & Steuart Street","area":0}},{"type":"Feature","geometry":{"type":"Point","coordinates":[-122.425534,37.8052282]},"properties":{"id":6374700897,"category":"transit","name":"Van Ness Avenue & North Point Street","area":0}},{"type":"Feature","geometry":{"type":"Point","coordinates":[-122.4364704,37.8022673]},"properties":{"id":6374700899,"category":"transit","name":"Fillmore Street & Bay Street","area":0}},{"type":"Feature","geometry":{"type":"Point","coordinates":[-122.4472168,37.7971773]},"properties":{"id":6374700901,"category":"transit","name":"Lyon Street & Greenwich Street","area":0}},{"type":"Feature","geometry":{"type":"Point","coordinates":[-122.453291,37.774866]},"properties":{"id":6374700903,"category":"transit","name":"Fulton Street & Shrader Street","area":0}},{"type":"Feature","geometry":{"type":"Point","coordinates":[-122.459762,37.7063955]},"properties":{"id":6374700907,"category":"transit","name":"Mission Street & San Jose Avenue","area":0}},{"type":"Feature","geometry":{"type":"Point","coordinates":[-122.407471,37.7395314]},"properties":{"id":6374700909,"category":"transit","name":"Cortland Avenue & Bayshore Boulevard","area":0}},{"type":"Feature","geometry":{"type":"Point","coordinates":[-122.389268,37.7605299]},"properties":{"id":6374700912,"category":"transit","name":"20th Street & 3rd Street","area":0}},{"type":"Feature","geometry":{"type":"Point","coordinates":[-122.469397,37.74897]},"properties":{"id":6374754878,"category":"transit","name":"Quintara Street & Funston Avenue","area":0}},{"type":"Feature","geometry":{"type":"Point","coordinates":[-122.469735,37.7488664]},"properties":{"id":6374754879,"category":"transit","name":"Quintara Street & Funston Avenue","area":0}},{"type":"Feature","geometry":{"type":"Point","coordinates":[-122.467114,37.7489752]},"properties":{"id":6374754880,"category":"transit","name":"Quintara Street & Cragmont Avenue","area":0}},{"type":"Feature","geometry":{"type":"Point","coordinates":[-122.467665,37.7491055]},"properties":{"id":6374754881,"category":"transit","name":"Quintara Street & Cragmont Avenue","area":0}},{"type":"Feature","geometry":{"type":"Point","coordinates":[-122.466299,37.7493137]},"properties":{"id":6374754882,"category":"transit","name":"10th Avenue & Quintara Street","area":0}},{"type":"Feature","geometry":{"type":"Point","coordinates":[-122.466439,37.7491969]},"properties":{"id":6374754883,"category":"transit","name":"10th Avenue & Quintara Street","area":0}},{"type":"Feature","geometry":{"type":"Point","coordinates":[-122.466559,37.7507679]},"properties":{"id":6374754884,"category":"transit","name":"10th Avenue & Pacheco Street","area":0}},{"type":"Feature","geometry":{"type":"Point","coordinates":[-122.4569037,37.763678]},"properties":{"id":6374754951,"category":"transit","name":"Parnassus Avenue & Hillway Avenue","area":0}},{"type":"Feature","geometry":{"type":"Point","coordinates":[-122.4543623,37.7642176]},"properties":{"id":6374754952,"category":"transit","name":"Parnassus Avenue & Willard Street","area":0}},{"type":"Feature","geometry":{"type":"Point","coordinates":[-122.4545157,37.7643677]},"properties":{"id":6374754953,"category":"transit","name":"Parnassus Avenue & Willard Street","area":0}},{"type":"Feature","geometry":{"type":"Point","coordinates":[-122.4527638,37.7644334]},"properties":{"id":6374754954,"category":"transit","name":"Parnassus Avenue & Stanyan Street","area":0}},{"type":"Feature","geometry":{"type":"Point","coordinates":[-122.4528934,37.7645497]},"properties":{"id":6374754955,"category":"transit","name":"Parnassus Avenue & Stanyan Street","area":0}},{"type":"Feature","geometry":{"type":"Point","coordinates":[-122.4513602,37.7646062]},"properties":{"id":6374754956,"category":"transit","name":"Parnassus Avenue & Shrader Street","area":0}},{"type":"Feature","geometry":{"type":"Point","coordinates":[-122.4510783,37.7647821]},"properties":{"id":6374754957,"category":"transit","name":"Parnassus Avenue & Shrader Street","area":0}},{"type":"Feature","geometry":{"type":"Point","coordinates":[-122.4499018,37.7647838]},"properties":{"id":6374754958,"category":"transit","name":"Parnassus Avenue & Cole Street","area":0}},{"type":"Feature","geometry":{"type":"Point","coordinates":[-122.4501472,37.7649014]},"properties":{"id":6374754959,"category":"transit","name":"Parnassus Avenue & Cole Street","area":0}},{"type":"Feature","geometry":{"type":"Point","coordinates":[-122.4477545,37.7652671]},"properties":{"id":6374754960,"category":"transit","name":"Clayton Street & Parnassus Avenue","area":0}},{"type":"Feature","geometry":{"type":"Point","coordinates":[-122.4477924,37.7662456]},"properties":{"id":6374754961,"category":"transit","name":"Clayton Street & Carl Street","area":0}},{"type":"Feature","geometry":{"type":"Point","coordinates":[-122.4479471,37.7661952]},"properties":{"id":6374754962,"category":"transit","name":"Clayton Street & Carl Street","area":0}},{"type":"Feature","geometry":{"type":"Point","coordinates":[-122.434186,37.7717192]},"properties":{"id":6374754963,"category":"transit","name":"Haight Street & Pierce Street","area":0}},{"type":"Feature","geometry":{"type":"Point","coordinates":[-122.466404,37.750833]},"properties":{"id":6374754985,"category":"transit","name":"10th Avenue & Pacheco Street","area":0}},{"type":"Feature","geometry":{"type":"Point","coordinates":[-122.465688,37.7527693]},"properties":{"id":6374754986,"category":"transit","name":"Ortega Street & 9th Avenue","area":0}},{"type":"Feature","geometry":{"type":"Point","coordinates":[-122.466512,37.7526707]},"properties":{"id":6374754987,"category":"transit","name":"10th Avenue & Ortega Street","area":0}},{"type":"Feature","geometry":{"type":"Point","coordinates":[-122.466466,37.7529146]},"properties":{"id":6374754988,"category":"transit","name":"Ortega Street & 10th Avenue","area":0}},{"type":"Feature","geometry":{"type":"Point","coordinates":[-122.465639,37.7529877]},"properties":{"id":6374754989,"category":"transit","name":"9th Avenue & Ortega Street","area":0}},{"type":"Feature","geometry":{"type":"Point","coordinates":[-122.465607,37.7546106]},"properties":{"id":6374754990,"category":"transit","name":"9th Avenue & Noriega Street","area":0}},{"type":"Feature","geometry":{"type":"Point","coordinates":[-122.465779,37.7548523]},"properties":{"id":6374754991,"category":"transit","name":"9th Avenue & Noriega Street","area":0}},{"type":"Feature","geometry":{"type":"Point","coordinates":[-122.465705,37.7564451]},"properties":{"id":6374754992,"category":"transit","name":"9th Avenue & Moraga Street","area":0}},{"type":"Feature","geometry":{"type":"Point","coordinates":[-122.465909,37.7567124]},"properties":{"id":6374754993,"category":"transit","name":"9th Avenue & Moraga Street","area":0}},{"type":"Feature","geometry":{"type":"Point","coordinates":[-122.46586,37.7583245]},"properties":{"id":6374754994,"category":"transit","name":"9th Avenue & Lawton Street","area":0}},{"type":"Feature","geometry":{"type":"Point","coordinates":[-122.465981,37.7601408]},"properties":{"id":6374754995,"category":"transit","name":"9th Avenue & Kirkham Street","area":0}},{"type":"Feature","geometry":{"type":"Point","coordinates":[-122.466175,37.7604801]},"properties":{"id":6374754996,"category":"transit","name":"9th Avenue & Kirkham Street","area":0}},{"type":"Feature","geometry":{"type":"Point","coordinates":[-122.466266,37.7619942]},"properties":{"id":6374754997,"category":"transit","name":"9th Avenue & Judah Street","area":0}},{"type":"Feature","geometry":{"type":"Point","coordinates":[-122.466089,37.761963]},"properties":{"id":6374754998,"category":"transit","name":"9th Avenue & Judah Street","area":0}},{"type":"Feature","geometry":{"type":"Point","coordinates":[-122.464257,37.762189]},"properties":{"id":6374754999,"category":"transit","name":"Judah Street & 7th Avenue","area":0}},{"type":"Feature","geometry":{"type":"Point","coordinates":[-122.46443,37.7623458]},"properties":{"id":6374755000,"category":"transit","name":"Judah Street & 7th Avenue","area":0}},{"type":"Feature","geometry":{"type":"Point","coordinates":[-122.462815,37.762415]},"properties":{"id":6374755001,"category":"transit","name":"Judah Street & 6th Avenue","area":0}},{"type":"Feature","geometry":{"type":"Point","coordinates":[-122.4620636,37.7622812]},"properties":{"id":6374755002,"category":"transit","name":"Judah Street & 5th Avenue","area":0}},{"type":"Feature","geometry":{"type":"Point","coordinates":[-122.4587785,37.7633263]},"properties":{"id":6374755003,"category":"transit","name":"500 Parnassus Avenue","area":0}},{"type":"Feature","geometry":{"type":"Point","coordinates":[-122.4581925,37.7633138]},"properties":{"id":6374755004,"category":"transit","name":"513 Parnassus Avenue","area":0}},{"type":"Feature","geometry":{"type":"Point","coordinates":[-122.461032,37.7625091]},"properties":{"id":6374755005,"category":"transit","name":"Parnassus Avenue & 4th Avenue","area":0}},{"type":"Feature","geometry":{"type":"Point","coordinates":[-122.4606481,37.7627848]},"properties":{"id":6374755006,"category":"transit","name":"Parnassus Avenue & 4th Avenue","area":0}},{"type":"Feature","geometry":{"type":"Point","coordinates":[-122.4569502,37.763845]},"properties":{"id":6374755007,"category":"transit","name":"Parnassus Avenue & Hillway Avenue","area":0}},{"type":"Feature","geometry":{"type":"Point","coordinates":[-122.416071,37.7826166]},"properties":{"id":6374841137,"category":"transit","name":"Turk Street & Hyde Street","area":0}},{"type":"Feature","geometry":{"type":"Point","coordinates":[-122.41278,37.7830479]},"properties":{"id":6374841138,"category":"transit","name":"Turk Street & Jones Street","area":0}},{"type":"Feature","geometry":{"type":"Point","coordinates":[-122.410083,37.7833861]},"properties":{"id":6374841139,"category":"transit","name":"Turk Street & Taylor Street","area":0}},{"type":"Feature","geometry":{"type":"Point","coordinates":[-122.4541016,37.7747628]},"properties":{"id":6374841140,"category":"transit","name":"Fulton Street & Stanyan Street","area":0}},{"type":"Feature","geometry":{"type":"Point","coordinates":[-122.4442731,37.7742407]},"properties":{"id":6374841142,"category":"transit","name":"Hayes Street & Central Avenue","area":0}},{"type":"Feature","geometry":{"type":"Point","coordinates":[-122.444593,37.7740795]},"properties":{"id":6374841143,"category":"transit","name":"Hayes Street & Central Avenue","area":0}},{"type":"Feature","geometry":{"type":"Point","coordinates":[-122.4429581,37.7742852]},"properties":{"id":6374841144,"category":"transit","name":"Hayes Street & Lyon Street","area":0}},{"type":"Feature","geometry":{"type":"Point","coordinates":[-122.4413336,37.7744818]},"properties":{"id":6374841145,"category":"transit","name":"Hayes Street & Baker Street","area":0}},{"type":"Feature","geometry":{"type":"Point","coordinates":[-122.441485,37.7746101]},"properties":{"id":6374841146,"category":"transit","name":"Hayes Street & Baker Street","area":0}},{"type":"Feature","geometry":{"type":"Point","coordinates":[-122.4379993,37.7749225]},"properties":{"id":6374841147,"category":"transit","name":"Hayes Street & Divisadero Street","area":0}},{"type":"Feature","geometry":{"type":"Point","coordinates":[-122.4381111,37.7750373]},"properties":{"id":6374841148,"category":"transit","name":"Hayes Street & Divisadero Street","area":0}},{"type":"Feature","geometry":{"type":"Point","coordinates":[-122.434314,37.775384]},"properties":{"id":6374841149,"category":"transit","name":"Hayes Street & Pierce Street","area":0}},{"type":"Feature","geometry":{"type":"Point","coordinates":[-122.434454,37.7755096]},"properties":{"id":6374841150,"category":"transit","name":"Hayes Street & Pierce Street","area":0}},{"type":"Feature","geometry":{"type":"Point","coordinates":[-122.432511,37.7756155]},"properties":{"id":6374841151,"category":"transit","name":"Hayes Street & Steiner Street","area":0}},{"type":"Feature","geometry":{"type":"Point","coordinates":[-122.433128,37.7756732]},"properties":{"id":6374841152,"category":"transit","name":"Hayes Street & Steiner Street","area":0}},{"type":"Feature","geometry":{"type":"Point","coordinates":[-122.431511,37.7758777]},"properties":{"id":6374841153,"category":"transit","name":"Hayes Street & Fillmore Street","area":0}},{"type":"Feature","geometry":{"type":"Point","coordinates":[-122.43091,37.7758101]},"properties":{"id":6374841154,"category":"transit","name":"Hayes Street & Fillmore Street","area":0}},{"type":"Feature","geometry":{"type":"Point","coordinates":[-122.429193,37.7760292]},"properties":{"id":6374841155,"category":"transit","name":"Hayes Street & Webster Street","area":0}},{"type":"Feature","geometry":{"type":"Point","coordinates":[-122.4299406,37.7760862]},"properties":{"id":6374841156,"category":"transit","name":"Hayes Street & Webster Street","area":0}},{"type":"Feature","geometry":{"type":"Point","coordinates":[-122.428215,37.7763083]},"properties":{"id":6374841157,"category":"transit","name":"Hayes Street & Buchanan Street","area":0}},{"type":"Feature","geometry":{"type":"Point","coordinates":[-122.427654,37.7762207]},"properties":{"id":6374841158,"category":"transit","name":"Hayes Street & Buchanan Street","area":0}},{"type":"Feature","geometry":{"type":"Point","coordinates":[-122.423366,37.7777397]},"properties":{"id":6374841159,"category":"transit","name":"Grove Street & Gough Street","area":0}},{"type":"Feature","geometry":{"type":"Point","coordinates":[-122.423365,37.7769197]},"properties":{"id":6374841160,"category":"transit","name":"Hayes Street & Gough Street","area":0}},{"type":"Feature","geometry":{"type":"Point","coordinates":[-122.420202,37.7773253]},"properties":{"id":6374841161,"category":"transit","name":"Hayes Street & Van Ness Avenue","area":0}},{"type":"Feature","geometry":{"type":"Point","coordinates":[-122.4556045,37.7776565]},"properties":{"id":6374841438,"category":"transit","name":"Turk Street & Stanyan Street","area":0}},{"type":"Feature","geometry":{"type":"Point","coordinates":[-122.45364,37.7777237]},"properties":{"id":6374841439,"category":"transit","name":"Turk Street & Parker Avenue","area":0}},{"type":"Feature","geometry":{"type":"Point","coordinates":[-122.4532239,37.7779653]},"properties":{"id":6374841440,"category":"transit","name":"Turk Street & Parker Avenue","area":0}},{"type":"Feature","geometry":{"type":"Point","coordinates":[-122.4519416,37.7781253]},"properties":{"id":6374841441,"category":"transit","name":"Turk Street & Chabot Terrace","area":0}},{"type":"Feature","geometry":{"type":"Point","coordinates":[-122.4494407,37.7782262]},"properties":{"id":6374841442,"category":"transit","name":"Turk Street & Roselyn Terrace","area":0}},{"type":"Feature","geometry":{"type":"Point","coordinates":[-122.4496456,37.7784247]},"properties":{"id":6374841443,"category":"transit","name":"Turk Street & Roselyn Terrace","area":0}},{"type":"Feature","geometry":{"type":"Point","coordinates":[-122.445476,37.7787418]},"properties":{"id":6374841444,"category":"transit","name":"Turk Street & Central Avenue","area":0}},{"type":"Feature","geometry":{"type":"Point","coordinates":[-122.445302,37.7789658]},"properties":{"id":6374841445,"category":"transit","name":"Turk Street & Central Avenue","area":0}},{"type":"Feature","geometry":{"type":"Point","coordinates":[-122.443832,37.7789523]},"properties":{"id":6374841446,"category":"transit","name":"Turk Street & Lyon Street","area":0}},{"type":"Feature","geometry":{"type":"Point","coordinates":[-122.443625,37.779185]},"properties":{"id":6374841447,"category":"transit","name":"Turk Street & Lyon Street","area":0}},{"type":"Feature","geometry":{"type":"Point","coordinates":[-122.442384,37.7793411]},"properties":{"id":6374841448,"category":"transit","name":"Turk Street & Baker Street","area":0}},{"type":"Feature","geometry":{"type":"Point","coordinates":[-122.442224,37.779164]},"properties":{"id":6374841449,"category":"transit","name":"Turk Street & Baker Street","area":0}},{"type":"Feature","geometry":{"type":"Point","coordinates":[-122.440569,37.779357]},"properties":{"id":6374841450,"category":"transit","name":"Turk Street & Broderick Street","area":0}},{"type":"Feature","geometry":{"type":"Point","coordinates":[-122.440303,37.7795554]},"properties":{"id":6374841451,"category":"transit","name":"Turk Street & Broderick Street","area":0}},{"type":"Feature","geometry":{"type":"Point","coordinates":[-122.439017,37.780328]},"properties":{"id":6374841452,"category":"transit","name":"Divisadero Street & Eddy Street","area":0}},{"type":"Feature","geometry":{"type":"Point","coordinates":[-122.438792,37.7804204]},"properties":{"id":6374841453,"category":"transit","name":"Divisadero Street & Eddy Street","area":0}},{"type":"Feature","geometry":{"type":"Point","coordinates":[-122.438533,37.7805803]},"properties":{"id":6374841454,"category":"transit","name":"Eddy Street & Divisadero Street","area":0}},{"type":"Feature","geometry":{"type":"Point","coordinates":[-122.43741,37.7807235]},"properties":{"id":6374841455,"category":"transit","name":"Eddy Street & Scott Street","area":0}},{"type":"Feature","geometry":{"type":"Point","coordinates":[-122.437142,37.7808936]},"properties":{"id":6374841456,"category":"transit","name":"Eddy Street & Scott Street","area":0}},{"type":"Feature","geometry":{"type":"Point","coordinates":[-122.43577,37.7809357]},"properties":{"id":6374841457,"category":"transit","name":"Eddy Street & Pierce Street","area":0}},{"type":"Feature","geometry":{"type":"Point","coordinates":[-122.435503,37.7811064]},"properties":{"id":6374841458,"category":"transit","name":"Eddy Street & Pierce Street","area":0}},{"type":"Feature","geometry":{"type":"Point","coordinates":[-122.432599,37.7813403]},"properties":{"id":6374841459,"category":"transit","name":"Eddy Street & Fillmore Street","area":0}},{"type":"Feature","geometry":{"type":"Point","coordinates":[-122.432213,37.7815163]},"properties":{"id":6374841460,"category":"transit","name":"Eddy Street & Fillmore Street","area":0}},{"type":"Feature","geometry":{"type":"Point","coordinates":[-122.429185,37.781778]},"properties":{"id":6374841461,"category":"transit","name":"Eddy Street & Buchanan Street","area":0}},{"type":"Feature","geometry":{"type":"Point","coordinates":[-122.428912,37.7819459]},"properties":{"id":6374841462,"category":"transit","name":"Eddy Street & Buchanan Street","area":0}},{"type":"Feature","geometry":{"type":"Point","coordinates":[-122.424441,37.7825114]},"properties":{"id":6374841463,"category":"transit","name":"Eddy Street & Gough Street","area":0}},{"type":"Feature","geometry":{"type":"Point","coordinates":[-122.424334,37.7823932]},"properties":{"id":6374841464,"category":"transit","name":"Eddy Street & Gough Street","area":0}},{"type":"Feature","geometry":{"type":"Point","coordinates":[-122.409509,37.7842758]},"properties":{"id":6374841465,"category":"transit","name":"Eddy Street & Mason Street","area":0}},{"type":"Feature","geometry":{"type":"Point","coordinates":[-122.410657,37.7841159]},"properties":{"id":6374841466,"category":"transit","name":"Eddy Street & Taylor Street","area":0}},{"type":"Feature","geometry":{"type":"Point","coordinates":[-122.417155,37.7824862]},"properties":{"id":6374841467,"category":"transit","name":"Turk Street & Larkin Street","area":0}},{"type":"Feature","geometry":{"type":"Point","coordinates":[-122.508041,37.7732786]},"properties":{"id":6374841848,"category":"transit","name":"Cabrillo Street & 47th Avenue","area":0}},{"type":"Feature","geometry":{"type":"Point","coordinates":[-122.5077537,37.7734579]},"properties":{"id":6374841849,"category":"transit","name":"Cabrillo Street & 47th Avenue","area":0}},{"type":"Feature","geometry":{"type":"Point","coordinates":[-122.5058466,37.7735819]},"properties":{"id":6374841850,"category":"transit","name":"45th Avenue & Cabrillo Street","area":0}},{"type":"Feature","geometry":{"type":"Point","coordinates":[-122.505692,37.7737401]},"properties":{"id":6374841851,"category":"transit","name":"45th Avenue & Cabrillo Street","area":0}},{"type":"Feature","geometry":{"type":"Point","coordinates":[-122.4975361,37.7756391]},"properties":{"id":6374841852,"category":"transit","name":"Balboa Street & 37th Avenue","area":0}},{"type":"Feature","geometry":{"type":"Point","coordinates":[-122.4945789,37.775934]},"properties":{"id":6374841853,"category":"transit","name":"Balboa Street & 34th Avenue","area":0}},{"type":"Feature","geometry":{"type":"Point","coordinates":[-122.4942811,37.7757908]},"properties":{"id":6374841854,"category":"transit","name":"Balboa Street & 34th Avenue","area":0}},{"type":"Feature","geometry":{"type":"Point","coordinates":[-122.4921446,37.7758782]},"properties":{"id":6374841855,"category":"transit","name":"Balboa Street & 32nd Avenue","area":0}},{"type":"Feature","geometry":{"type":"Point","coordinates":[-122.491858,37.7760588]},"properties":{"id":6374841856,"category":"transit","name":"Balboa Street & 32nd Avenue","area":0}},{"type":"Feature","geometry":{"type":"Point","coordinates":[-122.4900103,37.77597]},"properties":{"id":6374841857,"category":"transit","name":"Balboa Street & 30th Avenue","area":0}},{"type":"Feature","geometry":{"type":"Point","coordinates":[-122.4901486,37.7761393]},"properties":{"id":6374841858,"category":"transit","name":"Balboa Street & 30th Avenue","area":0}},{"type":"Feature","geometry":{"type":"Point","coordinates":[-122.4879084,37.7760755]},"properties":{"id":6374841859,"category":"transit","name":"Balboa Street & 28th Avenue","area":0}},{"type":"Feature","geometry":{"type":"Point","coordinates":[-122.4874499,37.776257]},"properties":{"id":6374841860,"category":"transit","name":"Balboa Street & 28th Avenue","area":0}},{"type":"Feature","geometry":{"type":"Point","coordinates":[-122.4848123,37.7763793]},"properties":{"id":6374841861,"category":"transit","name":"Balboa Street & 25th Avenue","area":0}},{"type":"Feature","geometry":{"type":"Point","coordinates":[-122.484175,37.7762368]},"properties":{"id":6374841862,"category":"transit","name":"Balboa Street & 25th Avenue","area":0}},{"type":"Feature","geometry":{"type":"Point","coordinates":[-122.4825055,37.7763163]},"properties":{"id":6374841863,"category":"transit","name":"Balboa Street & 23rd Avenue","area":0}},{"type":"Feature","geometry":{"type":"Point","coordinates":[-122.4821952,37.7765008]},"properties":{"id":6374841864,"category":"transit","name":"Balboa Street & 23rd Avenue","area":0}},{"type":"Feature","geometry":{"type":"Point","coordinates":[-122.4804095,37.7764146]},"properties":{"id":6374841865,"category":"transit","name":"Balboa Street & 21st Avenue","area":0}},{"type":"Feature","geometry":{"type":"Point","coordinates":[-122.4800501,37.7765935]},"properties":{"id":6374841866,"category":"transit","name":"Balboa Street & 21st Avenue","area":0}},{"type":"Feature","geometry":{"type":"Point","coordinates":[-122.4782577,37.7765102]},"properties":{"id":6374841867,"category":"transit","name":"Balboa Street & 19th Avenue","area":0}},{"type":"Feature","geometry":{"type":"Point","coordinates":[-122.4778563,37.7766908]},"properties":{"id":6374841868,"category":"transit","name":"Balboa Street & 19th Avenue","area":0}},{"type":"Feature","geometry":{"type":"Point","coordinates":[-122.4705863,37.7768631]},"properties":{"id":6374841869,"category":"transit","name":"Balboa Street & 12th Avenue","area":0}},{"type":"Feature","geometry":{"type":"Point","coordinates":[-122.4702872,37.7770433]},"properties":{"id":6374841870,"category":"transit","name":"Balboa Street & 12th Avenue","area":0}},{"type":"Feature","geometry":{"type":"Point","coordinates":[-122.4685391,37.7769534]},"properties":{"id":6374841871,"category":"transit","name":"Balboa Street & 10th Avenue","area":0}},{"type":"Feature","geometry":{"type":"Point","coordinates":[-122.4680991,37.7771411]},"properties":{"id":6374841872,"category":"transit","name":"Balboa Street & 10th Avenue","area":0}},{"type":"Feature","geometry":{"type":"Point","coordinates":[-122.4662929,37.7770486]},"properties":{"id":6374841873,"category":"transit","name":"Balboa Street & 8th Avenue","area":0}},{"type":"Feature","geometry":{"type":"Point","coordinates":[-122.4660482,37.7772251]},"properties":{"id":6374841874,"category":"transit","name":"Balboa Street & 8th Avenue","area":0}},{"type":"Feature","geometry":{"type":"Point","coordinates":[-122.4620602,37.7772504]},"properties":{"id":6374841875,"category":"transit","name":"Balboa Street & 4th Avenue","area":0}},{"type":"Feature","geometry":{"type":"Point","coordinates":[-122.4617439,37.7774322]},"properties":{"id":6374841876,"category":"transit","name":"Balboa Street & 4th Avenue","area":0}},{"type":"Feature","geometry":{"type":"Point","coordinates":[-122.4548592,37.777565]},"properties":{"id":6374841877,"category":"transit","name":"Turk Street & Stanyan Street","area":0}},{"type":"Feature","geometry":{"type":"Point","coordinates":[-122.4718456,37.7769749]},"properties":{"id":6374874303,"category":"transit","name":"Balboa Street & Park Presidio Boulevard","area":0}},{"type":"Feature","geometry":{"type":"Point","coordinates":[-122.396761,37.790306]},"properties":{"id":6376456938,"category":"transit","name":"Mission Street & Fremont Street","area":0}},{"type":"Feature","geometry":{"type":"Point","coordinates":[-122.39679,37.7917816]},"properties":{"id":6376456951,"category":"transit","name":"Beale Street & Mission Street","area":0}},{"type":"Feature","geometry":{"type":"Point","coordinates":[-122.42067,37.7801339]},"properties":{"id":6376456952,"category":"transit","name":"McAllister Street & Van Ness Avenue","area":0}},{"type":"Feature","geometry":{"type":"Point","coordinates":[-122.413824,37.7808555]},"properties":{"id":6376456953,"category":"transit","name":"McAllister Street & Leavenworth Street","area":0}},{"type":"Feature","geometry":{"type":"Point","coordinates":[-122.41591,37.7805893]},"properties":{"id":6376456954,"category":"transit","name":"McAllister Street & Hyde Street","area":0}},{"type":"Feature","geometry":{"type":"Point","coordinates":[-122.41358,37.7818317]},"properties":{"id":6376456955,"category":"transit","name":"Golden Gate Avenue & Leavenworth Street","area":0}},{"type":"Feature","geometry":{"type":"Point","coordinates":[-122.416946,37.780758]},"properties":{"id":6376456956,"category":"transit","name":"Larkin Street & McAllister Street","area":0}},{"type":"Feature","geometry":{"type":"Point","coordinates":[-122.464778,37.7754151]},"properties":{"id":6376512465,"category":"transit","name":"Cabrillo Street & 7th Avenue","area":0}},{"type":"Feature","geometry":{"type":"Point","coordinates":[-122.4637005,37.7739755]},"properties":{"id":6376512466,"category":"transit","name":"6th Avenue & Fulton Street","area":0}},{"type":"Feature","geometry":{"type":"Point","coordinates":[-122.4662448,37.7734895]},"properties":{"id":6376512467,"category":"transit","name":"Fulton Street & 8th Avenue","area":0}},{"type":"Feature","geometry":{"type":"Point","coordinates":[-122.461313,37.7738382]},"properties":{"id":6376512469,"category":"transit","name":"Fulton Street & 4th Avenue","area":0}},{"type":"Feature","geometry":{"type":"Point","coordinates":[-122.4619487,37.7739739]},"properties":{"id":6376512470,"category":"transit","name":"Fulton Street & 4th Avenue","area":0}},{"type":"Feature","geometry":{"type":"Point","coordinates":[-122.441895,37.7772945]},"properties":{"id":6376512471,"category":"transit","name":"McAllister Street & Baker Street","area":0}},{"type":"Feature","geometry":{"type":"Point","coordinates":[-122.4414397,37.7774833]},"properties":{"id":6376512472,"category":"transit","name":"McAllister Street & Baker Street","area":0}},{"type":"Feature","geometry":{"type":"Point","coordinates":[-122.4386044,37.7777266]},"properties":{"id":6376512473,"category":"transit","name":"McAllister Street & Divisadero Street","area":0}},{"type":"Feature","geometry":{"type":"Point","coordinates":[-122.4351972,37.7781457]},"properties":{"id":6376512474,"category":"transit","name":"McAllister Street & Pierce Street","area":0}},{"type":"Feature","geometry":{"type":"Point","coordinates":[-122.4349123,37.7783137]},"properties":{"id":6376512475,"category":"transit","name":"McAllister Street & Pierce Street","area":0}},{"type":"Feature","geometry":{"type":"Point","coordinates":[-122.4314563,37.7786189]},"properties":{"id":6376512476,"category":"transit","name":"McAllister Street & Fillmore Street","area":0}},{"type":"Feature","geometry":{"type":"Point","coordinates":[-122.432001,37.7786699]},"properties":{"id":6376512477,"category":"transit","name":"McAllister Street & Fillmore Street","area":0}},{"type":"Feature","geometry":{"type":"Point","coordinates":[-122.426977,37.7791807]},"properties":{"id":6376512478,"category":"transit","name":"McAllister Street & Laguna Street","area":0}},{"type":"Feature","geometry":{"type":"Point","coordinates":[-122.4271846,37.7793073]},"properties":{"id":6376512479,"category":"transit","name":"McAllister Street & Laguna Street","area":0}},{"type":"Feature","geometry":{"type":"Point","coordinates":[-122.423943,37.7797187]},"properties":{"id":6376512480,"category":"transit","name":"McAllister Street & Gough Street","area":0}},{"type":"Feature","geometry":{"type":"Point","coordinates":[-122.423188,37.7796713]},"properties":{"id":6376512481,"category":"transit","name":"McAllister Street & Gough Street","area":0}},{"type":"Feature","geometry":{"type":"Point","coordinates":[-122.5098559,37.7718819]},"properties":{"id":6376544290,"category":"transit","name":"La Playa Street & Fulton Street","area":0}},{"type":"Feature","geometry":{"type":"Point","coordinates":[-122.5064004,37.7714898]},"properties":{"id":6376544291,"category":"transit","name":"Fulton Street & 46th Avenue","area":0}},{"type":"Feature","geometry":{"type":"Point","coordinates":[-122.5070149,37.7716]},"properties":{"id":6376544292,"category":"transit","name":"Fulton Street & 46th Avenue","area":0}},{"type":"Feature","geometry":{"type":"Point","coordinates":[-122.5038028,37.7717483]},"properties":{"id":6376544293,"category":"transit","name":"Fulton Street & 43rd Avenue","area":0}},{"type":"Feature","geometry":{"type":"Point","coordinates":[-122.4999446,37.7717818]},"properties":{"id":6376544294,"category":"transit","name":"Fulton Street & 40th Avenue","area":0}},{"type":"Feature","geometry":{"type":"Point","coordinates":[-122.500611,37.7718961]},"properties":{"id":6376544295,"category":"transit","name":"Fulton Street & 40th Avenue","area":0}},{"type":"Feature","geometry":{"type":"Point","coordinates":[-122.4964015,37.772103]},"properties":{"id":6376544296,"category":"transit","name":"Fulton Street & 36th Avenue","area":0}},{"type":"Feature","geometry":{"type":"Point","coordinates":[-122.4966781,37.7719136]},"properties":{"id":6376544297,"category":"transit","name":"Fulton Street & 37th Avenue","area":0}},{"type":"Feature","geometry":{"type":"Point","coordinates":[-122.4931128,37.7722446]},"properties":{"id":6376544298,"category":"transit","name":"Fulton Street & 33rd Avenue","area":0}},{"type":"Feature","geometry":{"type":"Point","coordinates":[-122.4924537,37.7721285]},"properties":{"id":6376544299,"category":"transit","name":"Fulton Street & 33rd Avenue","area":0}},{"type":"Feature","geometry":{"type":"Point","coordinates":[-122.4891517,37.7722514]},"properties":{"id":6376544300,"category":"transit","name":"Fulton Street & 30th Avenue","area":0}},{"type":"Feature","geometry":{"type":"Point","coordinates":[-122.4899684,37.7723935]},"properties":{"id":6376544301,"category":"transit","name":"Fulton Street & 30th Avenue","area":0}},{"type":"Feature","geometry":{"type":"Point","coordinates":[-122.4870521,37.7723777]},"properties":{"id":6376544302,"category":"transit","name":"Fulton Street & 28th Avenue","area":0}},{"type":"Feature","geometry":{"type":"Point","coordinates":[-122.4877737,37.7724871]},"properties":{"id":6376544303,"category":"transit","name":"Fulton Street & 28th Avenue","area":0}},{"type":"Feature","geometry":{"type":"Point","coordinates":[-122.4838749,37.7725148]},"properties":{"id":6376544304,"category":"transit","name":"Fulton Street & 25th Avenue","area":0}},{"type":"Feature","geometry":{"type":"Point","coordinates":[-122.48444,37.7726396]},"properties":{"id":6376544305,"category":"transit","name":"Fulton Street & 25th Avenue","area":0}},{"type":"Feature","geometry":{"type":"Point","coordinates":[-122.4684138,37.7733805]},"properties":{"id":6376544306,"category":"transit","name":"Fulton Street & 10th Avenue","area":0}},{"type":"Feature","geometry":{"type":"Point","coordinates":[-122.4151299,37.8048824]},"properties":{"id":6376831188,"category":"transit","name":"Taylor Street & Bay Street","area":0}},{"type":"Feature","geometry":{"type":"Point","coordinates":[-122.407791,37.7850162]},"properties":{"id":6376831190,"category":"transit","name":"Powell Street & Market Street","area":0}},{"type":"Feature","geometry":{"type":"Point","coordinates":[-122.443501,37.7602455]},"properties":{"id":6376929261,"category":"transit","name":"18th Street & Danvers Street","area":0}},{"type":"Feature","geometry":{"type":"Point","coordinates":[-122.44354,37.7603844]},"properties":{"id":6376929262,"category":"transit","name":"18th Street & Danvers Street","area":0}},{"type":"Feature","geometry":{"type":"Point","coordinates":[-122.4444428,37.7598207]},"properties":{"id":6376929263,"category":"transit","name":"18th Street & Market Street","area":0}},{"type":"Feature","geometry":{"type":"Point","coordinates":[-122.444059,37.7584361]},"properties":{"id":6376929264,"category":"transit","name":"Market Street & Clayton Street","area":0}},{"type":"Feature","geometry":{"type":"Point","coordinates":[-122.444392,37.7582469]},"properties":{"id":6376929265,"category":"transit","name":"Clayton Street & Market Street","area":0}},{"type":"Feature","geometry":{"type":"Point","coordinates":[-122.4445684,37.7583793]},"properties":{"id":6376929266,"category":"transit","name":"Clayton Street & Market Street","area":0}},{"type":"Feature","geometry":{"type":"Point","coordinates":[-122.4457801,37.7587823]},"properties":{"id":6376929267,"category":"transit","name":"Clayton Street & Corbett Avenue","area":0}},{"type":"Feature","geometry":{"type":"Point","coordinates":[-122.4463036,37.7608371]},"properties":{"id":6376929268,"category":"transit","name":"Clayton Street & Carmel Street","area":0}},{"type":"Feature","geometry":{"type":"Point","coordinates":[-122.4464818,37.7606731]},"properties":{"id":6376929269,"category":"transit","name":"Clayton Street & Twin Peaks Boulevard","area":0}},{"type":"Feature","geometry":{"type":"Point","coordinates":[-122.4469651,37.7630578]},"properties":{"id":6376929270,"category":"transit","name":"Ashbury Street & Clayton Street","area":0}},{"type":"Feature","geometry":{"type":"Point","coordinates":[-122.445881,37.7643778]},"properties":{"id":6376929271,"category":"transit","name":"Ashbury Street & Clifford Terrace","area":0}},{"type":"Feature","geometry":{"type":"Point","coordinates":[-122.4460918,37.7643057]},"properties":{"id":6376929272,"category":"transit","name":"Ashbury Street & Clifford Terrace","area":0}},{"type":"Feature","geometry":{"type":"Point","coordinates":[-122.4459022,37.7651696]},"properties":{"id":6376929273,"category":"transit","name":"Ashbury Street & Piedmont Street","area":0}},{"type":"Feature","geometry":{"type":"Point","coordinates":[-122.4460779,37.7652899]},"properties":{"id":6376929274,"category":"transit","name":"Ashbury Street & Piedmont Street","area":0}},{"type":"Feature","geometry":{"type":"Point","coordinates":[-122.446861,37.7691868]},"properties":{"id":6376929275,"category":"transit","name":"Ashbury Street & Waller Street","area":0}},{"type":"Feature","geometry":{"type":"Point","coordinates":[-122.4466705,37.7689997]},"properties":{"id":6376929276,"category":"transit","name":"Ashbury Street & Waller Street","area":0}},{"type":"Feature","geometry":{"type":"Point","coordinates":[-122.4468724,37.7699202]},"properties":{"id":6376929277,"category":"transit","name":"Ashbury Street & Haight Street","area":0}},{"type":"Feature","geometry":{"type":"Point","coordinates":[-122.453781,37.7708796]},"properties":{"id":6376929278,"category":"transit","name":"Stanyan Street & Oak Street","area":0}},{"type":"Feature","geometry":{"type":"Point","coordinates":[-122.4541935,37.7728048]},"properties":{"id":6376929279,"category":"transit","name":"Stanyan Street & Hayes Street","area":0}},{"type":"Feature","geometry":{"type":"Point","coordinates":[-122.4543268,37.7726001]},"properties":{"id":6376929280,"category":"transit","name":"Stanyan Street & Hayes Street","area":0}},{"type":"Feature","geometry":{"type":"Point","coordinates":[-122.4546854,37.774377]},"properties":{"id":6376929281,"category":"transit","name":"Stanyan Street & Fulton Street","area":0}},{"type":"Feature","geometry":{"type":"Point","coordinates":[-122.459123,37.7828773]},"properties":{"id":6376929282,"category":"transit","name":"Arguello Boulevard & Clement Street","area":0}},{"type":"Feature","geometry":{"type":"Point","coordinates":[-122.459101,37.7855574]},"properties":{"id":6376930251,"category":"transit","name":"Arguello Boulevard & California Street","area":0}},{"type":"Feature","geometry":{"type":"Point","coordinates":[-122.407218,37.7528124]},"properties":{"id":6376930252,"category":"transit","name":"Hampshire Street & 24th Street","area":0}},{"type":"Feature","geometry":{"type":"Point","coordinates":[-122.406371,37.7546573]},"properties":{"id":6376930253,"category":"transit","name":"San Francisco General Hospital","area":0}},{"type":"Feature","geometry":{"type":"Point","coordinates":[-122.406668,37.7546992]},"properties":{"id":6376930254,"category":"transit","name":"Potrero Avenue & 23rd Street","area":0}},{"type":"Feature","geometry":{"type":"Point","coordinates":[-122.4066663,37.7580281]},"properties":{"id":6376930255,"category":"transit","name":"Potrero Avenue & 21st Street","area":0}},{"type":"Feature","geometry":{"type":"Point","coordinates":[-122.4069395,37.7574575]},"properties":{"id":6376930256,"category":"transit","name":"Potrero Avenue & 21st Street","area":0}},{"type":"Feature","geometry":{"type":"Point","coordinates":[-122.407216,37.7603904]},"properties":{"id":6376930257,"category":"transit","name":"Potrero Avenue & 19th Street","area":0}},{"type":"Feature","geometry":{"type":"Point","coordinates":[-122.4074651,37.7629285]},"properties":{"id":6376930258,"category":"transit","name":"Potrero Avenue & Mariposa Street","area":0}},{"type":"Feature","geometry":{"type":"Point","coordinates":[-122.407195,37.7634792]},"properties":{"id":6376930259,"category":"transit","name":"Potrero Avenue & Mariposa Street","area":0}},{"type":"Feature","geometry":{"type":"Point","coordinates":[-122.407319,37.7647493]},"properties":{"id":6376930260,"category":"transit","name":"Potrero Avenue & 17th Street","area":0}},{"type":"Feature","geometry":{"type":"Point","coordinates":[-122.4212807,37.7616649]},"properties":{"id":6376930262,"category":"transit","name":"18th Street & Valencia Street","area":0}},{"type":"Feature","geometry":{"type":"Point","coordinates":[-122.4218599,37.7617729]},"properties":{"id":6376930263,"category":"transit","name":"18th Street & Valencia Street","area":0}},{"type":"Feature","geometry":{"type":"Point","coordinates":[-122.4235111,37.7615352]},"properties":{"id":6376930264,"category":"transit","name":"18th Street & Guerrero Street","area":0}},{"type":"Feature","geometry":{"type":"Point","coordinates":[-122.4240276,37.7616382]},"properties":{"id":6376930265,"category":"transit","name":"18th Street & Guerrero Street","area":0}},{"type":"Feature","geometry":{"type":"Point","coordinates":[-122.425714,37.7613965]},"properties":{"id":6376930266,"category":"transit","name":"18th Street & Dolores Street","area":0}},{"type":"Feature","geometry":{"type":"Point","coordinates":[-122.4264734,37.7614849]},"properties":{"id":6376930267,"category":"transit","name":"18th Street & Dolores Street","area":0}},{"type":"Feature","geometry":{"type":"Point","coordinates":[-122.4281713,37.7613834]},"properties":{"id":6376930268,"category":"transit","name":"18th Street & Church Street","area":0}},{"type":"Feature","geometry":{"type":"Point","coordinates":[-122.4278398,37.7612765]},"properties":{"id":6376930269,"category":"transit","name":"18th Street & Church Street","area":0}},{"type":"Feature","geometry":{"type":"Point","coordinates":[-122.4304518,37.7612339]},"properties":{"id":6376930270,"category":"transit","name":"18th Street & Sanchez Street","area":0}},{"type":"Feature","geometry":{"type":"Point","coordinates":[-122.430755,37.7610973]},"properties":{"id":6376930271,"category":"transit","name":"18th Street & Sanchez Street","area":0}},{"type":"Feature","geometry":{"type":"Point","coordinates":[-122.4326545,37.7611112]},"properties":{"id":6376930272,"category":"transit","name":"18th Street & Noe Street","area":0}},{"type":"Feature","geometry":{"type":"Point","coordinates":[-122.4329657,37.7609692]},"properties":{"id":6376930273,"category":"transit","name":"18th Street & Noe Street","area":0}},{"type":"Feature","geometry":{"type":"Point","coordinates":[-122.435118,37.7607083]},"properties":{"id":6376930274,"category":"transit","name":"Castro Street & 18th Street","area":0}},{"type":"Feature","geometry":{"type":"Point","coordinates":[-122.434907,37.7607421]},"properties":{"id":6376930275,"category":"transit","name":"Castro Street & 18th Street","area":0}},{"type":"Feature","geometry":{"type":"Point","coordinates":[-122.43478,37.7608491]},"properties":{"id":6376930276,"category":"transit","name":"18th Street & Castro Street","area":0}},{"type":"Feature","geometry":{"type":"Point","coordinates":[-122.435298,37.7609618]},"properties":{"id":6376930277,"category":"transit","name":"18th Street & Castro Street","area":0}},{"type":"Feature","geometry":{"type":"Point","coordinates":[-122.437374,37.7606877]},"properties":{"id":6376930278,"category":"transit","name":"18th Street & Diamond Street","area":0}},{"type":"Feature","geometry":{"type":"Point","coordinates":[-122.438161,37.760787]},"properties":{"id":6376930279,"category":"transit","name":"18th Street & Eureka Street","area":0}},{"type":"Feature","geometry":{"type":"Point","coordinates":[-122.441247,37.7605864]},"properties":{"id":6376930280,"category":"transit","name":"18th Street & Hattie Street","area":0}},{"type":"Feature","geometry":{"type":"Point","coordinates":[-122.4323377,37.7817279]},"properties":{"id":6376963232,"category":"transit","name":"Fillmore Street & Eddy Street","area":0}},{"type":"Feature","geometry":{"type":"Point","coordinates":[-122.4324718,37.7816373]},"properties":{"id":6376963233,"category":"transit","name":"Fillmore Street & Eddy Street","area":0}},{"type":"Feature","geometry":{"type":"Point","coordinates":[-122.432622,37.7831743]},"properties":{"id":6376963234,"category":"transit","name":"Fillmore Street & O'Farrell Street","area":0}},{"type":"Feature","geometry":{"type":"Point","coordinates":[-122.4327678,37.7830623]},"properties":{"id":6376963235,"category":"transit","name":"Fillmore Street & O'Farrell Street","area":0}},{"type":"Feature","geometry":{"type":"Point","coordinates":[-122.4345353,37.7926461]},"properties":{"id":6376963236,"category":"transit","name":"Fillmore Street & Jackson Street","area":0}},{"type":"Feature","geometry":{"type":"Point","coordinates":[-122.4349618,37.7939848]},"properties":{"id":6376963237,"category":"transit","name":"Fillmore Street & Broadway","area":0}},{"type":"Feature","geometry":{"type":"Point","coordinates":[-122.43483,37.7941571]},"properties":{"id":6376963238,"category":"transit","name":"Fillmore Street & Broadway","area":0}},{"type":"Feature","geometry":{"type":"Point","coordinates":[-122.4363384,37.7940367]},"properties":{"id":6376963239,"category":"transit","name":"Broadway & Steiner Street","area":0}},{"type":"Feature","geometry":{"type":"Point","coordinates":[-122.4364737,37.7941654]},"properties":{"id":6376963240,"category":"transit","name":"Broadway & Steiner Street","area":0}},{"type":"Feature","geometry":{"type":"Point","coordinates":[-122.4366905,37.7949359]},"properties":{"id":6376963241,"category":"transit","name":"Steiner Street & Vallejo Street","area":0}},{"type":"Feature","geometry":{"type":"Point","coordinates":[-122.436844,37.7949148]},"properties":{"id":6376963242,"category":"transit","name":"Steiner Street & Vallejo Street","area":0}},{"type":"Feature","geometry":{"type":"Point","coordinates":[-122.4368517,37.7958542]},"properties":{"id":6376963243,"category":"transit","name":"Steiner Street & Green Street","area":0}},{"type":"Feature","geometry":{"type":"Point","coordinates":[-122.4370734,37.7960445]},"properties":{"id":6376963244,"category":"transit","name":"Steiner Street & Green Street","area":0}},{"type":"Feature","geometry":{"type":"Point","coordinates":[-122.4370637,37.7967714]},"properties":{"id":6376963245,"category":"transit","name":"Steiner Street & Union Street","area":0}},{"type":"Feature","geometry":{"type":"Point","coordinates":[-122.4372108,37.7966713]},"properties":{"id":6376963246,"category":"transit","name":"Steiner Street & Union Street","area":0}},{"type":"Feature","geometry":{"type":"Point","coordinates":[-122.4358512,37.797125]},"properties":{"id":6376963247,"category":"transit","name":"Union Street & Fillmore Street","area":0}},{"type":"Feature","geometry":{"type":"Point","coordinates":[-122.4359603,37.7997161]},"properties":{"id":6376963248,"category":"transit","name":"Fillmore Street & Lombard Street","area":0}},{"type":"Feature","geometry":{"type":"Point","coordinates":[-122.4362155,37.8010674]},"properties":{"id":6376963249,"category":"transit","name":"Fillmore Street & Chestnut Street","area":0}},{"type":"Feature","geometry":{"type":"Point","coordinates":[-122.4369874,37.8031392]},"properties":{"id":6376963250,"category":"transit","name":"Fillmore Street & Cervantes Boulevard","area":0}},{"type":"Feature","geometry":{"type":"Point","coordinates":[-122.436733,37.8035184]},"properties":{"id":6376963251,"category":"transit","name":"Fillmore Street & North Point Street","area":0}},{"type":"Feature","geometry":{"type":"Point","coordinates":[-122.4372496,37.8044816]},"properties":{"id":6376963253,"category":"transit","name":"Fillmore Street & Beach Street","area":0}},{"type":"Feature","geometry":{"type":"Point","coordinates":[-122.389644,37.7628716]},"properties":{"id":6376963356,"category":"transit","name":"Tennessee Street & 18th Street","area":0}},{"type":"Feature","geometry":{"type":"Point","coordinates":[-122.388971,37.7629806]},"properties":{"id":6376963357,"category":"transit","name":"18th Street & 3rd Street","area":0}},{"type":"Feature","geometry":{"type":"Point","coordinates":[-122.397635,37.7626328]},"properties":{"id":6376963363,"category":"transit","name":"Connecticut Street & 18th Street","area":0}},{"type":"Feature","geometry":{"type":"Point","coordinates":[-122.397648,37.7649825]},"properties":{"id":6376963364,"category":"transit","name":"Connecticut Street & 17th Street","area":0}},{"type":"Feature","geometry":{"type":"Point","coordinates":[-122.397837,37.7648345]},"properties":{"id":6376963365,"category":"transit","name":"Connecticut Street & 17th Street","area":0}},{"type":"Feature","geometry":{"type":"Point","coordinates":[-122.401773,37.7647648]},"properties":{"id":6376963366,"category":"transit","name":"17th Street & De Haro Street","area":0}},{"type":"Feature","geometry":{"type":"Point","coordinates":[-122.403398,37.7648098]},"properties":{"id":6376963367,"category":"transit","name":"17th Street & Kansas Street","area":0}},{"type":"Feature","geometry":{"type":"Point","coordinates":[-122.403666,37.7648272]},"properties":{"id":6376963368,"category":"transit","name":"Kansas Street & 17th Street","area":0}},{"type":"Feature","geometry":{"type":"Point","coordinates":[-122.40493,37.7660465]},"properties":{"id":6376963369,"category":"transit","name":"16th Street & Vermont Street","area":0}},{"type":"Feature","geometry":{"type":"Point","coordinates":[-122.405281,37.7658368]},"properties":{"id":6376963370,"category":"transit","name":"16th Street & San Bruno Avenue","area":0}},{"type":"Feature","geometry":{"type":"Point","coordinates":[-122.4221991,37.764826]},"properties":{"id":6376963371,"category":"transit","name":"16th Street & Valencia Street","area":0}},{"type":"Feature","geometry":{"type":"Point","coordinates":[-122.4266764,37.7645565]},"properties":{"id":6376963372,"category":"transit","name":"16th Street & Dolores Street","area":0}},{"type":"Feature","geometry":{"type":"Point","coordinates":[-122.4239334,37.764884]},"properties":{"id":6376963373,"category":"transit","name":"16th Street & Guerrero Street","area":0}},{"type":"Feature","geometry":{"type":"Point","coordinates":[-122.4297208,37.7702288]},"properties":{"id":6376963376,"category":"transit","name":"Hermann Street & Fillmore Street","area":0}},{"type":"Feature","geometry":{"type":"Point","coordinates":[-122.4308984,37.7737925]},"properties":{"id":6376963377,"category":"transit","name":"Fillmore Street & Oak Street","area":0}},{"type":"Feature","geometry":{"type":"Point","coordinates":[-122.431186,37.7761066]},"properties":{"id":6376963378,"category":"transit","name":"Fillmore Street & Hayes Street","area":0}},{"type":"Feature","geometry":{"type":"Point","coordinates":[-122.431254,37.7755741]},"properties":{"id":6376963379,"category":"transit","name":"Fillmore Street & Hayes Street","area":0}},{"type":"Feature","geometry":{"type":"Point","coordinates":[-122.4313571,37.7770996]},"properties":{"id":6376963380,"category":"transit","name":"Fillmore Street & Grove Street","area":0}},{"type":"Feature","geometry":{"type":"Point","coordinates":[-122.431512,37.776876]},"properties":{"id":6376963381,"category":"transit","name":"Fillmore Street & Grove Street","area":0}},{"type":"Feature","geometry":{"type":"Point","coordinates":[-122.431694,37.7785433]},"properties":{"id":6376963382,"category":"transit","name":"Fillmore Street & McAllister Street","area":0}},{"type":"Feature","geometry":{"type":"Point","coordinates":[-122.431825,37.7784075]},"properties":{"id":6376963383,"category":"transit","name":"Fillmore Street & McAllister Street","area":0}},{"type":"Feature","geometry":{"type":"Point","coordinates":[-122.431935,37.7797911]},"properties":{"id":6376963384,"category":"transit","name":"Fillmore Street & Golden Gate Avenue","area":0}},{"type":"Feature","geometry":{"type":"Point","coordinates":[-122.43219,37.7802475]},"properties":{"id":6376963385,"category":"transit","name":"Fillmore Street & Turk Street","area":0}},{"type":"Feature","geometry":{"type":"Point","coordinates":[-122.422466,37.74081]},"properties":{"id":6377049843,"category":"transit","name":"Cortland Avenue & Mission Street","area":0}},{"type":"Feature","geometry":{"type":"Point","coordinates":[-122.422661,37.7410424]},"properties":{"id":6377049844,"category":"transit","name":"Cortland Avenue & Mission Street","area":0}},{"type":"Feature","geometry":{"type":"Point","coordinates":[-122.420997,37.740207]},"properties":{"id":6377049845,"category":"transit","name":"Cortland Avenue & Prospect Avenue","area":0}},{"type":"Feature","geometry":{"type":"Point","coordinates":[-122.42109,37.740405]},"properties":{"id":6377049846,"category":"transit","name":"Cortland Avenue & Prospect Avenue","area":0}},{"type":"Feature","geometry":{"type":"Point","coordinates":[-122.419963,37.7399453]},"properties":{"id":6377049847,"category":"transit","name":"Cortland Avenue & Elsie Street","area":0}},{"type":"Feature","geometry":{"type":"Point","coordinates":[-122.419725,37.7396911]},"properties":{"id":6377049848,"category":"transit","name":"Cortland Avenue & Elsie Street","area":0}},{"type":"Feature","geometry":{"type":"Point","coordinates":[-122.418762,37.7393002]},"properties":{"id":6377049849,"category":"transit","name":"Cortland Avenue & Bocana Street","area":0}},{"type":"Feature","geometry":{"type":"Point","coordinates":[-122.418452,37.7393242]},"properties":{"id":6377049850,"category":"transit","name":"Cortland Avenue & Bocana Street","area":0}},{"type":"Feature","geometry":{"type":"Point","coordinates":[-122.416592,37.7390162]},"properties":{"id":6377049851,"category":"transit","name":"Cortland Avenue & Andover Street","area":0}},{"type":"Feature","geometry":{"type":"Point","coordinates":[-122.416408,37.7391287]},"properties":{"id":6377049852,"category":"transit","name":"Cortland Avenue & Andover Street","area":0}},{"type":"Feature","geometry":{"type":"Point","coordinates":[-122.414716,37.738839]},"properties":{"id":6377049853,"category":"transit","name":"Cortland Avenue & Ellsworth Street","area":0}},{"type":"Feature","geometry":{"type":"Point","coordinates":[-122.414569,37.7389534]},"properties":{"id":6377049854,"category":"transit","name":"Cortland Avenue & Ellsworth Street","area":0}},{"type":"Feature","geometry":{"type":"Point","coordinates":[-122.413677,37.7390334]},"properties":{"id":6377049855,"category":"transit","name":"Cortland Avenue & Folsom Street","area":0}},{"type":"Feature","geometry":{"type":"Point","coordinates":[-122.4134811,37.7389111]},"properties":{"id":6377049856,"category":"transit","name":"Cortland Avenue & Folsom Street","area":0}},{"type":"Feature","geometry":{"type":"Point","coordinates":[-122.412129,37.7395689]},"properties":{"id":6377049857,"category":"transit","name":"Cortland Avenue & Prentiss Street","area":0}},{"type":"Feature","geometry":{"type":"Point","coordinates":[-122.412015,37.7398009]},"properties":{"id":6377049858,"category":"transit","name":"Cortland Avenue & Prentiss Street","area":0}},{"type":"Feature","geometry":{"type":"Point","coordinates":[-122.409992,37.7398289]},"properties":{"id":6377049859,"category":"transit","name":"Cortland Avenue & Bradford Street","area":0}},{"type":"Feature","geometry":{"type":"Point","coordinates":[-122.410251,37.7397072]},"properties":{"id":6377049860,"category":"transit","name":"Cortland Avenue & Bronte Street","area":0}},{"type":"Feature","geometry":{"type":"Point","coordinates":[-122.407846,37.7396975]},"properties":{"id":6377049861,"category":"transit","name":"Cortland Avenue & Hilton Street","area":0}},{"type":"Feature","geometry":{"type":"Point","coordinates":[-122.406558,37.7381927]},"properties":{"id":6377049862,"category":"transit","name":"Industrial Street & Bayshore Boulevard","area":0}},{"type":"Feature","geometry":{"type":"Point","coordinates":[-122.40628,37.7380586]},"properties":{"id":6377049863,"category":"transit","name":"Industrial Street & Bayshore Boulevard","area":0}},{"type":"Feature","geometry":{"type":"Point","coordinates":[-122.403102,37.739165]},"properties":{"id":6377049864,"category":"transit","name":"Industrial Street & Revere Avenue","area":0}},{"type":"Feature","geometry":{"type":"Point","coordinates":[-122.403738,37.7387755]},"properties":{"id":6377049865,"category":"transit","name":"Industrial Street & Elmira Street","area":0}},{"type":"Feature","geometry":{"type":"Point","coordinates":[-122.401025,37.739539]},"properties":{"id":6377049866,"category":"transit","name":"Industrial Street & Palou Avenue","area":0}},{"type":"Feature","geometry":{"type":"Point","coordinates":[-122.400583,37.7395826]},"properties":{"id":6377049867,"category":"transit","name":"Palou Avenue & Industrial Street","area":0}},{"type":"Feature","geometry":{"type":"Point","coordinates":[-122.398572,37.7382235]},"properties":{"id":6377049868,"category":"transit","name":"Palou Avenue & Rankin Street","area":0}},{"type":"Feature","geometry":{"type":"Point","coordinates":[-122.4384373,37.7775839]},"properties":{"id":6377050073,"category":"transit","name":"Divisadero Street & McAllister Street","area":0}},{"type":"Feature","geometry":{"type":"Point","coordinates":[-122.437894,37.7748388]},"properties":{"id":6377050074,"category":"transit","name":"Divisadero Street & Hayes Street","area":0}},{"type":"Feature","geometry":{"type":"Point","coordinates":[-122.437744,37.775192]},"properties":{"id":6377050075,"category":"transit","name":"Divisadero Street & Hayes Street","area":0}},{"type":"Feature","geometry":{"type":"Point","coordinates":[-122.4375,37.7728687]},"properties":{"id":6377050076,"category":"transit","name":"Divisadero Street & Oak Street","area":0}},{"type":"Feature","geometry":{"type":"Point","coordinates":[-122.437392,37.7735087]},"properties":{"id":6377050077,"category":"transit","name":"Divisadero Street & Oak Street","area":0}},{"type":"Feature","geometry":{"type":"Point","coordinates":[-122.435999,37.769203]},"properties":{"id":6377050078,"category":"transit","name":"Castro Street & Duboce Avenue","area":0}},{"type":"Feature","geometry":{"type":"Point","coordinates":[-122.435744,37.7674422]},"properties":{"id":6377050079,"category":"transit","name":"Castro Street & 14th Street","area":0}},{"type":"Feature","geometry":{"type":"Point","coordinates":[-122.4355934,37.7658376]},"properties":{"id":6377050080,"category":"transit","name":"Castro Street & 15th Street","area":0}},{"type":"Feature","geometry":{"type":"Point","coordinates":[-122.4353891,37.7656449]},"properties":{"id":6377050081,"category":"transit","name":"Castro Street & 15th Street","area":0}},{"type":"Feature","geometry":{"type":"Point","coordinates":[-122.4352688,37.7643925]},"properties":{"id":6377050082,"category":"transit","name":"Castro Street & 16th Street","area":0}},{"type":"Feature","geometry":{"type":"Point","coordinates":[-122.4354333,37.7642388]},"properties":{"id":6377050083,"category":"transit","name":"Castro Street & 16th Street","area":0}},{"type":"Feature","geometry":{"type":"Point","coordinates":[-122.4349689,37.759398]},"properties":{"id":6377050084,"category":"transit","name":"Castro Street & 19th Street","area":0}},{"type":"Feature","geometry":{"type":"Point","coordinates":[-122.398264,37.7382481]},"properties":{"id":6377050865,"category":"transit","name":"Palou Avenue & Rankin Street","area":0}},{"type":"Feature","geometry":{"type":"Point","coordinates":[-122.396959,37.7373172]},"properties":{"id":6377050866,"category":"transit","name":"Palou Avenue & Quint Street","area":0}},{"type":"Feature","geometry":{"type":"Point","coordinates":[-122.3963158,37.7371489]},"properties":{"id":6377050867,"category":"transit","name":"Palou Avenue & Quint Street","area":0}},{"type":"Feature","geometry":{"type":"Point","coordinates":[-122.394821,37.7361069]},"properties":{"id":6377050868,"category":"transit","name":"Palou Avenue & Phelps Street","area":0}},{"type":"Feature","geometry":{"type":"Point","coordinates":[-122.394514,37.7361207]},"properties":{"id":6377050869,"category":"transit","name":"Palou Avenue & Phelps Street","area":0}},{"type":"Feature","geometry":{"type":"Point","coordinates":[-122.392956,37.7350444]},"properties":{"id":6377050870,"category":"transit","name":"Palou Avenue & Newhall Street","area":0}},{"type":"Feature","geometry":{"type":"Point","coordinates":[-122.393173,37.7353752]},"properties":{"id":6377050871,"category":"transit","name":"Palou Avenue & Newhall Street","area":0}},{"type":"Feature","geometry":{"type":"Point","coordinates":[-122.392199,37.7358199]},"properties":{"id":6377050872,"category":"transit","name":"Newhall Street & Oakdale Avenue","area":0}},{"type":"Feature","geometry":{"type":"Point","coordinates":[-122.391528,37.7363068]},"properties":{"id":6377050873,"category":"transit","name":"Newcomb Avenue & Newhall Street","area":0}},{"type":"Feature","geometry":{"type":"Point","coordinates":[-122.4407794,37.7901445]},"properties":{"id":6377050874,"category":"transit","name":"Divisadero Street & Clay Street","area":0}},{"type":"Feature","geometry":{"type":"Point","coordinates":[-122.4409358,37.7899907]},"properties":{"id":6377050875,"category":"transit","name":"Divisadero Street & Clay Street","area":0}},{"type":"Feature","geometry":{"type":"Point","coordinates":[-122.4404036,37.7883847]},"properties":{"id":6377050876,"category":"transit","name":"Divisadero Street & California Street","area":0}},{"type":"Feature","geometry":{"type":"Point","coordinates":[-122.440554,37.7879006]},"properties":{"id":6377050877,"category":"transit","name":"Divisadero Street & California Street","area":0}},{"type":"Feature","geometry":{"type":"Point","coordinates":[-122.4347623,37.7592058]},"properties":{"id":6377050885,"category":"transit","name":"Castro Street & 19th Street","area":0}},{"type":"Feature","geometry":{"type":"Point","coordinates":[-122.4348327,37.7577804]},"properties":{"id":6377050886,"category":"transit","name":"Castro Street & 20th Street","area":0}},{"type":"Feature","geometry":{"type":"Point","coordinates":[-122.4346325,37.7576113]},"properties":{"id":6377050887,"category":"transit","name":"Castro Street & 20th Street","area":0}},{"type":"Feature","geometry":{"type":"Point","coordinates":[-122.4344863,37.7561974]},"properties":{"id":6377050888,"category":"transit","name":"Castro Street & 21st Street","area":0}},{"type":"Feature","geometry":{"type":"Point","coordinates":[-122.4346442,37.7560175]},"properties":{"id":6377050889,"category":"transit","name":"Castro Street & 21st Street","area":0}},{"type":"Feature","geometry":{"type":"Point","coordinates":[-122.4345137,37.7546074]},"properties":{"id":6377050890,"category":"transit","name":"Castro Street & 22nd Street","area":0}},{"type":"Feature","geometry":{"type":"Point","coordinates":[-122.434307,37.75437]},"properties":{"id":6377050891,"category":"transit","name":"Castro Street & 22nd Street","area":0}},{"type":"Feature","geometry":{"type":"Point","coordinates":[-122.434337,37.7527999]},"properties":{"id":6377050892,"category":"transit","name":"Castro Street & 23rd Street","area":0}},{"type":"Feature","geometry":{"type":"Point","coordinates":[-122.434113,37.7521978]},"properties":{"id":6377050893,"category":"transit","name":"Castro Street & Elizabeth Street","area":0}},{"type":"Feature","geometry":{"type":"Point","coordinates":[-122.43427,37.7520055]},"properties":{"id":6377050894,"category":"transit","name":"Castro Street & Elizabeth Street","area":0}},{"type":"Feature","geometry":{"type":"Point","coordinates":[-122.434191,37.7510912]},"properties":{"id":6377050895,"category":"transit","name":"Castro Street & 24th Street","area":0}},{"type":"Feature","geometry":{"type":"Point","coordinates":[-122.43401,37.7511487]},"properties":{"id":6377050896,"category":"transit","name":"Castro Street & 24th Street","area":0}},{"type":"Feature","geometry":{"type":"Point","coordinates":[-122.43393,37.748227]},"properties":{"id":6377050897,"category":"transit","name":"Castro Street & 26th Street","area":0}},{"type":"Feature","geometry":{"type":"Point","coordinates":[-122.433608,37.7481787]},"properties":{"id":6377050898,"category":"transit","name":"26th Street & Castro Street","area":0}},{"type":"Feature","geometry":{"type":"Point","coordinates":[-122.431536,37.7467221]},"properties":{"id":6377050899,"category":"transit","name":"Noe Street & 27th Street","area":0}},{"type":"Feature","geometry":{"type":"Point","coordinates":[-122.431339,37.7465559]},"properties":{"id":6377050900,"category":"transit","name":"Noe Street & 27th Street","area":0}},{"type":"Feature","geometry":{"type":"Point","coordinates":[-122.429033,37.7418988]},"properties":{"id":6377050901,"category":"transit","name":"30th Street & Sanchez Street","area":0}},{"type":"Feature","geometry":{"type":"Point","coordinates":[-122.428593,37.74206]},"properties":{"id":6377050902,"category":"transit","name":"30th Street & Sanchez Street","area":0}},{"type":"Feature","geometry":{"type":"Point","coordinates":[-122.4431807,37.8010384]},"properties":{"id":6378898872,"category":"transit","name":"Divisadero Street & Francisco Street","area":0}},{"type":"Feature","geometry":{"type":"Point","coordinates":[-122.4433743,37.8019894]},"properties":{"id":6378898873,"category":"transit","name":"Divisadero Street & Bay Street","area":0}},{"type":"Feature","geometry":{"type":"Point","coordinates":[-122.4435562,37.802879]},"properties":{"id":6378898874,"category":"transit","name":"Divisadero Street & North Point Street","area":0}},{"type":"Feature","geometry":{"type":"Point","coordinates":[-122.44376,37.8039087]},"properties":{"id":6378898875,"category":"transit","name":"Divisadero Street & Beach Street","area":0}},{"type":"Feature","geometry":{"type":"Point","coordinates":[-122.4440272,37.8045628]},"properties":{"id":6378898876,"category":"transit","name":"Jefferson Street & Divisadero Street","area":0}},{"type":"Feature","geometry":{"type":"Point","coordinates":[-122.4453687,37.8042357]},"properties":{"id":6378898877,"category":"transit","name":"Broderick Street & Jefferson Street","area":0}},{"type":"Feature","geometry":{"type":"Point","coordinates":[-122.4451951,37.803385]},"properties":{"id":6378898878,"category":"transit","name":"Broderick Street & Beach Street","area":0}},{"type":"Feature","geometry":{"type":"Point","coordinates":[-122.4450179,37.8024683]},"properties":{"id":6378898879,"category":"transit","name":"Broderick Street & North Point Street","area":0}},{"type":"Feature","geometry":{"type":"Point","coordinates":[-122.4448225,37.8015528]},"properties":{"id":6378898880,"category":"transit","name":"Broderick Street & Bay Street","area":0}},{"type":"Feature","geometry":{"type":"Point","coordinates":[-122.444641,37.8006225]},"properties":{"id":6378898881,"category":"transit","name":"Broderick Street & Francisco Street","area":0}},{"type":"Feature","geometry":{"type":"Point","coordinates":[-122.4364317,37.8007489]},"properties":{"id":6378898882,"category":"transit","name":"Chestnut Street & Fillmore Street","area":0}},{"type":"Feature","geometry":{"type":"Point","coordinates":[-122.434745,37.8009429]},"properties":{"id":6378898883,"category":"transit","name":"Chestnut Street & Webster Street","area":0}},{"type":"Feature","geometry":{"type":"Point","coordinates":[-122.434501,37.8011136]},"properties":{"id":6378898884,"category":"transit","name":"Chestnut Street & Webster Street","area":0}},{"type":"Feature","geometry":{"type":"Point","coordinates":[-122.431558,37.8013507]},"properties":{"id":6378899285,"category":"transit","name":"Chestnut Street & Laguna Street","area":0}},{"type":"Feature","geometry":{"type":"Point","coordinates":[-122.42821,37.8017787]},"properties":{"id":6378899286,"category":"transit","name":"Chestnut Street & Gough Street","area":0}},{"type":"Feature","geometry":{"type":"Point","coordinates":[-122.427889,37.8019658]},"properties":{"id":6378899287,"category":"transit","name":"Chestnut Street & Gough Street","area":0}},{"type":"Feature","geometry":{"type":"Point","coordinates":[-122.415194,37.8038949]},"properties":{"id":6378899289,"category":"transit","name":"Columbus Avenue & Chestnut Street","area":0}},{"type":"Feature","geometry":{"type":"Point","coordinates":[-122.417913,37.8055239]},"properties":{"id":6378899290,"category":"transit","name":"Columbus Avenue & Bay Street","area":0}},{"type":"Feature","geometry":{"type":"Point","coordinates":[-122.417581,37.8055499]},"properties":{"id":6378899291,"category":"transit","name":"Columbus Avenue & North Point Street","area":0}},{"type":"Feature","geometry":{"type":"Point","coordinates":[-122.415892,37.8041208]},"properties":{"id":6378899292,"category":"transit","name":"Columbus Avenue & Francisco Street","area":0}},{"type":"Feature","geometry":{"type":"Point","coordinates":[-122.414523,37.8031843]},"properties":{"id":6378899293,"category":"transit","name":"Columbus Avenue & Taylor Street","area":0}},{"type":"Feature","geometry":{"type":"Point","coordinates":[-122.413618,37.8025549]},"properties":{"id":6378899295,"category":"transit","name":"Columbus Avenue & Lombard Street","area":0}},{"type":"Feature","geometry":{"type":"Point","coordinates":[-122.411697,37.8012197]},"properties":{"id":6378899296,"category":"transit","name":"Columbus Avenue & Filbert Street","area":0}},{"type":"Feature","geometry":{"type":"Point","coordinates":[-122.4467135,37.7956188]},"properties":{"id":6378899297,"category":"transit","name":"Union Street & Lyon Street","area":0}},{"type":"Feature","geometry":{"type":"Point","coordinates":[-122.4457118,37.7976109]},"properties":{"id":6378899298,"category":"transit","name":"Baker Street & Greenwich Street","area":0}},{"type":"Feature","geometry":{"type":"Point","coordinates":[-122.4455506,37.7957564]},"properties":{"id":6378899299,"category":"transit","name":"Union Street & Baker Street","area":0}},{"type":"Feature","geometry":{"type":"Point","coordinates":[-122.4452931,37.7959207]},"properties":{"id":6378899300,"category":"transit","name":"Union Street & Baker Street","area":0}},{"type":"Feature","geometry":{"type":"Point","coordinates":[-122.4422463,37.7961692]},"properties":{"id":6378899301,"category":"transit","name":"Union Street & Divisadero Street","area":0}},{"type":"Feature","geometry":{"type":"Point","coordinates":[-122.407025,37.7901154]},"properties":{"id":6378899314,"category":"transit","name":"Stockton Street & Sutter Street","area":0}},{"type":"Feature","geometry":{"type":"Point","coordinates":[-122.399158,37.7840948]},"properties":{"id":6378899329,"category":"transit","name":"3rd Street & Folsom Street","area":0}},{"type":"Feature","geometry":{"type":"Point","coordinates":[-122.3961967,37.7816685]},"properties":{"id":6378899330,"category":"transit","name":"3rd Street & Bryant Street","area":0}},{"type":"Feature","geometry":{"type":"Point","coordinates":[-122.393352,37.7794256]},"properties":{"id":6378899331,"category":"transit","name":"3rd Street & Brannan Street","area":0}},{"type":"Feature","geometry":{"type":"Point","coordinates":[-122.4419712,37.7963431]},"properties":{"id":6378899527,"category":"transit","name":"Union Street & Divisadero Street","area":0}},{"type":"Feature","geometry":{"type":"Point","coordinates":[-122.4389163,37.7965914]},"properties":{"id":6378899528,"category":"transit","name":"Union Street & Pierce Street","area":0}},{"type":"Feature","geometry":{"type":"Point","coordinates":[-122.4386611,37.7967641]},"properties":{"id":6378899529,"category":"transit","name":"Union Street & Pierce Street","area":0}},{"type":"Feature","geometry":{"type":"Point","coordinates":[-122.4351676,37.7970659]},"properties":{"id":6378899530,"category":"transit","name":"Union Street & Fillmore Street","area":0}},{"type":"Feature","geometry":{"type":"Point","coordinates":[-122.4323528,37.7974276]},"properties":{"id":6378899531,"category":"transit","name":"Union Street & Buchanan Street","area":0}},{"type":"Feature","geometry":{"type":"Point","coordinates":[-122.432065,37.7976053]},"properties":{"id":6378899532,"category":"transit","name":"Union Street & Buchanan Street","area":0}},{"type":"Feature","geometry":{"type":"Point","coordinates":[-122.4306967,37.7976447]},"properties":{"id":6378899533,"category":"transit","name":"Union Street & Laguna Street","area":0}},{"type":"Feature","geometry":{"type":"Point","coordinates":[-122.4303959,37.797822]},"properties":{"id":6378899534,"category":"transit","name":"Union Street & Laguna Street","area":0}},{"type":"Feature","geometry":{"type":"Point","coordinates":[-122.4275073,37.7980461]},"properties":{"id":6378899535,"category":"transit","name":"Union Street & Gough Street","area":0}},{"type":"Feature","geometry":{"type":"Point","coordinates":[-122.4271326,37.7982418]},"properties":{"id":6378899536,"category":"transit","name":"Union Street & Gough Street","area":0}},{"type":"Feature","geometry":{"type":"Point","coordinates":[-122.420357,37.7989573]},"properties":{"id":6378899537,"category":"transit","name":"Union Street & Larkin Street","area":0}},{"type":"Feature","geometry":{"type":"Point","coordinates":[-122.420601,37.7990834]},"properties":{"id":6378899538,"category":"transit","name":"Union Street & Larkin Street","area":0}},{"type":"Feature","geometry":{"type":"Point","coordinates":[-122.417551,37.7993356]},"properties":{"id":6378899539,"category":"transit","name":"Union Street & Leavenworth Street","area":0}},{"type":"Feature","geometry":{"type":"Point","coordinates":[-122.4177139,37.7994458]},"properties":{"id":6378899540,"category":"transit","name":"Union Street & Leavenworth Street","area":0}},{"type":"Feature","geometry":{"type":"Point","coordinates":[-122.4159302,37.7995433]},"properties":{"id":6378899541,"category":"transit","name":"Union Street & Jones Street","area":0}},{"type":"Feature","geometry":{"type":"Point","coordinates":[-122.415656,37.7997171]},"properties":{"id":6378899542,"category":"transit","name":"Union Street & Jones Street","area":0}},{"type":"Feature","geometry":{"type":"Point","coordinates":[-122.414248,37.7997479]},"properties":{"id":6378899543,"category":"transit","name":"Union Street & Taylor Street","area":0}},{"type":"Feature","geometry":{"type":"Point","coordinates":[-122.414023,37.7999201]},"properties":{"id":6378899544,"category":"transit","name":"Union Street & Taylor Street","area":0}},{"type":"Feature","geometry":{"type":"Point","coordinates":[-122.412651,37.7999497]},"properties":{"id":6378899545,"category":"transit","name":"Union Street & Mason Street","area":0}},{"type":"Feature","geometry":{"type":"Point","coordinates":[-122.412337,37.8001293]},"properties":{"id":6378899546,"category":"transit","name":"Union Street & Mason Street","area":0}},{"type":"Feature","geometry":{"type":"Point","coordinates":[-122.3963114,37.7939411]},"properties":{"id":6378899547,"category":"transit","name":"Drumm Street & California Street","area":0}},{"type":"Feature","geometry":{"type":"Point","coordinates":[-122.3977926,37.793818]},"properties":{"id":6378899548,"category":"transit","name":"Davis Street & California Street","area":0}},{"type":"Feature","geometry":{"type":"Point","coordinates":[-122.402113,37.7957571]},"properties":{"id":6378899549,"category":"transit","name":"Washington Street & Sansome Street","area":0}},{"type":"Feature","geometry":{"type":"Point","coordinates":[-122.404329,37.796109]},"properties":{"id":6378899550,"category":"transit","name":"Columbus Avenue & Jackson Street","area":0}},{"type":"Feature","geometry":{"type":"Point","coordinates":[-122.405726,37.7973254]},"properties":{"id":6378899551,"category":"transit","name":"Columbus Avenue & Kearny Street","area":0}},{"type":"Feature","geometry":{"type":"Point","coordinates":[-122.406507,37.7976263]},"properties":{"id":6378899552,"category":"transit","name":"Columbus Avenue & Broadway","area":0}},{"type":"Feature","geometry":{"type":"Point","coordinates":[-122.4069148,37.7981421]},"properties":{"id":6378899553,"category":"transit","name":"Columbus Avenue & Broadway","area":0}},{"type":"Feature","geometry":{"type":"Point","coordinates":[-122.43365,37.7264186]},"properties":{"id":6379582319,"category":"transit","name":"Mission Street & Francis Street","area":0}},{"type":"Feature","geometry":{"type":"Point","coordinates":[-122.433348,37.7264613]},"properties":{"id":6379582320,"category":"transit","name":"Mission Street & Excelsior Avenue","area":0}},{"type":"Feature","geometry":{"type":"Point","coordinates":[-122.429622,37.7306114]},"properties":{"id":6379582321,"category":"transit","name":"Mission Street & Trumbull Street","area":0}},{"type":"Feature","geometry":{"type":"Point","coordinates":[-122.429317,37.7306114]},"properties":{"id":6379582322,"category":"transit","name":"Mission Street & Trumbull Street","area":0}},{"type":"Feature","geometry":{"type":"Point","coordinates":[-122.428003,37.7322268]},"properties":{"id":6379582323,"category":"transit","name":"4080 Mission Street","area":0}},{"type":"Feature","geometry":{"type":"Point","coordinates":[-122.426808,37.7334365]},"properties":{"id":6379582324,"category":"transit","name":"Mission Street & Bosworth Street","area":0}},{"type":"Feature","geometry":{"type":"Point","coordinates":[-122.426018,37.7339233]},"properties":{"id":6379582325,"category":"transit","name":"Mission Street & Murray Street","area":0}},{"type":"Feature","geometry":{"type":"Point","coordinates":[-122.424686,37.735821]},"properties":{"id":6379582326,"category":"transit","name":"Mission Street & Richland Avenue","area":0}},{"type":"Feature","geometry":{"type":"Point","coordinates":[-122.424427,37.7358689]},"properties":{"id":6379582327,"category":"transit","name":"Mission Street & Richland Avenue","area":0}},{"type":"Feature","geometry":{"type":"Point","coordinates":[-122.424242,37.7371265]},"properties":{"id":6379582328,"category":"transit","name":"Mission Street & Highland Avenue","area":0}},{"type":"Feature","geometry":{"type":"Point","coordinates":[-122.42395,37.7376291]},"properties":{"id":6379582329,"category":"transit","name":"Mission Street & Highland Avenue","area":0}},{"type":"Feature","geometry":{"type":"Point","coordinates":[-122.424068,37.7390433]},"properties":{"id":6379582330,"category":"transit","name":"Mission Street & Appleton Avenue","area":0}},{"type":"Feature","geometry":{"type":"Point","coordinates":[-122.423838,37.7390714]},"properties":{"id":6379582331,"category":"transit","name":"Mission Street & Appleton Avenue","area":0}},{"type":"Feature","geometry":{"type":"Point","coordinates":[-122.422574,37.741262]},"properties":{"id":6379582332,"category":"transit","name":"Mission Street & Cortland Avenue","area":0}},{"type":"Feature","geometry":{"type":"Point","coordinates":[-122.422831,37.7412352]},"properties":{"id":6379582333,"category":"transit","name":"Mission Street & Cortland Avenue","area":0}},{"type":"Feature","geometry":{"type":"Point","coordinates":[-122.421722,37.742615]},"properties":{"id":6379582334,"category":"transit","name":"Mission Street & 30th Street","area":0}},{"type":"Feature","geometry":{"type":"Point","coordinates":[-122.416381,37.7748295]},"properties":{"id":6379582335,"category":"transit","name":"Mission Street & 11th Street","area":0}},{"type":"Feature","geometry":{"type":"Point","coordinates":[-122.4262972,37.7308404]},"properties":{"id":6379583059,"category":"transit","name":"Trumbull Street & Congdon Street","area":0}},{"type":"Feature","geometry":{"type":"Point","coordinates":[-122.4264024,37.7309923]},"properties":{"id":6379583060,"category":"transit","name":"Trumbull Street & Congdon Street","area":0}},{"type":"Feature","geometry":{"type":"Point","coordinates":[-122.420559,37.7323213]},"properties":{"id":6379583061,"category":"transit","name":"Saint Mary's Park Overpass","area":0}},{"type":"Feature","geometry":{"type":"Point","coordinates":[-122.4219454,37.730951]},"properties":{"id":6379583062,"category":"transit","name":"Trumbull Street & Stoneybrook Avenue","area":0}},{"type":"Feature","geometry":{"type":"Point","coordinates":[-122.40429,37.7773125]},"properties":{"id":6379583063,"category":"transit","name":"6th Street & Harrison Street","area":0}},{"type":"Feature","geometry":{"type":"Point","coordinates":[-122.402768,37.776351]},"properties":{"id":6379583064,"category":"transit","name":"6th Street & Bryant Street","area":0}},{"type":"Feature","geometry":{"type":"Point","coordinates":[-122.458842,37.7068149]},"properties":{"id":6379583069,"category":"transit","name":"Mission Street & Flournoy Street","area":0}},{"type":"Feature","geometry":{"type":"Point","coordinates":[-122.4565242,37.7074055]},"properties":{"id":6379583070,"category":"transit","name":"Mission Street & Evergreen Avenue","area":0}},{"type":"Feature","geometry":{"type":"Point","coordinates":[-122.4571256,37.7074091]},"properties":{"id":6379583071,"category":"transit","name":"Mission Street & Goethe Street","area":0}},{"type":"Feature","geometry":{"type":"Point","coordinates":[-122.4532914,37.7087111]},"properties":{"id":6379583072,"category":"transit","name":"Mission Street & Sickles Avenue","area":0}},{"type":"Feature","geometry":{"type":"Point","coordinates":[-122.452239,37.7088785]},"properties":{"id":6379583073,"category":"transit","name":"Mission Street & Acton Street","area":0}},{"type":"Feature","geometry":{"type":"Point","coordinates":[-122.450097,37.7095923]},"properties":{"id":6379583074,"category":"transit","name":"Mission Street & Oliver Street","area":0}},{"type":"Feature","geometry":{"type":"Point","coordinates":[-122.45089,37.7095478]},"properties":{"id":6379583075,"category":"transit","name":"Mission Street & Lawrence Avenue","area":0}},{"type":"Feature","geometry":{"type":"Point","coordinates":[-122.448291,37.710546]},"properties":{"id":6379583076,"category":"transit","name":"Mission Street & Whittier Street","area":0}},{"type":"Feature","geometry":{"type":"Point","coordinates":[-122.448511,37.7102028]},"properties":{"id":6379583077,"category":"transit","name":"Mission Street & Whittier Street","area":0}},{"type":"Feature","geometry":{"type":"Point","coordinates":[-122.446842,37.71133]},"properties":{"id":6379583078,"category":"transit","name":"Mission Street & Lowell Street","area":0}},{"type":"Feature","geometry":{"type":"Point","coordinates":[-122.445742,37.7116982]},"properties":{"id":6379583079,"category":"transit","name":"Mission Street & Lowell Street","area":0}},{"type":"Feature","geometry":{"type":"Point","coordinates":[-122.444325,37.712904]},"properties":{"id":6379583080,"category":"transit","name":"Mission Street & Guttenberg Street","area":0}},{"type":"Feature","geometry":{"type":"Point","coordinates":[-122.444643,37.712901]},"properties":{"id":6379583081,"category":"transit","name":"Mission Street & Foote Avenue","area":0}},{"type":"Feature","geometry":{"type":"Point","coordinates":[-122.44265,37.7144543]},"properties":{"id":6379583082,"category":"transit","name":"Mission Street & Allison Street","area":0}},{"type":"Feature","geometry":{"type":"Point","coordinates":[-122.4390201,37.7193175]},"properties":{"id":6379583083,"category":"transit","name":"Mission Street & Italy Avenue","area":0}},{"type":"Feature","geometry":{"type":"Point","coordinates":[-122.4392105,37.7186961]},"properties":{"id":6379583084,"category":"transit","name":"Mission Street & Italy Avenue","area":0}},{"type":"Feature","geometry":{"type":"Point","coordinates":[-122.4374593,37.7213832]},"properties":{"id":6379583685,"category":"transit","name":"Mission Street & Onondaga Avenue","area":0}},{"type":"Feature","geometry":{"type":"Point","coordinates":[-122.4371688,37.7214246]},"properties":{"id":6379583686,"category":"transit","name":"Mission Street & Russia Avenue","area":0}},{"type":"Feature","geometry":{"type":"Point","coordinates":[-122.435688,37.7233555]},"properties":{"id":6379583688,"category":"transit","name":"Mission Street & Persia Avenue","area":0}},{"type":"Feature","geometry":{"type":"Point","coordinates":[-122.437199,37.7238265]},"properties":{"id":6379875777,"category":"transit","name":"Ocean Avenue & Alemany Boulevard","area":0}},{"type":"Feature","geometry":{"type":"Point","coordinates":[-122.43851,37.7235653]},"properties":{"id":6379875778,"category":"transit","name":"Ocean Avenue & Cayuga Avenue","area":0}},{"type":"Feature","geometry":{"type":"Point","coordinates":[-122.438674,37.7237131]},"properties":{"id":6379875779,"category":"transit","name":"Ocean Avenue & Cayuga Avenue","area":0}},{"type":"Feature","geometry":{"type":"Point","coordinates":[-122.440863,37.7234437]},"properties":{"id":6379875780,"category":"transit","name":"Ocean Avenue & Otsego Avenue","area":0}},{"type":"Feature","geometry":{"type":"Point","coordinates":[-122.441268,37.7232648]},"properties":{"id":6379875781,"category":"transit","name":"Ocean Avenue & Otsego Avenue","area":0}},{"type":"Feature","geometry":{"type":"Point","coordinates":[-122.444483,37.7228753]},"properties":{"id":6379875782,"category":"transit","name":"Ocean Avenue & San Jose Avenue","area":0}},{"type":"Feature","geometry":{"type":"Point","coordinates":[-122.445098,37.7230598]},"properties":{"id":6379875783,"category":"transit","name":"Ocean Avenue & San Jose Avenue","area":0}},{"type":"Feature","geometry":{"type":"Point","coordinates":[-122.446977,37.7230888]},"properties":{"id":6379875784,"category":"transit","name":"Ocean Avenue & I-280 Onramp","area":0}},{"type":"Feature","geometry":{"type":"Point","coordinates":[-122.447381,37.7228626]},"properties":{"id":6379876785,"category":"transit","name":"Ocean Avenue & I-280 Onramp","area":0}},{"type":"Feature","geometry":{"type":"Point","coordinates":[-122.449995,37.7230906]},"properties":{"id":6379876786,"category":"transit","name":"Ocean Avenue & Howth Street","area":0}},{"type":"Feature","geometry":{"type":"Point","coordinates":[-122.400124,37.7922867]},"properties":{"id":6379916044,"category":"transit","name":"Pine Street & Battery Street","area":0}},{"type":"Feature","geometry":{"type":"Point","coordinates":[-122.392149,37.7914671]},"properties":{"id":6379916045,"category":"transit","name":"Howard Street & Spear Street","area":0}},{"type":"Feature","geometry":{"type":"Point","coordinates":[-122.392461,37.7914734]},"properties":{"id":6379916047,"category":"transit","name":"Howard Street & Spear Street","area":0}},{"type":"Feature","geometry":{"type":"Point","coordinates":[-122.393498,37.7904226]},"properties":{"id":6379916048,"category":"transit","name":"Howard Street & Main Street","area":0}},{"type":"Feature","geometry":{"type":"Point","coordinates":[-122.443261,37.8028754]},"properties":{"id":6379916051,"category":"transit","name":"North Point Street & Divisadero Street","area":0}},{"type":"Feature","geometry":{"type":"Point","coordinates":[-122.4418755,37.8030836]},"properties":{"id":6379916052,"category":"transit","name":"Scott Street & North Point Street","area":0}},{"type":"Feature","geometry":{"type":"Point","coordinates":[-122.4426074,37.803784]},"properties":{"id":6379916056,"category":"transit","name":"Beach Street & Scott Street","area":0}},{"type":"Feature","geometry":{"type":"Point","coordinates":[-122.4431625,37.8037018]},"properties":{"id":6379916057,"category":"transit","name":"Beach Street & Divisadero Street","area":0}},{"type":"Feature","geometry":{"type":"Point","coordinates":[-122.4437591,37.8036281]},"properties":{"id":6379916058,"category":"transit","name":"Beach Street & Divisadero Street","area":0}},{"type":"Feature","geometry":{"type":"Point","coordinates":[-122.395214,37.7771264]},"properties":{"id":6379988221,"category":"transit","name":"4th Street & Townsend Street","area":0}},{"type":"Feature","geometry":{"type":"Point","coordinates":[-122.398165,37.7793958]},"properties":{"id":6379988222,"category":"transit","name":"Bryant Street & 4th Street","area":0}},{"type":"Feature","geometry":{"type":"Point","coordinates":[-122.40213,37.7762295]},"properties":{"id":6379988223,"category":"transit","name":"Bryant Street & 6th Street","area":0}},{"type":"Feature","geometry":{"type":"Point","coordinates":[-122.4044477,37.7743895]},"properties":{"id":6379988224,"category":"transit","name":"Bryant Street & 7th Street","area":0}},{"type":"Feature","geometry":{"type":"Point","coordinates":[-122.407116,37.7722944]},"properties":{"id":6379988225,"category":"transit","name":"Bryant Street & 8th Street","area":0}},{"type":"Feature","geometry":{"type":"Point","coordinates":[-122.408193,37.7714486]},"properties":{"id":6379988226,"category":"transit","name":"Bryant Street & 9th Street","area":0}},{"type":"Feature","geometry":{"type":"Point","coordinates":[-122.410465,37.769648]},"properties":{"id":6379988227,"category":"transit","name":"Bryant Street & Division Street","area":0}},{"type":"Feature","geometry":{"type":"Point","coordinates":[-122.417412,37.8061982]},"properties":{"id":6379988228,"category":"transit","name":"North Point Street & Jones Street","area":0}},{"type":"Feature","geometry":{"type":"Point","coordinates":[-122.492691,37.7534317]},"properties":{"id":6381092846,"category":"transit","name":"Noriega Street & 34th Avenue","area":0}},{"type":"Feature","geometry":{"type":"Point","coordinates":[-122.492424,37.7536558]},"properties":{"id":6381092847,"category":"transit","name":"Noriega Street & 34th Avenue","area":0}},{"type":"Feature","geometry":{"type":"Point","coordinates":[-122.48949,37.7535785]},"properties":{"id":6381092848,"category":"transit","name":"Noriega Street & 31st Avenue","area":0}},{"type":"Feature","geometry":{"type":"Point","coordinates":[-122.489214,37.753809]},"properties":{"id":6381092849,"category":"transit","name":"Noriega Street & 31st Avenue","area":0}},{"type":"Feature","geometry":{"type":"Point","coordinates":[-122.487394,37.7536701]},"properties":{"id":6381092850,"category":"transit","name":"Noriega Street & 29th Avenue","area":0}},{"type":"Feature","geometry":{"type":"Point","coordinates":[-122.485919,37.7539514]},"properties":{"id":6381092851,"category":"transit","name":"Noriega Street & 28th Avenue","area":0}},{"type":"Feature","geometry":{"type":"Point","coordinates":[-122.485257,37.7537552]},"properties":{"id":6381092852,"category":"transit","name":"Noriega Street & 27th Avenue","area":0}},{"type":"Feature","geometry":{"type":"Point","coordinates":[-122.482772,37.7540829]},"properties":{"id":6381092853,"category":"transit","name":"Noriega Street & 25th Avenue","area":0}},{"type":"Feature","geometry":{"type":"Point","coordinates":[-122.483051,37.7538628]},"properties":{"id":6381092854,"category":"transit","name":"Noriega Street & 25th Avenue","area":0}},{"type":"Feature","geometry":{"type":"Point","coordinates":[-122.479643,37.7543441]},"properties":{"id":6381092855,"category":"transit","name":"22nd Avenue & Noriega Street","area":0}},{"type":"Feature","geometry":{"type":"Point","coordinates":[-122.480858,37.7542141]},"properties":{"id":6381092856,"category":"transit","name":"23rd Avenue & Noriega Street","area":0}},{"type":"Feature","geometry":{"type":"Point","coordinates":[-122.479755,37.7558591]},"properties":{"id":6381092857,"category":"transit","name":"22nd Avenue & Moraga Street","area":0}},{"type":"Feature","geometry":{"type":"Point","coordinates":[-122.480997,37.7560803]},"properties":{"id":6381092858,"category":"transit","name":"23rd Avenue & Moraga Street","area":0}},{"type":"Feature","geometry":{"type":"Point","coordinates":[-122.479883,37.7577265]},"properties":{"id":6381092859,"category":"transit","name":"22nd Avenue & Lawton Street","area":0}},{"type":"Feature","geometry":{"type":"Point","coordinates":[-122.481128,37.7579243]},"properties":{"id":6381092860,"category":"transit","name":"23rd Avenue & Lawton Street","area":0}},{"type":"Feature","geometry":{"type":"Point","coordinates":[-122.480003,37.7595899]},"properties":{"id":6381092861,"category":"transit","name":"22nd Avenue & Kirkham Street","area":0}},{"type":"Feature","geometry":{"type":"Point","coordinates":[-122.481245,37.7597833]},"properties":{"id":6381092862,"category":"transit","name":"23rd Avenue & Kirkham Street","area":0}},{"type":"Feature","geometry":{"type":"Point","coordinates":[-122.480134,37.7614334]},"properties":{"id":6381092863,"category":"transit","name":"22nd Avenue & Judah Street","area":0}},{"type":"Feature","geometry":{"type":"Point","coordinates":[-122.481385,37.761632]},"properties":{"id":6381092864,"category":"transit","name":"23rd Avenue & Judah Street","area":0}},{"type":"Feature","geometry":{"type":"Point","coordinates":[-122.475296,37.7654532]},"properties":{"id":6381092865,"category":"transit","name":"Lincoln Way & 17th Avenue","area":0}},{"type":"Feature","geometry":{"type":"Point","coordinates":[-122.4754,37.765642]},"properties":{"id":6381092866,"category":"transit","name":"Lincoln Way & 17th Avenue","area":0}},{"type":"Feature","geometry":{"type":"Point","coordinates":[-122.473217,37.7657383]},"properties":{"id":6381092867,"category":"transit","name":"Lincoln Way & 15th Avenue","area":0}},{"type":"Feature","geometry":{"type":"Point","coordinates":[-122.473113,37.7655431]},"properties":{"id":6381092868,"category":"transit","name":"Lincoln Way & 15th Avenue","area":0}},{"type":"Feature","geometry":{"type":"Point","coordinates":[-122.47101,37.7658296]},"properties":{"id":6381092869,"category":"transit","name":"Lincoln Way & Funston Avenue","area":0}},{"type":"Feature","geometry":{"type":"Point","coordinates":[-122.47087,37.7656512]},"properties":{"id":6381092870,"category":"transit","name":"Lincoln Way & Funston Avenue","area":0}},{"type":"Feature","geometry":{"type":"Point","coordinates":[-122.468951,37.7659216]},"properties":{"id":6381092871,"category":"transit","name":"Lincoln Way & 11th Avenue","area":0}},{"type":"Feature","geometry":{"type":"Point","coordinates":[-122.468758,37.7657425]},"properties":{"id":6381092872,"category":"transit","name":"Lincoln Way & 11th Avenue","area":0}},{"type":"Feature","geometry":{"type":"Point","coordinates":[-122.47959,37.7652502]},"properties":{"id":6381092873,"category":"transit","name":"Lincoln Way & 21st Avenue","area":0}},{"type":"Feature","geometry":{"type":"Point","coordinates":[-122.479766,37.7654437]},"properties":{"id":6381092874,"category":"transit","name":"Lincoln Way & 21st Avenue","area":0}},{"type":"Feature","geometry":{"type":"Point","coordinates":[-122.481631,37.7649603]},"properties":{"id":6381092875,"category":"transit","name":"23rd Avenue & Lincoln Way","area":0}},{"type":"Feature","geometry":{"type":"Point","coordinates":[-122.480393,37.7651733]},"properties":{"id":6381093111,"category":"transit","name":"22nd Avenue & Lincoln Way","area":0}},{"type":"Feature","geometry":{"type":"Point","coordinates":[-122.496716,37.7534665]},"properties":{"id":6381093112,"category":"transit","name":"Noriega Street & 38th Avenue","area":0}},{"type":"Feature","geometry":{"type":"Point","coordinates":[-122.498053,37.7531909]},"properties":{"id":6381093113,"category":"transit","name":"Noriega Street & 39th Avenue","area":0}},{"type":"Feature","geometry":{"type":"Point","coordinates":[-122.498848,37.7533779]},"properties":{"id":6381093114,"category":"transit","name":"Noriega Street & 40th Avenue","area":0}},{"type":"Feature","geometry":{"type":"Point","coordinates":[-122.500238,37.7530894]},"properties":{"id":6381093115,"category":"transit","name":"Noriega Street & 41st Avenue","area":0}},{"type":"Feature","geometry":{"type":"Point","coordinates":[-122.500979,37.7532686]},"properties":{"id":6381093116,"category":"transit","name":"Noriega Street & 42nd Avenue","area":0}},{"type":"Feature","geometry":{"type":"Point","coordinates":[-122.502328,37.7530125]},"properties":{"id":6381093117,"category":"transit","name":"Noriega Street & 43rd Avenue","area":0}},{"type":"Feature","geometry":{"type":"Point","coordinates":[-122.5031104,37.7531741]},"properties":{"id":6381093118,"category":"transit","name":"Noriega Street & 44th Avenue","area":0}},{"type":"Feature","geometry":{"type":"Point","coordinates":[-122.5055437,37.7528626]},"properties":{"id":6381093119,"category":"transit","name":"Noriega Street & 46th Avenue","area":0}},{"type":"Feature","geometry":{"type":"Point","coordinates":[-122.505759,37.7530604]},"properties":{"id":6381093120,"category":"transit","name":"Noriega Street & 46th Avenue","area":0}},{"type":"Feature","geometry":{"type":"Point","coordinates":[-122.5078507,37.752939]},"properties":{"id":6381093121,"category":"transit","name":"Noriega Street & 48th Avenue","area":0}},{"type":"Feature","geometry":{"type":"Point","coordinates":[-122.4802862,37.7631942]},"properties":{"id":6381093122,"category":"transit","name":"22nd Avenue & Irving Street","area":0}},{"type":"Feature","geometry":{"type":"Point","coordinates":[-122.495027,37.7535454]},"properties":{"id":6381093123,"category":"transit","name":"Noriega Street & Sunset Boulevard","area":0}},{"type":"Feature","geometry":{"type":"Point","coordinates":[-122.4183708,37.78122]},"properties":{"id":6381093124,"category":"transit","name":"Golden Gate Avenue & Polk Street","area":0}},{"type":"Feature","geometry":{"type":"Point","coordinates":[-122.4217942,37.7750488]},"properties":{"id":6381093125,"category":"transit","name":"Oak Street & Franklin Street","area":0}},{"type":"Feature","geometry":{"type":"Point","coordinates":[-122.4232102,37.7759847]},"properties":{"id":6381093126,"category":"transit","name":"Fell Street & Gough Street","area":0}},{"type":"Feature","geometry":{"type":"Point","coordinates":[-122.421089,37.7819785]},"properties":{"id":6381093127,"category":"transit","name":"Turk Street & Van Ness Avenue","area":0}},{"type":"Feature","geometry":{"type":"Point","coordinates":[-122.46252,37.7662065]},"properties":{"id":6381093130,"category":"transit","name":"Lincoln Way & 5th Avenue","area":0}},{"type":"Feature","geometry":{"type":"Point","coordinates":[-122.461877,37.7660302]},"properties":{"id":6381093131,"category":"transit","name":"Lincoln Way & 5th Avenue","area":0}},{"type":"Feature","geometry":{"type":"Point","coordinates":[-122.460184,37.7661031]},"properties":{"id":6381093132,"category":"transit","name":"Lincoln Way & 3rd Avenue","area":0}},{"type":"Feature","geometry":{"type":"Point","coordinates":[-122.4580223,37.7660158]},"properties":{"id":6381093133,"category":"transit","name":"Lincoln Way & Arguello Boulevard","area":0}},{"type":"Feature","geometry":{"type":"Point","coordinates":[-122.4576062,37.766047]},"properties":{"id":6381093134,"category":"transit","name":"Frederick Street & Arguello Boulevard","area":0}},{"type":"Feature","geometry":{"type":"Point","coordinates":[-122.4547666,37.7660843]},"properties":{"id":6381093135,"category":"transit","name":"Frederick Street & Willard Street","area":0}},{"type":"Feature","geometry":{"type":"Point","coordinates":[-122.454927,37.7662115]},"properties":{"id":6381093136,"category":"transit","name":"Frederick Street & Willard Street","area":0}},{"type":"Feature","geometry":{"type":"Point","coordinates":[-122.4534404,37.7663964]},"properties":{"id":6381093137,"category":"transit","name":"Frederick Street & Stanyan Street","area":0}},{"type":"Feature","geometry":{"type":"Point","coordinates":[-122.452934,37.7666835]},"properties":{"id":6381093138,"category":"transit","name":"Stanyan Street & Frederick Street","area":0}},{"type":"Feature","geometry":{"type":"Point","coordinates":[-122.4535234,37.7684408]},"properties":{"id":6381093139,"category":"transit","name":"Stanyan Street & Waller Street","area":0}},{"type":"Feature","geometry":{"type":"Point","coordinates":[-122.4071755,37.7393844]},"properties":{"id":6381902740,"category":"transit","name":"Bayshore Boulevard & Cortland Avenue","area":0}},{"type":"Feature","geometry":{"type":"Point","coordinates":[-122.4055507,37.7429452]},"properties":{"id":6381902754,"category":"transit","name":"Bayshore Boulevard & Oakdale Avenue","area":0}},{"type":"Feature","geometry":{"type":"Point","coordinates":[-122.406056,37.7516377]},"properties":{"id":6381902755,"category":"transit","name":"Potrero Avenue & 25th Street","area":0}},{"type":"Feature","geometry":{"type":"Point","coordinates":[-122.407572,37.7673766]},"properties":{"id":6381902756,"category":"transit","name":"Potrero Avenue & 15th Street","area":0}},{"type":"Feature","geometry":{"type":"Point","coordinates":[-122.407951,37.7681196]},"properties":{"id":6381902757,"category":"transit","name":"Potrero Avenue & Alameda Street","area":0}},{"type":"Feature","geometry":{"type":"Point","coordinates":[-122.410577,37.7692421]},"properties":{"id":6381902758,"category":"transit","name":"Division Street & Bryant Street","area":0}},{"type":"Feature","geometry":{"type":"Point","coordinates":[-122.411487,37.769961]},"properties":{"id":6381902759,"category":"transit","name":"11th Street & Bryant Street","area":0}},{"type":"Feature","geometry":{"type":"Point","coordinates":[-122.504162,37.7798466]},"properties":{"id":6381906785,"category":"transit","name":"43rd Avenue & Point Lobos Avenue","area":0}},{"type":"Feature","geometry":{"type":"Point","coordinates":[-122.504241,37.7808487]},"properties":{"id":6381906786,"category":"transit","name":"43rd Avenue & Clement Street","area":0}},{"type":"Feature","geometry":{"type":"Point","coordinates":[-122.5030117,37.7810838]},"properties":{"id":6381906787,"category":"transit","name":"42nd Avenue & Clement Street","area":0}},{"type":"Feature","geometry":{"type":"Point","coordinates":[-122.5006888,37.7795441]},"properties":{"id":6381906788,"category":"transit","name":"Geary Boulevard & 40th Avenue","area":0}},{"type":"Feature","geometry":{"type":"Point","coordinates":[-122.5042111,37.7818556]},"properties":{"id":6381906790,"category":"transit","name":"Fort Miley Hospital","area":0}},{"type":"Feature","geometry":{"type":"Point","coordinates":[-122.4932808,37.7779296]},"properties":{"id":6381906791,"category":"transit","name":"33rd Avenue & Anza Street","area":0}},{"type":"Feature","geometry":{"type":"Point","coordinates":[-122.4919377,37.7766478]},"properties":{"id":6381906792,"category":"transit","name":"32nd Avenue & Balboa Street","area":0}},{"type":"Feature","geometry":{"type":"Point","coordinates":[-122.4931308,37.7760405]},"properties":{"id":6381906793,"category":"transit","name":"33rd Avenue & Balboa Street","area":0}},{"type":"Feature","geometry":{"type":"Point","coordinates":[-122.481714,37.7803808]},"properties":{"id":6381906794,"category":"transit","name":"Geary Boulevard & 22nd Avenue","area":0}},{"type":"Feature","geometry":{"type":"Point","coordinates":[-122.403986,37.7450887]},"properties":{"id":6381906795,"category":"transit","name":"201 Bayshore Boulevard","area":0}},{"type":"Feature","geometry":{"type":"Point","coordinates":[-122.404391,37.7449875]},"properties":{"id":6381906796,"category":"transit","name":"228 Bayshore Boulevard","area":0}},{"type":"Feature","geometry":{"type":"Point","coordinates":[-122.406985,37.7373888]},"properties":{"id":6381906797,"category":"transit","name":"Bayshore Boulevard & Alemany Boulevard","area":0}},{"type":"Feature","geometry":{"type":"Point","coordinates":[-122.405798,37.7348206]},"properties":{"id":6381906798,"category":"transit","name":"Bayshore Boulevard & Boutwell Street","area":0}},{"type":"Feature","geometry":{"type":"Point","coordinates":[-122.4056011,37.7342431]},"properties":{"id":6381906799,"category":"transit","name":"Bayshore Boulevard & Augusta Street","area":0}},{"type":"Feature","geometry":{"type":"Point","coordinates":[-122.404836,37.7330518]},"properties":{"id":6381906800,"category":"transit","name":"Bayshore Boulevard & Silver Avenue","area":0}},{"type":"Feature","geometry":{"type":"Point","coordinates":[-122.4047354,37.7333527]},"properties":{"id":6381906801,"category":"transit","name":"Bayshore Boulevard & Silver Avenue","area":0}},{"type":"Feature","geometry":{"type":"Point","coordinates":[-122.404629,37.7302718]},"properties":{"id":6381906802,"category":"transit","name":"San Bruno Avenue & Thornton Avenue","area":0}},{"type":"Feature","geometry":{"type":"Point","coordinates":[-122.404752,37.7301245]},"properties":{"id":6381906803,"category":"transit","name":"San Bruno Avenue & Felton Street","area":0}},{"type":"Feature","geometry":{"type":"Point","coordinates":[-122.403001,37.7263862]},"properties":{"id":6381906804,"category":"transit","name":"San Bruno Avenue & Wayland Street","area":0}},{"type":"Feature","geometry":{"type":"Point","coordinates":[-122.402751,37.7253184]},"properties":{"id":6381906805,"category":"transit","name":"San Bruno Avenue & Woolsey Street","area":0}},{"type":"Feature","geometry":{"type":"Point","coordinates":[-122.400817,37.7211245]},"properties":{"id":6381906806,"category":"transit","name":"San Bruno Avenue & Mansell Street","area":0}},{"type":"Feature","geometry":{"type":"Point","coordinates":[-122.401262,37.7217246]},"properties":{"id":6381906807,"category":"transit","name":"San Bruno Avenue & Mansell Street","area":0}},{"type":"Feature","geometry":{"type":"Point","coordinates":[-122.400545,37.7190835]},"properties":{"id":6381906808,"category":"transit","name":"San Bruno Avenue & Ward Street","area":0}},{"type":"Feature","geometry":{"type":"Point","coordinates":[-122.400915,37.7147116]},"properties":{"id":6381906809,"category":"transit","name":"3800 San Bruno Avenue","area":0}},{"type":"Feature","geometry":{"type":"Point","coordinates":[-122.399959,37.7148206]},"properties":{"id":6381906810,"category":"transit","name":"3801 San Bruno Avenue","area":0}},{"type":"Feature","geometry":{"type":"Point","coordinates":[-122.402158,37.7138721]},"properties":{"id":6381906811,"category":"transit","name":"San Bruno Avenue & Somerset Street","area":0}},{"type":"Feature","geometry":{"type":"Point","coordinates":[-122.402008,37.7136007]},"properties":{"id":6381906812,"category":"transit","name":"San Bruno Avenue & Somerset Street","area":0}},{"type":"Feature","geometry":{"type":"Point","coordinates":[-122.423794,37.7140232]},"properties":{"id":6381906813,"category":"transit","name":"McLaren School","area":0}},{"type":"Feature","geometry":{"type":"Point","coordinates":[-122.42319,37.7140102]},"properties":{"id":6381906814,"category":"transit","name":"McLaren School","area":0}},{"type":"Feature","geometry":{"type":"Point","coordinates":[-122.42116,37.7132168]},"properties":{"id":6381906815,"category":"transit","name":"1901 Sunnydale Avenue","area":0}},{"type":"Feature","geometry":{"type":"Point","coordinates":[-122.421387,37.7134302]},"properties":{"id":6381906816,"category":"transit","name":"1900 Sunnydale Avenue","area":0}},{"type":"Feature","geometry":{"type":"Point","coordinates":[-122.419572,37.7127719]},"properties":{"id":6381906817,"category":"transit","name":"1725 Sunnydale Avenue","area":0}},{"type":"Feature","geometry":{"type":"Point","coordinates":[-122.419956,37.7129952]},"properties":{"id":6381906818,"category":"transit","name":"1800 Sunnydale Avenue","area":0}},{"type":"Feature","geometry":{"type":"Point","coordinates":[-122.418708,37.7118361]},"properties":{"id":6381906819,"category":"transit","name":"Santos Street & Brookdale Avenue","area":0}},{"type":"Feature","geometry":{"type":"Point","coordinates":[-122.418877,37.711704]},"properties":{"id":6381906820,"category":"transit","name":"Santos Street & Brookdale Avenue","area":0}},{"type":"Feature","geometry":{"type":"Point","coordinates":[-122.419349,37.709855]},"properties":{"id":6381906821,"category":"transit","name":"Santos Street & Velasco Avenue","area":0}},{"type":"Feature","geometry":{"type":"Point","coordinates":[-122.419415,37.7100474]},"properties":{"id":6381906822,"category":"transit","name":"Santos Street & Velasco Avenue","area":0}},{"type":"Feature","geometry":{"type":"Point","coordinates":[-122.420417,37.708544]},"properties":{"id":6381906823,"category":"transit","name":"Geneva Avenue & Santos Street","area":0}},{"type":"Feature","geometry":{"type":"Point","coordinates":[-122.420068,37.7086002]},"properties":{"id":6381906824,"category":"transit","name":"Santos Street & Geneva Avenue","area":0}},{"type":"Feature","geometry":{"type":"Point","coordinates":[-122.419872,37.7086184]},"properties":{"id":6381906825,"category":"transit","name":"Santos Street & Geneva Avenue","area":0}},{"type":"Feature","geometry":{"type":"Point","coordinates":[-122.419854,37.7083889]},"properties":{"id":6381906826,"category":"transit","name":"Geneva Avenue & Santos Street","area":0}},{"type":"Feature","geometry":{"type":"Point","coordinates":[-122.418422,37.7077165]},"properties":{"id":6381906827,"category":"transit","name":"Geneva Avenue & Castillo Street","area":0}},{"type":"Feature","geometry":{"type":"Point","coordinates":[-122.418252,37.7079391]},"properties":{"id":6381906828,"category":"transit","name":"Geneva Avenue & Castillo Street","area":0}},{"type":"Feature","geometry":{"type":"Point","coordinates":[-122.415602,37.7072034]},"properties":{"id":6381906829,"category":"transit","name":"Geneva Avenue & Rio Verde Street","area":0}},{"type":"Feature","geometry":{"type":"Point","coordinates":[-122.413259,37.7065752]},"properties":{"id":6381906831,"category":"transit","name":"Schwerin Street & Geneva Avenue","area":0}},{"type":"Feature","geometry":{"type":"Point","coordinates":[-122.412925,37.7068907]},"properties":{"id":6381906832,"category":"transit","name":"Schwerin Street & MacDonald Avenue","area":0}},{"type":"Feature","geometry":{"type":"Point","coordinates":[-122.412324,37.7082642]},"properties":{"id":6381906833,"category":"transit","name":"Schwerin Street & Velasco Avenue","area":0}},{"type":"Feature","geometry":{"type":"Point","coordinates":[-122.412561,37.7081423]},"properties":{"id":6381906834,"category":"transit","name":"Schwerin Street & Velasco Avenue","area":0}},{"type":"Feature","geometry":{"type":"Point","coordinates":[-122.411933,37.709163]},"properties":{"id":6381906835,"category":"transit","name":"Schwerin Street & Garrison Avenue","area":0}},{"type":"Feature","geometry":{"type":"Point","coordinates":[-122.41203,37.709334]},"properties":{"id":6381906836,"category":"transit","name":"Schwerin Street & Garrison Avenue","area":0}},{"type":"Feature","geometry":{"type":"Point","coordinates":[-122.411329,37.7104842]},"properties":{"id":6381906837,"category":"transit","name":"Schwerin Street & Sunnydale Avenue","area":0}},{"type":"Feature","geometry":{"type":"Point","coordinates":[-122.411574,37.710374]},"properties":{"id":6381906838,"category":"transit","name":"Schwerin Street & Sunnydale Avenue","area":0}},{"type":"Feature","geometry":{"type":"Point","coordinates":[-122.409357,37.7099568]},"properties":{"id":6381906839,"category":"transit","name":"Sunnydale Avenue & Cora Street","area":0}},{"type":"Feature","geometry":{"type":"Point","coordinates":[-122.409849,37.7102539]},"properties":{"id":6381906840,"category":"transit","name":"Sunnydale Avenue & Cora Street","area":0}},{"type":"Feature","geometry":{"type":"Point","coordinates":[-122.40851,37.7098769]},"properties":{"id":6381906841,"category":"transit","name":"Sunnydale Avenue & Rutland Street","area":0}},{"type":"Feature","geometry":{"type":"Point","coordinates":[-122.40703,37.7093264]},"properties":{"id":6381906842,"category":"transit","name":"Sunnydale Avenue & Talbert Street","area":0}},{"type":"Feature","geometry":{"type":"Point","coordinates":[-122.406694,37.7093678]},"properties":{"id":6381906843,"category":"transit","name":"Sunnydale Avenue & Talbert Street","area":0}},{"type":"Feature","geometry":{"type":"Point","coordinates":[-122.405409,37.7088684]},"properties":{"id":6381906844,"category":"transit","name":"Sunnydale Avenue & Bayshore Boulevard","area":0}},{"type":"Feature","geometry":{"type":"Point","coordinates":[-122.405567,37.7090552]},"properties":{"id":6381906845,"category":"transit","name":"Sunnydale Avenue & Bayshore Boulevard","area":0}},{"type":"Feature","geometry":{"type":"Point","coordinates":[-122.4040728,37.7109761]},"properties":{"id":6381906846,"category":"transit","name":"Bayshore Boulevard & Leland Avenue","area":0}},{"type":"Feature","geometry":{"type":"Point","coordinates":[-122.4039085,37.7106027]},"properties":{"id":6381906847,"category":"transit","name":"Bayshore Boulevard & Visitacion Avenue","area":0}},{"type":"Feature","geometry":{"type":"Point","coordinates":[-122.4001247,37.7182405]},"properties":{"id":6381906848,"category":"transit","name":"San Bruno Avenue & Harkness Avenue","area":0}},{"type":"Feature","geometry":{"type":"Point","coordinates":[-122.399969,37.7167513]},"properties":{"id":6381906849,"category":"transit","name":"San Bruno Avenue & Wilde Avenue","area":0}},{"type":"Feature","geometry":{"type":"Point","coordinates":[-122.40297,37.7122813]},"properties":{"id":6381906850,"category":"transit","name":"Bayshore Boulevard & Arleta Avenue","area":0}},{"type":"Feature","geometry":{"type":"Point","coordinates":[-122.402283,37.7124793]},"properties":{"id":6381906851,"category":"transit","name":"San Bruno Avenue & Arleta Avenue","area":0}},{"type":"Feature","geometry":{"type":"Point","coordinates":[-122.4155306,37.7069057]},"properties":{"id":6381906853,"category":"transit","name":"Geneva Avenue & Rio Verde Street","area":0}},{"type":"Feature","geometry":{"type":"Point","coordinates":[-122.402172,37.7243951]},"properties":{"id":6381906854,"category":"transit","name":"San Bruno Avenue & Paul Avenue","area":0}},{"type":"Feature","geometry":{"type":"Point","coordinates":[-122.403593,37.7273614]},"properties":{"id":6381906855,"category":"transit","name":"San Bruno Avenue & Bacon Street","area":0}},{"type":"Feature","geometry":{"type":"Point","coordinates":[-122.403624,37.727917]},"properties":{"id":6381906856,"category":"transit","name":"San Bruno Avenue & Bacon Street","area":0}},{"type":"Feature","geometry":{"type":"Point","coordinates":[-122.405604,37.7321825]},"properties":{"id":6381906857,"category":"transit","name":"San Bruno Avenue & Silver Avenue","area":0}},{"type":"Feature","geometry":{"type":"Point","coordinates":[-122.40534,37.7320325]},"properties":{"id":6381906858,"category":"transit","name":"San Bruno Avenue & Silver Avenue","area":0}},{"type":"Feature","geometry":{"type":"Point","coordinates":[-122.4018258,37.7122222]},"properties":{"id":6382255519,"category":"transit","name":"Bayshore Boulevard & Blanken Avenue","area":0}},{"type":"Feature","geometry":{"type":"Point","coordinates":[-122.443502,37.7186029]},"properties":{"id":6382255520,"category":"transit","name":"Geneva Avenue & Cayuga Avenue","area":0}},{"type":"Feature","geometry":{"type":"Point","coordinates":[-122.443441,37.7188652]},"properties":{"id":6382255521,"category":"transit","name":"Geneva Avenue & Cayuga Avenue","area":0}},{"type":"Feature","geometry":{"type":"Point","coordinates":[-122.449486,37.7217288]},"properties":{"id":6382255522,"category":"transit","name":"Geneva Avenue & Howth Street","area":0}},{"type":"Feature","geometry":{"type":"Point","coordinates":[-122.449935,37.7221343]},"properties":{"id":6382255523,"category":"transit","name":"Geneva Avenue & Howth Street","area":0}},{"type":"Feature","geometry":{"type":"Point","coordinates":[-122.439636,37.7156433]},"properties":{"id":6382255524,"category":"transit","name":"Geneva Avenue & Paris Street","area":0}},{"type":"Feature","geometry":{"type":"Point","coordinates":[-122.4392472,37.7157326]},"properties":{"id":6382255525,"category":"transit","name":"Geneva Avenue & Paris Street","area":0}},{"type":"Feature","geometry":{"type":"Point","coordinates":[-122.437943,37.7151441]},"properties":{"id":6382255526,"category":"transit","name":"Geneva Avenue & Madrid Street","area":0}},{"type":"Feature","geometry":{"type":"Point","coordinates":[-122.437539,37.7146891]},"properties":{"id":6382255527,"category":"transit","name":"Geneva Avenue & Madrid Street","area":0}},{"type":"Feature","geometry":{"type":"Point","coordinates":[-122.435928,37.7139719]},"properties":{"id":6382255528,"category":"transit","name":"Geneva Avenue & Naples Street","area":0}},{"type":"Feature","geometry":{"type":"Point","coordinates":[-122.4364187,37.7144415]},"properties":{"id":6382255529,"category":"transit","name":"Geneva Avenue & Naples Street","area":0}},{"type":"Feature","geometry":{"type":"Point","coordinates":[-122.434011,37.7133875]},"properties":{"id":6382255530,"category":"transit","name":"Geneva Avenue & Moscow Street","area":0}},{"type":"Feature","geometry":{"type":"Point","coordinates":[-122.433222,37.7129147]},"properties":{"id":6382255531,"category":"transit","name":"Geneva Avenue & Munich Street","area":0}},{"type":"Feature","geometry":{"type":"Point","coordinates":[-122.431735,37.7128615]},"properties":{"id":6382255532,"category":"transit","name":"Geneva Avenue & Prague Street","area":0}},{"type":"Feature","geometry":{"type":"Point","coordinates":[-122.425826,37.710729]},"properties":{"id":6382255533,"category":"transit","name":"1701 Geneva Avenue","area":0}},{"type":"Feature","geometry":{"type":"Point","coordinates":[-122.426171,37.7111063]},"properties":{"id":6382255534,"category":"transit","name":"1721 Geneva Avenue","area":0}},{"type":"Feature","geometry":{"type":"Point","coordinates":[-122.427953,37.7115578]},"properties":{"id":6382255535,"category":"transit","name":"1650 Geneva Avenue","area":0}},{"type":"Feature","geometry":{"type":"Point","coordinates":[-122.428198,37.7119173]},"properties":{"id":6382255536,"category":"transit","name":"1650 Geneva Avenue","area":0}},{"type":"Feature","geometry":{"type":"Point","coordinates":[-122.4229725,37.7089758]},"properties":{"id":6382255537,"category":"transit","name":"Geneva Avenue & Carter Street","area":0}},{"type":"Feature","geometry":{"type":"Point","coordinates":[-122.4231236,37.70933]},"properties":{"id":6382255538,"category":"transit","name":"Geneva Avenue & Carter Street","area":0}},{"type":"Feature","geometry":{"type":"Point","coordinates":[-122.418034,37.712434]},"properties":{"id":6382255539,"category":"transit","name":"Sunnydale Avenue & Santos Street","area":0}},{"type":"Feature","geometry":{"type":"Point","coordinates":[-122.41754,37.7122024]},"properties":{"id":6382255540,"category":"transit","name":"Sunnydale Avenue & Santos Street","area":0}},{"type":"Feature","geometry":{"type":"Point","coordinates":[-122.415805,37.7121797]},"properties":{"id":6382255541,"category":"transit","name":"Hahn Street & Sunnydale Avenue","area":0}},{"type":"Feature","geometry":{"type":"Point","coordinates":[-122.416068,37.7120747]},"properties":{"id":6382255542,"category":"transit","name":"Hahn Street & Sunnydale Avenue","area":0}},{"type":"Feature","geometry":{"type":"Point","coordinates":[-122.415618,37.7130765]},"properties":{"id":6382255543,"category":"transit","name":"Hahn Street & Visitacion Avenue","area":0}},{"type":"Feature","geometry":{"type":"Point","coordinates":[-122.410808,37.7121846]},"properties":{"id":6382255544,"category":"transit","name":"Visitacion Avenue & Schwerin Street","area":0}},{"type":"Feature","geometry":{"type":"Point","coordinates":[-122.408996,37.7116795]},"properties":{"id":6382255545,"category":"transit","name":"Visitacion Avenue & Cora Street","area":0}},{"type":"Feature","geometry":{"type":"Point","coordinates":[-122.408255,37.7114758]},"properties":{"id":6382255546,"category":"transit","name":"Visitacion Avenue & Rutland Street","area":0}},{"type":"Feature","geometry":{"type":"Point","coordinates":[-122.407723,37.7114524]},"properties":{"id":6382255547,"category":"transit","name":"Visitacion Avenue & Rutland Street","area":0}},{"type":"Feature","geometry":{"type":"Point","coordinates":[-122.41114,37.8013051]},"properties":{"id":6382256004,"category":"transit","name":"Powell Street & Filbert Street","area":0}},{"type":"Feature","geometry":{"type":"Point","coordinates":[-122.4091348,37.8060921]},"properties":{"id":6382256005,"category":"transit","name":"Bay Street & Midway Street","area":0}},{"type":"Feature","geometry":{"type":"Point","coordinates":[-122.411852,37.8057317]},"properties":{"id":6382256006,"category":"transit","name":"Powell Street & Bay Street","area":0}},{"type":"Feature","geometry":{"type":"Point","coordinates":[-122.411306,37.8029426]},"properties":{"id":6382256007,"category":"transit","name":"Powell Street & Lombard Street","area":0}},{"type":"Feature","geometry":{"type":"Point","coordinates":[-122.405035,37.7961205]},"properties":{"id":6382256008,"category":"transit","name":"Kearny Street & Jackson Street","area":0}},{"type":"Feature","geometry":{"type":"Point","coordinates":[-122.404387,37.7929223]},"properties":{"id":6382256009,"category":"transit","name":"Kearny Street & California Street","area":0}},{"type":"Feature","geometry":{"type":"Point","coordinates":[-122.404004,37.7910317]},"properties":{"id":6382256010,"category":"transit","name":"Kearny Street & Bush Street","area":0}},{"type":"Feature","geometry":{"type":"Point","coordinates":[-122.407371,37.7978762]},"properties":{"id":6382256011,"category":"transit","name":"Broadway & Grant Avenue","area":0}},{"type":"Feature","geometry":{"type":"Point","coordinates":[-122.405314,37.797452]},"properties":{"id":6382256012,"category":"transit","name":"Kearny Street & Pacific Avenue","area":0}},{"type":"Feature","geometry":{"type":"Point","coordinates":[-122.412887,37.7061484]},"properties":{"id":6382256014,"category":"transit","name":"Geneva Avenue & Schwerin Street","area":0}},{"type":"Feature","geometry":{"type":"Point","coordinates":[-122.47133,37.7107386]},"properties":{"id":6383747683,"category":"transit","name":"San Francisco Golf Club","area":0}},{"type":"Feature","geometry":{"type":"Point","coordinates":[-122.4709433,37.7109389]},"properties":{"id":6383747684,"category":"transit","name":"Junipero Serra Boulevard & Palmetto Avenue","area":0}},{"type":"Feature","geometry":{"type":"Point","coordinates":[-122.471255,37.7135968]},"properties":{"id":6383748085,"category":"transit","name":"Junipero Serra Boulevard & Brotherhood Way","area":0}},{"type":"Feature","geometry":{"type":"Point","coordinates":[-122.473199,37.7181176]},"properties":{"id":6383748086,"category":"transit","name":"19th Avenue & Junipero Serra Boulevard","area":0}},{"type":"Feature","geometry":{"type":"Point","coordinates":[-122.475003,37.7215687]},"properties":{"id":6383748087,"category":"transit","name":"19th Avenue & Holloway Avenue","area":0}},{"type":"Feature","geometry":{"type":"Point","coordinates":[-122.474811,37.7321461]},"properties":{"id":6383748088,"category":"transit","name":"19th Avenue & Ocean Avenue","area":0}},{"type":"Feature","geometry":{"type":"Point","coordinates":[-122.475149,37.732788]},"properties":{"id":6383748089,"category":"transit","name":"19th Avenue & Ocean Avenue","area":0}},{"type":"Feature","geometry":{"type":"Point","coordinates":[-122.475248,37.7341977]},"properties":{"id":6383748090,"category":"transit","name":"19th Avenue & Sloat Boulevard","area":0}},{"type":"Feature","geometry":{"type":"Point","coordinates":[-122.47688,37.7615902]},"properties":{"id":6383748091,"category":"transit","name":"19th Avenue & Judah Street","area":0}},{"type":"Feature","geometry":{"type":"Point","coordinates":[-122.477154,37.7614571]},"properties":{"id":6383748092,"category":"transit","name":"19th Avenue & Judah Street","area":0}},{"type":"Feature","geometry":{"type":"Point","coordinates":[-122.4282635,37.8009675]},"properties":{"id":6383748093,"category":"transit","name":"Lombard Street & Gough Street","area":0}},{"type":"Feature","geometry":{"type":"Point","coordinates":[-122.431295,37.8003464]},"properties":{"id":6383748094,"category":"transit","name":"Lombard Street & Laguna Street","area":0}},{"type":"Feature","geometry":{"type":"Point","coordinates":[-122.466881,37.7116896]},"properties":{"id":6383748095,"category":"transit","name":"Alemany Boulevard & Arch Street","area":0}},{"type":"Feature","geometry":{"type":"Point","coordinates":[-122.467174,37.7116568]},"properties":{"id":6383748096,"category":"transit","name":"Arch Street & Alemany Boulevard","area":0}},{"type":"Feature","geometry":{"type":"Point","coordinates":[-122.401561,37.8005686]},"properties":{"id":6383874897,"category":"transit","name":"Battery Street & Green Street","area":0}},{"type":"Feature","geometry":{"type":"Point","coordinates":[-122.401096,37.7982755]},"properties":{"id":6383874898,"category":"transit","name":"Battery Street & Broadway","area":0}},{"type":"Feature","geometry":{"type":"Point","coordinates":[-122.4008287,37.7969047]},"properties":{"id":6383874899,"category":"transit","name":"Battery Street & Jackson Street","area":0}},{"type":"Feature","geometry":{"type":"Point","coordinates":[-122.40184,37.8019743]},"properties":{"id":6383874906,"category":"transit","name":"Battery Street & Filbert Street","area":0}},{"type":"Feature","geometry":{"type":"Point","coordinates":[-122.4029197,37.8023574]},"properties":{"id":6383874907,"category":"transit","name":"Sansome Street & Filbert Street","area":0}},{"type":"Feature","geometry":{"type":"Point","coordinates":[-122.441243,37.7169932]},"properties":{"id":6383874912,"category":"transit","name":"Geneva Avenue & Mission Street","area":0}},{"type":"Feature","geometry":{"type":"Point","coordinates":[-122.454746,37.7102177]},"properties":{"id":6383874913,"category":"transit","name":"Sickles Avenue & Cayuga Avenue","area":0}},{"type":"Feature","geometry":{"type":"Point","coordinates":[-122.3964589,37.7903902]},"properties":{"id":6383984057,"category":"transit","name":"Fremont Street & Mission Street","area":0}},{"type":"Feature","geometry":{"type":"Point","coordinates":[-122.404579,37.8010952]},"properties":{"id":6384355930,"category":"transit","name":"Union Street & Montgomery Street","area":0}},{"type":"Feature","geometry":{"type":"Point","coordinates":[-122.404553,37.8009734]},"properties":{"id":6384355931,"category":"transit","name":"Union Street & Montgomery Street","area":0}},{"type":"Feature","geometry":{"type":"Point","coordinates":[-122.406104,37.8007757]},"properties":{"id":6384355932,"category":"transit","name":"Union Street & Kearny Street","area":0}},{"type":"Feature","geometry":{"type":"Point","coordinates":[-122.405928,37.8009238]},"properties":{"id":6384355933,"category":"transit","name":"Union Street & Kearny Street","area":0}},{"type":"Feature","geometry":{"type":"Point","coordinates":[-122.407511,37.8007259]},"properties":{"id":6384355934,"category":"transit","name":"Union Street & Grant Avenue","area":0}},{"type":"Feature","geometry":{"type":"Point","coordinates":[-122.407689,37.8005723]},"properties":{"id":6384355935,"category":"transit","name":"Union Street & Grant Avenue","area":0}},{"type":"Feature","geometry":{"type":"Point","coordinates":[-122.405704,37.8017822]},"properties":{"id":6384355936,"category":"transit","name":"115 Telegraph Hill Boulevard","area":0}},{"type":"Feature","geometry":{"type":"Point","coordinates":[-122.40563,37.8018611]},"properties":{"id":6384355937,"category":"transit","name":"Telegraph Hill Boulevard & Filbert Street","area":0}},{"type":"Feature","geometry":{"type":"Point","coordinates":[-122.40657,37.8026349]},"properties":{"id":6384355938,"category":"transit","name":"Telegraph Hill Boulevard & Greenwich Street","area":0}},{"type":"Feature","geometry":{"type":"Point","coordinates":[-122.406423,37.8026158]},"properties":{"id":6384355939,"category":"transit","name":"Telegraph Hill Boulevard & Greenwich Street","area":0}},{"type":"Feature","geometry":{"type":"Point","coordinates":[-122.406688,37.8029957]},"properties":{"id":6384355940,"category":"transit","name":"225 Telegraph Hill Boulevard","area":0}},{"type":"Feature","geometry":{"type":"Point","coordinates":[-122.406785,37.8029942]},"properties":{"id":6384355941,"category":"transit","name":"225 Telegraph Hill Boulevard","area":0}},{"type":"Feature","geometry":{"type":"Point","coordinates":[-122.406626,37.8035888]},"properties":{"id":6384355942,"category":"transit","name":"Lombard Street & Kearny Street","area":0}},{"type":"Feature","geometry":{"type":"Point","coordinates":[-122.406544,37.8037265]},"properties":{"id":6384355943,"category":"transit","name":"Lombard Street & Kearny Street","area":0}},{"type":"Feature","geometry":{"type":"Point","coordinates":[-122.407896,37.8034135]},"properties":{"id":6384355944,"category":"transit","name":"Lombard Street & Grant Avenue","area":0}},{"type":"Feature","geometry":{"type":"Point","coordinates":[-122.408105,37.8035118]},"properties":{"id":6384355945,"category":"transit","name":"Lombard Street & Grant Avenue","area":0}},{"type":"Feature","geometry":{"type":"Point","coordinates":[-122.409643,37.8033258]},"properties":{"id":6384355946,"category":"transit","name":"Lombard Street & Stockton Street","area":0}},{"type":"Feature","geometry":{"type":"Point","coordinates":[-122.409664,37.8031469]},"properties":{"id":6384355947,"category":"transit","name":"Stockton Street & Lombard Street","area":0}},{"type":"Feature","geometry":{"type":"Point","coordinates":[-122.409677,37.8024109]},"properties":{"id":6384355948,"category":"transit","name":"Stockton Street & Greenwich Street","area":0}},{"type":"Feature","geometry":{"type":"Point","coordinates":[-122.409464,37.8022041]},"properties":{"id":6384355949,"category":"transit","name":"Stockton Street & Greenwich Street","area":0}},{"type":"Feature","geometry":{"type":"Point","coordinates":[-122.40948,37.8014856]},"properties":{"id":6384355950,"category":"transit","name":"Stockton Street & Filbert Street","area":0}},{"type":"Feature","geometry":{"type":"Point","coordinates":[-122.409315,37.8005759]},"properties":{"id":6384355951,"category":"transit","name":"Stockton Street & Union Street","area":0}},{"type":"Feature","geometry":{"type":"Point","coordinates":[-122.409317,37.8003672]},"properties":{"id":6384355952,"category":"transit","name":"Union Street & Stockton Street","area":0}},{"type":"Feature","geometry":{"type":"Point","coordinates":[-122.394756,37.7109629]},"properties":{"id":6384556366,"category":"transit","name":"Executive Park Boulevard & Blanken Avenue","area":0}},{"type":"Feature","geometry":{"type":"Point","coordinates":[-122.39484,37.7228862]},"properties":{"id":6384556368,"category":"transit","name":"Fitzgerald Avenue & Keith Street","area":0}},{"type":"Feature","geometry":{"type":"Point","coordinates":[-122.475224,37.7258909]},"properties":{"id":6384556370,"category":"transit","name":"19th Avenue & Buckingham Way","area":0}},{"type":"Feature","geometry":{"type":"Point","coordinates":[-122.4817917,37.7919711]},"properties":{"id":6384556371,"category":"transit","name":"Bowley Street & Lincoln Boulevard","area":0}},{"type":"Feature","geometry":{"type":"Point","coordinates":[-122.4997228,37.7849701]},"properties":{"id":6384556373,"category":"transit","name":"Legion of Honor","area":0}},{"type":"Feature","geometry":{"type":"Point","coordinates":[-122.507235,37.7354329]},"properties":{"id":6384556374,"category":"transit","name":"Great Highway & Sloat Boulevard","area":0}},{"type":"Feature","geometry":{"type":"Point","coordinates":[-122.390752,37.7338093]},"properties":{"id":6384556377,"category":"transit","name":"Palou Avenue & 3rd Street","area":0}},{"type":"Feature","geometry":{"type":"Point","coordinates":[-122.388584,37.7398558]},"properties":{"id":6384556378,"category":"transit","name":"Newhall Street & Hudson Avenue","area":0}},{"type":"Feature","geometry":{"type":"Point","coordinates":[-122.486941,37.7387419]},"properties":{"id":6384556380,"category":"transit","name":"Vicente Street & 30th Avenue","area":0}},{"type":"Feature","geometry":{"type":"Point","coordinates":[-122.4936265,37.7341057]},"properties":{"id":6384556383,"category":"transit","name":"Sloat Boulevard & 36th Avenue","area":0}},{"type":"Feature","geometry":{"type":"Point","coordinates":[-122.419073,37.7482776]},"properties":{"id":6384556487,"category":"transit","name":"Cesar Chavez Street & Bartlett Street","area":0}},{"type":"Feature","geometry":{"type":"Point","coordinates":[-122.367231,37.728872]},"properties":{"id":6384556488,"category":"transit","name":"Galvez Avenue & Robinson Avenue","area":0}},{"type":"Feature","geometry":{"type":"Point","coordinates":[-122.4641301,37.7849673]},"properties":{"id":6384556789,"category":"transit","name":"California Street & 6th Avenue","area":0}},{"type":"Feature","geometry":{"type":"Point","coordinates":[-122.4257771,37.7192915]},"properties":{"id":6384556791,"category":"transit","name":"Dublin Street & La Grande Avenue","area":0}},{"type":"Feature","geometry":{"type":"Point","coordinates":[-122.420375,37.7476211]},"properties":{"id":6384556793,"category":"transit","name":"Valencia Street & Cesar Chavez Street","area":0}},{"type":"Feature","geometry":{"type":"Point","coordinates":[-122.4458164,37.7503826]},"properties":{"id":6384556794,"category":"transit","name":"Parkridge Drive & Burnett Avenue","area":0}},{"type":"Feature","geometry":{"type":"Point","coordinates":[-122.390811,37.7705667]},"properties":{"id":6384556804,"category":"transit","name":"Mission Bay Boulevard South & 4th Street","area":0}},{"type":"Feature","geometry":{"type":"Point","coordinates":[-122.414901,37.7347177]},"properties":{"id":6384556807,"category":"transit","name":"Ellsworth Street & Crescent Avenue","area":0}},{"type":"Feature","geometry":{"type":"Point","coordinates":[-122.406722,37.7530046]},"properties":{"id":6384556811,"category":"transit","name":"24th Street & Potrero Avenue","area":0}},{"type":"Feature","geometry":{"type":"Point","coordinates":[-122.4061142,37.7530903]},"properties":{"id":6384556812,"category":"transit","name":"24th Street & Potrero Avenue","area":0}},{"type":"Feature","geometry":{"type":"Point","coordinates":[-122.417994,37.7480696]},"properties":{"id":6384556817,"category":"transit","name":"Cesar Chavez Street & Mission Street","area":0}},{"type":"Feature","geometry":{"type":"Point","coordinates":[-122.465624,37.7410162]},"properties":{"id":6384556886,"category":"transit","name":"Ulloa Street & West Portal Avenue","area":0}},{"type":"Feature","geometry":{"type":"Point","coordinates":[-122.507536,37.7455617]},"properties":{"id":6384556891,"category":"transit","name":"Lower Great Highway & Rivera Street","area":0}},{"type":"Feature","geometry":{"type":"Point","coordinates":[-122.4361739,37.7512384]},"properties":{"id":6384556892,"category":"transit","name":"24th Street & Diamond Street","area":0}},{"type":"Feature","geometry":{"type":"Point","coordinates":[-122.388057,37.7604632]},"properties":{"id":6384556893,"category":"transit","name":"20th Street & 3rd Street","area":0}},{"type":"Feature","geometry":{"type":"Point","coordinates":[-122.388549,37.7403123]},"properties":{"id":6384556894,"category":"transit","name":"Hudson Avenue & 3rd Street","area":0}},{"type":"Feature","geometry":{"type":"Point","coordinates":[-122.398195,37.7521759]},"properties":{"id":6384655753,"category":"transit","name":"25th Street & Wisconsin Street","area":0}},{"type":"Feature","geometry":{"type":"Point","coordinates":[-122.39834,37.7522791]},"properties":{"id":6384655754,"category":"transit","name":"25th Street & Wisconsin Street","area":0}},{"type":"Feature","geometry":{"type":"Point","coordinates":[-122.396663,37.7522691]},"properties":{"id":6384655755,"category":"transit","name":"25th Street & Connecticut Street","area":0}},{"type":"Feature","geometry":{"type":"Point","coordinates":[-122.396368,37.7523991]},"properties":{"id":6384655756,"category":"transit","name":"25th Street & Connecticut Street","area":0}},{"type":"Feature","geometry":{"type":"Point","coordinates":[-122.394675,37.7526654]},"properties":{"id":6384655757,"category":"transit","name":"Dakota Street & 25th Street","area":0}},{"type":"Feature","geometry":{"type":"Point","coordinates":[-122.395651,37.7537607]},"properties":{"id":6384655758,"category":"transit","name":"101 Dakota Street","area":0}},{"type":"Feature","geometry":{"type":"Point","coordinates":[-122.395799,37.7537374]},"properties":{"id":6384655759,"category":"transit","name":"14 Dakota Street","area":0}},{"type":"Feature","geometry":{"type":"Point","coordinates":[-122.396827,37.7547018]},"properties":{"id":6384655760,"category":"transit","name":"23rd Street & Dakota Street","area":0}},{"type":"Feature","geometry":{"type":"Point","coordinates":[-122.396555,37.7547082]},"properties":{"id":6384655761,"category":"transit","name":"Dakota Street & 23rd Street","area":0}},{"type":"Feature","geometry":{"type":"Point","coordinates":[-122.398577,37.7548444]},"properties":{"id":6384655762,"category":"transit","name":"23rd Street & Townsend Street","area":0}},{"type":"Feature","geometry":{"type":"Point","coordinates":[-122.397933,37.7559769]},"properties":{"id":6384655763,"category":"transit","name":"Arkansas Street & Madera Street","area":0}},{"type":"Feature","geometry":{"type":"Point","coordinates":[-122.398728,37.7557873]},"properties":{"id":6384655764,"category":"transit","name":"Wisconsin Street & Madera Street","area":0}},{"type":"Feature","geometry":{"type":"Point","coordinates":[-122.398845,37.757219]},"properties":{"id":6384655765,"category":"transit","name":"Wisconsin Street & 22nd Street","area":0}},{"type":"Feature","geometry":{"type":"Point","coordinates":[-122.398094,37.7573966]},"properties":{"id":6384655766,"category":"transit","name":"Arkansas Street & 22nd Street","area":0}},{"type":"Feature","geometry":{"type":"Point","coordinates":[-122.398385,37.759842]},"properties":{"id":6384655767,"category":"transit","name":"20th Street & Arkansas Street","area":0}},{"type":"Feature","geometry":{"type":"Point","coordinates":[-122.398098,37.7600036]},"properties":{"id":6384655768,"category":"transit","name":"20th Street & Arkansas Street","area":0}},{"type":"Feature","geometry":{"type":"Point","coordinates":[-122.397282,37.7611623]},"properties":{"id":6384655769,"category":"transit","name":"Connecticut Street & 19th Street","area":0}},{"type":"Feature","geometry":{"type":"Point","coordinates":[-122.397509,37.7613531]},"properties":{"id":6384655770,"category":"transit","name":"Connecticut Street & 19th Street","area":0}},{"type":"Feature","geometry":{"type":"Point","coordinates":[-122.401615,37.7660231]},"properties":{"id":6384655771,"category":"transit","name":"De Haro Street & 16th Street","area":0}},{"type":"Feature","geometry":{"type":"Point","coordinates":[-122.4027,37.7648824]},"properties":{"id":6384655772,"category":"transit","name":"Rhode Island Street & 17th Street","area":0}},{"type":"Feature","geometry":{"type":"Point","coordinates":[-122.401992,37.7716686]},"properties":{"id":6384655773,"category":"transit","name":"Townsend Street & 7th Street","area":0}},{"type":"Feature","geometry":{"type":"Point","coordinates":[-122.399359,37.7735985]},"properties":{"id":6384655774,"category":"transit","name":"Townsend Street & 6th Street","area":0}},{"type":"Feature","geometry":{"type":"Point","coordinates":[-122.399421,37.7737524]},"properties":{"id":6384655775,"category":"transit","name":"Townsend Street & 6th Street","area":0}},{"type":"Feature","geometry":{"type":"Point","coordinates":[-122.393072,37.7787575]},"properties":{"id":6384655777,"category":"transit","name":"Townsend Street & 3rd Street","area":0}},{"type":"Feature","geometry":{"type":"Point","coordinates":[-122.392485,37.7789502]},"properties":{"id":6384655778,"category":"transit","name":"Townsend Street & 3rd Street","area":0}},{"type":"Feature","geometry":{"type":"Point","coordinates":[-122.391876,37.7818335]},"properties":{"id":6384655781,"category":"transit","name":"2nd Street & Brannan Street","area":0}},{"type":"Feature","geometry":{"type":"Point","coordinates":[-122.392294,37.781874]},"properties":{"id":6384655782,"category":"transit","name":"2nd Street & Brannan Street","area":0}},{"type":"Feature","geometry":{"type":"Point","coordinates":[-122.419923,37.7480336]},"properties":{"id":6384663489,"category":"transit","name":"Cesar Chavez Street & Valencia Street","area":0}},{"type":"Feature","geometry":{"type":"Point","coordinates":[-122.415741,37.7683734]},"properties":{"id":6384663490,"category":"transit","name":"Folsom Street & 14th Street","area":0}},{"type":"Feature","geometry":{"type":"Point","coordinates":[-122.415514,37.7684427]},"properties":{"id":6384663491,"category":"transit","name":"Folsom Street & 14th Street","area":0}},{"type":"Feature","geometry":{"type":"Point","coordinates":[-122.4147987,37.758723]},"properties":{"id":6384663492,"category":"transit","name":"Folsom Street & 20th Street","area":0}},{"type":"Feature","geometry":{"type":"Point","coordinates":[-122.4146194,37.7591403]},"properties":{"id":6384663493,"category":"transit","name":"Folsom Street & 20th Street","area":0}},{"type":"Feature","geometry":{"type":"Point","coordinates":[-122.4143079,37.7558859]},"properties":{"id":6384663494,"category":"transit","name":"Folsom Street & 22nd Street","area":0}},{"type":"Feature","geometry":{"type":"Point","coordinates":[-122.414469,37.7554894]},"properties":{"id":6384663495,"category":"transit","name":"Folsom Street & 22nd Street","area":0}},{"type":"Feature","geometry":{"type":"Point","coordinates":[-122.41418,37.752282]},"properties":{"id":6384663496,"category":"transit","name":"Folsom Street & 24th Street","area":0}},{"type":"Feature","geometry":{"type":"Point","coordinates":[-122.414012,37.7527171]},"properties":{"id":6384663497,"category":"transit","name":"Folsom Street & 24th Street","area":0}},{"type":"Feature","geometry":{"type":"Point","coordinates":[-122.414071,37.751014]},"properties":{"id":6384663498,"category":"transit","name":"Folsom Street & 25th Street","area":0}},{"type":"Feature","geometry":{"type":"Point","coordinates":[-122.413841,37.7508022]},"properties":{"id":6384663499,"category":"transit","name":"Folsom Street & 25th Street","area":0}},{"type":"Feature","geometry":{"type":"Point","coordinates":[-122.420218,37.7484493]},"properties":{"id":6384663501,"category":"transit","name":"Valencia Street & Cesar Chavez Street","area":0}},{"type":"Feature","geometry":{"type":"Point","coordinates":[-122.420616,37.7502191]},"properties":{"id":6384663502,"category":"transit","name":"Valencia Street & 25th Street","area":0}},{"type":"Feature","geometry":{"type":"Point","coordinates":[-122.420424,37.7507625]},"properties":{"id":6384663503,"category":"transit","name":"Valencia Street & 25th Street","area":0}},{"type":"Feature","geometry":{"type":"Point","coordinates":[-122.420783,37.7519475]},"properties":{"id":6384663504,"category":"transit","name":"Valencia Street & 24th Street","area":0}},{"type":"Feature","geometry":{"type":"Point","coordinates":[-122.415639,37.7483479]},"properties":{"id":6384663505,"category":"transit","name":"Cesar Chavez Street & South Van Ness Avenue","area":0}},{"type":"Feature","geometry":{"type":"Point","coordinates":[-122.414414,37.7717102]},"properties":{"id":6384663506,"category":"transit","name":"Folsom Street & 11th Street","area":0}},{"type":"Feature","geometry":{"type":"Point","coordinates":[-122.403789,37.7545482]},"properties":{"id":6384663507,"category":"transit","name":"23rd Street & Vermont Street","area":0}},{"type":"Feature","geometry":{"type":"Point","coordinates":[-122.402729,37.7544495]},"properties":{"id":6384663508,"category":"transit","name":"23rd Street & Kansas Street","area":0}},{"type":"Feature","geometry":{"type":"Point","coordinates":[-122.402232,37.7518705]},"properties":{"id":6384663509,"category":"transit","name":"Kansas Street & 25th Street","area":0}},{"type":"Feature","geometry":{"type":"Point","coordinates":[-122.402131,37.7508458]},"properties":{"id":6384663510,"category":"transit","name":"Kansas Street & 26th Street","area":0}},{"type":"Feature","geometry":{"type":"Point","coordinates":[-122.401601,37.7533925]},"properties":{"id":6384663511,"category":"transit","name":"Rhode Island Street & 24th Street","area":0}},{"type":"Feature","geometry":{"type":"Point","coordinates":[-122.40148,37.7521132]},"properties":{"id":6384663512,"category":"transit","name":"Rhode Island Street & 25th Street","area":0}},{"type":"Feature","geometry":{"type":"Point","coordinates":[-122.401123,37.7506875]},"properties":{"id":6384663513,"category":"transit","name":"26th Street & Rhode Island Street","area":0}},{"type":"Feature","geometry":{"type":"Point","coordinates":[-122.401357,37.7507596]},"properties":{"id":6384663514,"category":"transit","name":"Rhode Island Street & 26th Street","area":0}},{"type":"Feature","geometry":{"type":"Point","coordinates":[-122.400066,37.7507733]},"properties":{"id":6384663515,"category":"transit","name":"26th Street & De Haro Street","area":0}},{"type":"Feature","geometry":{"type":"Point","coordinates":[-122.400146,37.7508582]},"properties":{"id":6384663516,"category":"transit","name":"26th Street & De Haro Street","area":0}},{"type":"Feature","geometry":{"type":"Point","coordinates":[-122.398675,37.751096]},"properties":{"id":6384663517,"category":"transit","name":"26th Street & Wisconsin Street","area":0}},{"type":"Feature","geometry":{"type":"Point","coordinates":[-122.398316,37.7512933]},"properties":{"id":6384663518,"category":"transit","name":"Wisconsin Street & 26th Street","area":0}},{"type":"Feature","geometry":{"type":"Point","coordinates":[-122.397766,37.7824219]},"properties":{"id":6384667165,"category":"transit","name":"Harrison Street & 3rd Street","area":0}},{"type":"Feature","geometry":{"type":"Point","coordinates":[-122.395547,37.7841714]},"properties":{"id":6384667166,"category":"transit","name":"Harrison Street & 2nd Street","area":0}},{"type":"Feature","geometry":{"type":"Point","coordinates":[-122.3949713,37.7840603]},"properties":{"id":6384667167,"category":"transit","name":"2nd Street & Harrison Street","area":0}},{"type":"Feature","geometry":{"type":"Point","coordinates":[-122.406347,37.7978462]},"properties":{"id":6384667171,"category":"transit","name":"Broadway & Columbus Avenue","area":0}},{"type":"Feature","geometry":{"type":"Point","coordinates":[-122.408307,37.797599]},"properties":{"id":6384667172,"category":"transit","name":"Broadway & Stockton Street","area":0}},{"type":"Feature","geometry":{"type":"Point","coordinates":[-122.4200776,37.7951573]},"properties":{"id":6384667173,"category":"transit","name":"Pacific Avenue & Larkin Street","area":0}},{"type":"Feature","geometry":{"type":"Point","coordinates":[-122.419851,37.7953198]},"properties":{"id":6384667174,"category":"transit","name":"Pacific Avenue & Larkin Street","area":0}},{"type":"Feature","geometry":{"type":"Point","coordinates":[-122.418428,37.7953996]},"properties":{"id":6384667175,"category":"transit","name":"Pacific Avenue & Hyde Street","area":0}},{"type":"Feature","geometry":{"type":"Point","coordinates":[-122.416554,37.7957439]},"properties":{"id":6384667176,"category":"transit","name":"Pacific Avenue & Leavenworth Street","area":0}},{"type":"Feature","geometry":{"type":"Point","coordinates":[-122.41514,37.7958146]},"properties":{"id":6384667177,"category":"transit","name":"Pacific Avenue & Jones Street","area":0}},{"type":"Feature","geometry":{"type":"Point","coordinates":[-122.414907,37.7959438]},"properties":{"id":6384667178,"category":"transit","name":"Pacific Avenue & Jones Street","area":0}},{"type":"Feature","geometry":{"type":"Point","coordinates":[-122.413486,37.7960245]},"properties":{"id":6384667179,"category":"transit","name":"Pacific Avenue & Taylor Street","area":0}},{"type":"Feature","geometry":{"type":"Point","coordinates":[-122.413226,37.7961711]},"properties":{"id":6384667180,"category":"transit","name":"Pacific Avenue & Taylor Street","area":0}},{"type":"Feature","geometry":{"type":"Point","coordinates":[-122.411856,37.7962456]},"properties":{"id":6384667181,"category":"transit","name":"Pacific Avenue & Mason Street","area":0}},{"type":"Feature","geometry":{"type":"Point","coordinates":[-122.411621,37.7963709]},"properties":{"id":6384667182,"category":"transit","name":"Pacific Avenue & Mason Street","area":0}},{"type":"Feature","geometry":{"type":"Point","coordinates":[-122.410239,37.7964344]},"properties":{"id":6384667183,"category":"transit","name":"Pacific Avenue & Powell Street","area":0}},{"type":"Feature","geometry":{"type":"Point","coordinates":[-122.409955,37.7965753]},"properties":{"id":6384667184,"category":"transit","name":"Pacific Avenue & Powell Street","area":0}},{"type":"Feature","geometry":{"type":"Point","coordinates":[-122.431241,37.7919317]},"properties":{"id":6384667508,"category":"transit","name":"Washington Street & Buchanan Street","area":0}},{"type":"Feature","geometry":{"type":"Point","coordinates":[-122.434526,37.7915282]},"properties":{"id":6384667509,"category":"transit","name":"Washington Street & Fillmore Street","area":0}},{"type":"Feature","geometry":{"type":"Point","coordinates":[-122.4361524,37.7914819]},"properties":{"id":6384667510,"category":"transit","name":"Steiner Street & Washington Street","area":0}},{"type":"Feature","geometry":{"type":"Point","coordinates":[-122.4328195,37.7927721]},"properties":{"id":6384667511,"category":"transit","name":"Jackson Street & Webster Street","area":0}},{"type":"Feature","geometry":{"type":"Point","coordinates":[-122.4311677,37.7929826]},"properties":{"id":6384667513,"category":"transit","name":"Jackson Street & Buchanan Street","area":0}},{"type":"Feature","geometry":{"type":"Point","coordinates":[-122.4295179,37.7931834]},"properties":{"id":6384667514,"category":"transit","name":"Jackson Street & Laguna Street","area":0}},{"type":"Feature","geometry":{"type":"Point","coordinates":[-122.42302,37.7949125]},"properties":{"id":6384667516,"category":"transit","name":"Pacific Avenue & Van Ness Avenue","area":0}},{"type":"Feature","geometry":{"type":"Point","coordinates":[-122.4278791,37.7934036]},"properties":{"id":6384667517,"category":"transit","name":"Jackson Street & Octavia Street","area":0}},{"type":"Feature","geometry":{"type":"Point","coordinates":[-122.4262384,37.7936033]},"properties":{"id":6384667518,"category":"transit","name":"Jackson Street & Gough Street","area":0}},{"type":"Feature","geometry":{"type":"Point","coordinates":[-122.424595,37.7938128]},"properties":{"id":6384667519,"category":"transit","name":"Jackson Street & Franklin Street","area":0}},{"type":"Feature","geometry":{"type":"Point","coordinates":[-122.406776,37.7969698]},"properties":{"id":6384667585,"category":"transit","name":"Pacific Avenue & Grant Avenue","area":0}},{"type":"Feature","geometry":{"type":"Point","coordinates":[-122.405208,37.7971648]},"properties":{"id":6384667586,"category":"transit","name":"Pacific Avenue & Kearny Street","area":0}},{"type":"Feature","geometry":{"type":"Point","coordinates":[-122.403588,37.7973733]},"properties":{"id":6384667587,"category":"transit","name":"Pacific Avenue & Montgomery Street","area":0}},{"type":"Feature","geometry":{"type":"Point","coordinates":[-122.4024,37.7975251]},"properties":{"id":6384667588,"category":"transit","name":"Pacific Avenue & Sansome Street","area":0}},{"type":"Feature","geometry":{"type":"Point","coordinates":[-122.40195,37.7964751]},"properties":{"id":6384667589,"category":"transit","name":"Sansome Street & Jackson Street","area":0}},{"type":"Feature","geometry":{"type":"Point","coordinates":[-122.400541,37.7905653]},"properties":{"id":6384667590,"category":"transit","name":"Sansome Street & Sutter Street","area":0}},{"type":"Feature","geometry":{"type":"Point","coordinates":[-122.421682,37.794184]},"properties":{"id":6384667591,"category":"transit","name":"Jackson Street & Polk Street","area":0}},{"type":"Feature","geometry":{"type":"Point","coordinates":[-122.424656,37.792785]},"properties":{"id":6384667592,"category":"transit","name":"Washington Street & Franklin Street","area":0}},{"type":"Feature","geometry":{"type":"Point","coordinates":[-122.4262903,37.792565]},"properties":{"id":6384667593,"category":"transit","name":"Washington Street & Gough Street","area":0}},{"type":"Feature","geometry":{"type":"Point","coordinates":[-122.42924,37.7921838]},"properties":{"id":6384667594,"category":"transit","name":"Washington Street & Laguna Street","area":0}},{"type":"Feature","geometry":{"type":"Point","coordinates":[-122.417317,37.7901698]},"properties":{"id":6386013931,"category":"transit","name":"Hyde Street & Pine Street","area":0}},{"type":"Feature","geometry":{"type":"Point","coordinates":[-122.417515,37.7911281]},"properties":{"id":6386013932,"category":"transit","name":"Hyde Street & California Street","area":0}},{"type":"Feature","geometry":{"type":"Point","coordinates":[-122.415488,37.7901721]},"properties":{"id":6386013939,"category":"transit","name":"Leavenworth Street & Pine Street","area":0}},{"type":"Feature","geometry":{"type":"Point","coordinates":[-122.414304,37.7847617]},"properties":{"id":6386013940,"category":"transit","name":"Ellis Street & Leavenworth Street","area":0}},{"type":"Feature","geometry":{"type":"Point","coordinates":[-122.411478,37.7851198]},"properties":{"id":6386013942,"category":"transit","name":"Ellis Street & Taylor Street","area":0}},{"type":"Feature","geometry":{"type":"Point","coordinates":[-122.410677,37.7683979]},"properties":{"id":6386013944,"category":"transit","name":"Bryant Street & Alameda Street","area":0}},{"type":"Feature","geometry":{"type":"Point","coordinates":[-122.410913,37.7687923]},"properties":{"id":6386013945,"category":"transit","name":"Bryant Street & Division Street","area":0}},{"type":"Feature","geometry":{"type":"Point","coordinates":[-122.410587,37.7653618]},"properties":{"id":6386013946,"category":"transit","name":"Bryant Street & 16th Street","area":0}},{"type":"Feature","geometry":{"type":"Point","coordinates":[-122.410374,37.7631529]},"properties":{"id":6386013947,"category":"transit","name":"Bryant Street & Mariposa Street","area":0}},{"type":"Feature","geometry":{"type":"Point","coordinates":[-122.410144,37.7629398]},"properties":{"id":6386013948,"category":"transit","name":"Bryant Street & Mariposa Street","area":0}},{"type":"Feature","geometry":{"type":"Point","coordinates":[-122.410014,37.7616393]},"properties":{"id":6386013949,"category":"transit","name":"Bryant Street & 18th Street","area":0}},{"type":"Feature","geometry":{"type":"Point","coordinates":[-122.410259,37.7619228]},"properties":{"id":6386013950,"category":"transit","name":"Bryant Street & 18th Street","area":0}},{"type":"Feature","geometry":{"type":"Point","coordinates":[-122.410129,37.760629]},"properties":{"id":6386013951,"category":"transit","name":"Bryant Street & 19th Street","area":0}},{"type":"Feature","geometry":{"type":"Point","coordinates":[-122.409906,37.7603413]},"properties":{"id":6386013952,"category":"transit","name":"Bryant Street & 19th Street","area":0}},{"type":"Feature","geometry":{"type":"Point","coordinates":[-122.40996,37.7592916]},"properties":{"id":6386013953,"category":"transit","name":"Bryant Street & 20th Street","area":0}},{"type":"Feature","geometry":{"type":"Point","coordinates":[-122.40965,37.7591108]},"properties":{"id":6386013954,"category":"transit","name":"Bryant Street & 20th Street","area":0}},{"type":"Feature","geometry":{"type":"Point","coordinates":[-122.4094966,37.7575155]},"properties":{"id":6386013955,"category":"transit","name":"Bryant Street & 21st Street","area":0}},{"type":"Feature","geometry":{"type":"Point","coordinates":[-122.4096654,37.7574213]},"properties":{"id":6386013956,"category":"transit","name":"Bryant Street & 21st Street","area":0}},{"type":"Feature","geometry":{"type":"Point","coordinates":[-122.4093857,37.7562072]},"properties":{"id":6386013957,"category":"transit","name":"Bryant Street & 22nd Street","area":0}},{"type":"Feature","geometry":{"type":"Point","coordinates":[-122.4095291,37.7557701]},"properties":{"id":6386013958,"category":"transit","name":"Bryant Street & 22nd Street","area":0}},{"type":"Feature","geometry":{"type":"Point","coordinates":[-122.4093507,37.754199]},"properties":{"id":6386014159,"category":"transit","name":"Bryant Street & 23rd Street","area":0}},{"type":"Feature","geometry":{"type":"Point","coordinates":[-122.4091852,37.7543132]},"properties":{"id":6386014160,"category":"transit","name":"Bryant Street & 23rd Street","area":0}},{"type":"Feature","geometry":{"type":"Point","coordinates":[-122.4162084,37.7491165]},"properties":{"id":6386014161,"category":"transit","name":"26th Street & South Van Ness Avenue","area":0}},{"type":"Feature","geometry":{"type":"Point","coordinates":[-122.390014,37.7711176]},"properties":{"id":6386047586,"category":"transit","name":"Mission Bay Boulevard North & 3rd Street","area":0}},{"type":"Feature","geometry":{"type":"Point","coordinates":[-122.389504,37.7692978]},"properties":{"id":6386047587,"category":"transit","name":"3rd Street & Gene Friend Way","area":0}},{"type":"Feature","geometry":{"type":"Point","coordinates":[-122.3911911,37.7669214]},"properties":{"id":6386047588,"category":"transit","name":"16th Street & 4th Street","area":0}},{"type":"Feature","geometry":{"type":"Point","coordinates":[-122.390419,37.7667361]},"properties":{"id":6386047589,"category":"transit","name":"16th Street & 4th Street","area":0}},{"type":"Feature","geometry":{"type":"Point","coordinates":[-122.393285,37.766789]},"properties":{"id":6386047590,"category":"transit","name":"16th Street & Owens Street","area":0}},{"type":"Feature","geometry":{"type":"Point","coordinates":[-122.3922,37.7666314]},"properties":{"id":6386047591,"category":"transit","name":"16th Street & Owens Street","area":0}},{"type":"Feature","geometry":{"type":"Point","coordinates":[-122.396521,37.7663691]},"properties":{"id":6386047592,"category":"transit","name":"16th Street & Missouri Street","area":0}},{"type":"Feature","geometry":{"type":"Point","coordinates":[-122.397284,37.7665146]},"properties":{"id":6386047593,"category":"transit","name":"16th Street & Missouri Street","area":0}},{"type":"Feature","geometry":{"type":"Point","coordinates":[-122.399401,37.7661954]},"properties":{"id":6386047594,"category":"transit","name":"16th Street & Wisconsin Street","area":0}},{"type":"Feature","geometry":{"type":"Point","coordinates":[-122.400213,37.7663364]},"properties":{"id":6386047595,"category":"transit","name":"16th Street & Wisconsin Street","area":0}},{"type":"Feature","geometry":{"type":"Point","coordinates":[-122.4028971,37.7660323]},"properties":{"id":6386047596,"category":"transit","name":"16th Street & Rhode Island Street","area":0}},{"type":"Feature","geometry":{"type":"Point","coordinates":[-122.402572,37.7661853]},"properties":{"id":6386047597,"category":"transit","name":"16th Street & Rhode Island Street","area":0}},{"type":"Feature","geometry":{"type":"Point","coordinates":[-122.386254,37.7419585]},"properties":{"id":6386250131,"category":"transit","name":"Evans Avenue & Newhall Street","area":0}},{"type":"Feature","geometry":{"type":"Point","coordinates":[-122.387566,37.7423637]},"properties":{"id":6386250132,"category":"transit","name":"Evans Avenue & 3rd Street","area":0}},{"type":"Feature","geometry":{"type":"Point","coordinates":[-122.388303,37.7430122]},"properties":{"id":6386250133,"category":"transit","name":"Evans Avenue & Phelps Street","area":0}},{"type":"Feature","geometry":{"type":"Point","coordinates":[-122.388677,37.7429969]},"properties":{"id":6386250134,"category":"transit","name":"Evans Avenue & Phelps Street","area":0}},{"type":"Feature","geometry":{"type":"Point","coordinates":[-122.390556,37.7440708]},"properties":{"id":6386250135,"category":"transit","name":"Evans Avenue & Quint Street","area":0}},{"type":"Feature","geometry":{"type":"Point","coordinates":[-122.390655,37.7443538]},"properties":{"id":6386250136,"category":"transit","name":"Evans Avenue & Quint Street","area":0}},{"type":"Feature","geometry":{"type":"Point","coordinates":[-122.393921,37.7459849]},"properties":{"id":6386250137,"category":"transit","name":"Evans Avenue & Selby Street","area":0}},{"type":"Feature","geometry":{"type":"Point","coordinates":[-122.394006,37.7462381]},"properties":{"id":6386250138,"category":"transit","name":"Evans Avenue & Selby Street","area":0}},{"type":"Feature","geometry":{"type":"Point","coordinates":[-122.395307,37.7469787]},"properties":{"id":6386250139,"category":"transit","name":"Evans Avenue & Napoleon Street","area":0}},{"type":"Feature","geometry":{"type":"Point","coordinates":[-122.396296,37.7473354]},"properties":{"id":6386250140,"category":"transit","name":"Evans Avenue & Napoleon Street","area":0}},{"type":"Feature","geometry":{"type":"Point","coordinates":[-122.396485,37.7482208]},"properties":{"id":6386250141,"category":"transit","name":"Evans Avenue & Cesar Chavez Street","area":0}},{"type":"Feature","geometry":{"type":"Point","coordinates":[-122.397096,37.7489831]},"properties":{"id":6386250142,"category":"transit","name":"Evans Avenue & Cesar Chavez Street","area":0}},{"type":"Feature","geometry":{"type":"Point","coordinates":[-122.396207,37.7499913]},"properties":{"id":6386250143,"category":"transit","name":"Connecticut Street & Cesar Chavez Street","area":0}},{"type":"Feature","geometry":{"type":"Point","coordinates":[-122.396413,37.7498848]},"properties":{"id":6386250144,"category":"transit","name":"Connecticut Street & Cesar Chavez Street","area":0}},{"type":"Feature","geometry":{"type":"Point","coordinates":[-122.39636,37.7513114]},"properties":{"id":6386250145,"category":"transit","name":"Connecticut Street & 26th Street","area":0}},{"type":"Feature","geometry":{"type":"Point","coordinates":[-122.39651,37.7512998]},"properties":{"id":6386250146,"category":"transit","name":"Connecticut Street & 26th Street","area":0}},{"type":"Feature","geometry":{"type":"Point","coordinates":[-122.398585,37.7523052]},"properties":{"id":6386250147,"category":"transit","name":"Wisconsin Street & 25th Street","area":0}},{"type":"Feature","geometry":{"type":"Point","coordinates":[-122.39869,37.7534598]},"properties":{"id":6386250148,"category":"transit","name":"Wisconsin Street & Connecticut Street","area":0}},{"type":"Feature","geometry":{"type":"Point","coordinates":[-122.39733,37.753869]},"properties":{"id":6386250149,"category":"transit","name":"967 Connecticut Street","area":0}},{"type":"Feature","geometry":{"type":"Point","coordinates":[-122.396463,37.7524999]},"properties":{"id":6386250150,"category":"transit","name":"Connecticut Street & 25th Street","area":0}},{"type":"Feature","geometry":{"type":"Point","coordinates":[-122.401872,37.7561719]},"properties":{"id":6386250151,"category":"transit","name":"1076 Rhode Island Street","area":0}},{"type":"Feature","geometry":{"type":"Point","coordinates":[-122.402078,37.7584389]},"properties":{"id":6386250152,"category":"transit","name":"Rhode Island Street & Southern Heights Avenue","area":0}},{"type":"Feature","geometry":{"type":"Point","coordinates":[-122.402185,37.7594336]},"properties":{"id":6386250153,"category":"transit","name":"Rhode Island Street & 20th Street","area":0}},{"type":"Feature","geometry":{"type":"Point","coordinates":[-122.402317,37.7608644]},"properties":{"id":6386250154,"category":"transit","name":"Rhode Island Street & 19th Street","area":0}},{"type":"Feature","geometry":{"type":"Point","coordinates":[-122.402426,37.7619843]},"properties":{"id":6386250155,"category":"transit","name":"Rhode Island Street & 18th Street","area":0}},{"type":"Feature","geometry":{"type":"Point","coordinates":[-122.40255,37.7632789]},"properties":{"id":6386250156,"category":"transit","name":"Rhode Island Street & Mariposa Street","area":0}},{"type":"Feature","geometry":{"type":"Point","coordinates":[-122.401386,37.7634904]},"properties":{"id":6386250157,"category":"transit","name":"De Haro Street & Mariposa Street","area":0}},{"type":"Feature","geometry":{"type":"Point","coordinates":[-122.401269,37.7622146]},"properties":{"id":6386250158,"category":"transit","name":"De Haro Street & 18th Street","area":0}},{"type":"Feature","geometry":{"type":"Point","coordinates":[-122.401039,37.7596682]},"properties":{"id":6386250159,"category":"transit","name":"De Haro Street & 20th Street","area":0}},{"type":"Feature","geometry":{"type":"Point","coordinates":[-122.401763,37.7545077]},"properties":{"id":6386250160,"category":"transit","name":"23rd Street & Rhode Island Street","area":0}},{"type":"Feature","geometry":{"type":"Point","coordinates":[-122.417808,37.7850454]},"properties":{"id":6386250162,"category":"transit","name":"Larkin Street & O'Farrell Street","area":0}},{"type":"Feature","geometry":{"type":"Point","coordinates":[-122.417125,37.7816939]},"properties":{"id":6386250163,"category":"transit","name":"Larkin Street & Golden Gate Avenue","area":0}},{"type":"Feature","geometry":{"type":"Point","coordinates":[-122.416814,37.7803382]},"properties":{"id":6386250164,"category":"transit","name":"Larkin Street & McAllister Street","area":0}},{"type":"Feature","geometry":{"type":"Point","coordinates":[-122.416538,37.7789319]},"properties":{"id":6386250165,"category":"transit","name":"Larkin Street & Grove Street","area":0}},{"type":"Feature","geometry":{"type":"Point","coordinates":[-122.4151477,37.7792502]},"properties":{"id":6386250166,"category":"transit","name":"Hyde Street & Grove Street","area":0}},{"type":"Feature","geometry":{"type":"Point","coordinates":[-122.4154754,37.7809307]},"properties":{"id":6386250167,"category":"transit","name":"Hyde Street & McAllister Street","area":0}},{"type":"Feature","geometry":{"type":"Point","coordinates":[-122.415812,37.7827101]},"properties":{"id":6386250168,"category":"transit","name":"Hyde Street & Turk Street","area":0}},{"type":"Feature","geometry":{"type":"Point","coordinates":[-122.420853,37.7917662]},"properties":{"id":6386250169,"category":"transit","name":"Polk Street & Sacramento Street","area":0}},{"type":"Feature","geometry":{"type":"Point","coordinates":[-122.369792,37.7291142]},"properties":{"id":6386250215,"category":"transit","name":"Donahue Street & Innes Avenue","area":0}},{"type":"Feature","geometry":{"type":"Point","coordinates":[-122.370131,37.7289909]},"properties":{"id":6386250216,"category":"transit","name":"Donahue Street & Innes Avenue","area":0}},{"type":"Feature","geometry":{"type":"Point","coordinates":[-122.372188,37.7298785]},"properties":{"id":6386250217,"category":"transit","name":"Innes Avenue & Earl Street","area":0}},{"type":"Feature","geometry":{"type":"Point","coordinates":[-122.37186,37.7299034]},"properties":{"id":6386250218,"category":"transit","name":"Innes Avenue & Earl Street","area":0}},{"type":"Feature","geometry":{"type":"Point","coordinates":[-122.373591,37.7308757]},"properties":{"id":6386250219,"category":"transit","name":"Innes Avenue & Fitch Street","area":0}},{"type":"Feature","geometry":{"type":"Point","coordinates":[-122.374068,37.7309291]},"properties":{"id":6386250220,"category":"transit","name":"Innes Avenue & Fitch Street","area":0}},{"type":"Feature","geometry":{"type":"Point","coordinates":[-122.375581,37.7320242]},"properties":{"id":6386250221,"category":"transit","name":"Innes Avenue & Griffith Street","area":0}},{"type":"Feature","geometry":{"type":"Point","coordinates":[-122.37594,37.7319745]},"properties":{"id":6386250222,"category":"transit","name":"Innes Avenue & Griffith Street","area":0}},{"type":"Feature","geometry":{"type":"Point","coordinates":[-122.37725,37.7327342]},"properties":{"id":6386250223,"category":"transit","name":"Innes Avenue & Hunters Point Boulevard","area":0}},{"type":"Feature","geometry":{"type":"Point","coordinates":[-122.377288,37.7329873]},"properties":{"id":6386250224,"category":"transit","name":"Innes Avenue & Hunters Point Boulevard","area":0}},{"type":"Feature","geometry":{"type":"Point","coordinates":[-122.3796,37.7341479]},"properties":{"id":6386250225,"category":"transit","name":"Middle Point Road & Innes Avenue","area":0}},{"type":"Feature","geometry":{"type":"Point","coordinates":[-122.379376,37.7344207]},"properties":{"id":6386250226,"category":"transit","name":"Middle Point Road & Memory Lane","area":0}},{"type":"Feature","geometry":{"type":"Point","coordinates":[-122.379512,37.7349817]},"properties":{"id":6386250227,"category":"transit","name":"Middle Point Road & Fairfax Avenue","area":0}},{"type":"Feature","geometry":{"type":"Point","coordinates":[-122.379383,37.7351614]},"properties":{"id":6386250228,"category":"transit","name":"Middle Point Road & Fairfax Avenue","area":0}},{"type":"Feature","geometry":{"type":"Point","coordinates":[-122.379338,37.7370746]},"properties":{"id":6386250229,"category":"transit","name":"Middle Point Road & Acacia Avenue","area":0}},{"type":"Feature","geometry":{"type":"Point","coordinates":[-122.379527,37.736958]},"properties":{"id":6386250230,"category":"transit","name":"Middle Point Road & Acacia Avenue","area":0}},{"type":"Feature","geometry":{"type":"Point","coordinates":[-122.379301,37.7376789]},"properties":{"id":6386250231,"category":"transit","name":"Evans Avenue & Middle Point Road","area":0}},{"type":"Feature","geometry":{"type":"Point","coordinates":[-122.380744,37.7388204]},"properties":{"id":6386250232,"category":"transit","name":"Evans Avenue & Keith Street","area":0}},{"type":"Feature","geometry":{"type":"Point","coordinates":[-122.381203,37.7387514]},"properties":{"id":6386250233,"category":"transit","name":"Evans Avenue & Keith Street","area":0}},{"type":"Feature","geometry":{"type":"Point","coordinates":[-122.383089,37.7398231]},"properties":{"id":6386250234,"category":"transit","name":"U.S. Post Office","area":0}},{"type":"Feature","geometry":{"type":"Point","coordinates":[-122.382718,37.7399596]},"properties":{"id":6386250235,"category":"transit","name":"U.S. Post Office","area":0}},{"type":"Feature","geometry":{"type":"Point","coordinates":[-122.385011,37.7412434]},"properties":{"id":6386250236,"category":"transit","name":"Evans Avenue & Mendell Street","area":0}},{"type":"Feature","geometry":{"type":"Point","coordinates":[-122.384491,37.740622]},"properties":{"id":6386250237,"category":"transit","name":"Evans Avenue & Mendell Street","area":0}},{"type":"Feature","geometry":{"type":"Point","coordinates":[-122.411167,37.7795093]},"properties":{"id":6386250925,"category":"transit","name":"7th Street & Mission Street","area":0}},{"type":"Feature","geometry":{"type":"Point","coordinates":[-122.407261,37.772617]},"properties":{"id":6386250929,"category":"transit","name":"8th Street & Bryant Street","area":0}},{"type":"Feature","geometry":{"type":"Point","coordinates":[-122.4313535,37.7657829]},"properties":{"id":6386789732,"category":"transit","name":"Market Street & 15th Street","area":0}},{"type":"Feature","geometry":{"type":"Point","coordinates":[-122.4475553,37.7608935]},"properties":{"id":6386853699,"category":"transit","name":"Carmel Street & Belvedere Street","area":0}},{"type":"Feature","geometry":{"type":"Point","coordinates":[-122.4490204,37.761725]},"properties":{"id":6386853700,"category":"transit","name":"17th Street & Cole Street","area":0}},{"type":"Feature","geometry":{"type":"Point","coordinates":[-122.4490802,37.7609471]},"properties":{"id":6386853701,"category":"transit","name":"Cole Street & Carmel Street","area":0}},{"type":"Feature","geometry":{"type":"Point","coordinates":[-122.4492414,37.7617474]},"properties":{"id":6386853702,"category":"transit","name":"Cole Street & 17th Street","area":0}},{"type":"Feature","geometry":{"type":"Point","coordinates":[-122.4493543,37.7631471]},"properties":{"id":6386853703,"category":"transit","name":"Cole Street & Alma Street","area":0}},{"type":"Feature","geometry":{"type":"Point","coordinates":[-122.4495458,37.7632835]},"properties":{"id":6386853704,"category":"transit","name":"Cole Street & Alma Street","area":0}},{"type":"Feature","geometry":{"type":"Point","coordinates":[-122.4498218,37.7646112]},"properties":{"id":6386853705,"category":"transit","name":"Cole Street & Parnassus Avenue","area":0}},{"type":"Feature","geometry":{"type":"Point","coordinates":[-122.4496795,37.7647776]},"properties":{"id":6386853706,"category":"transit","name":"Cole Street & Parnassus Avenue","area":0}},{"type":"Feature","geometry":{"type":"Point","coordinates":[-122.450014,37.7656045]},"properties":{"id":6386853707,"category":"transit","name":"Cole Street & Carl Street","area":0}},{"type":"Feature","geometry":{"type":"Point","coordinates":[-122.4502618,37.7668332]},"properties":{"id":6386853708,"category":"transit","name":"Cole Street & Frederick Street","area":0}},{"type":"Feature","geometry":{"type":"Point","coordinates":[-122.450435,37.768519]},"properties":{"id":6386853709,"category":"transit","name":"Cole Street & Waller Street","area":0}},{"type":"Feature","geometry":{"type":"Point","coordinates":[-122.4506355,37.7694495]},"properties":{"id":6386853710,"category":"transit","name":"Cole Street & Haight Street","area":0}},{"type":"Feature","geometry":{"type":"Point","coordinates":[-122.4507506,37.7692885]},"properties":{"id":6386853711,"category":"transit","name":"Cole Street & Haight Street","area":0}},{"type":"Feature","geometry":{"type":"Point","coordinates":[-122.4460895,37.7523605]},"properties":{"id":6386853847,"category":"transit","name":"90 Parkridge Drive","area":0}},{"type":"Feature","geometry":{"type":"Point","coordinates":[-122.4462404,37.7517489]},"properties":{"id":6386853848,"category":"transit","name":"74 Crestline Drive","area":0}},{"type":"Feature","geometry":{"type":"Point","coordinates":[-122.4463993,37.7501966]},"properties":{"id":6386853849,"category":"transit","name":"40 Crestline Drive","area":0}},{"type":"Feature","geometry":{"type":"Point","coordinates":[-122.4451296,37.7493494]},"properties":{"id":6386853850,"category":"transit","name":"Crestline Drive & Burnett Avenue","area":0}},{"type":"Feature","geometry":{"type":"Point","coordinates":[-122.4449849,37.7490465]},"properties":{"id":6386853851,"category":"transit","name":"Burnett Avenue & Crestline Drive","area":0}},{"type":"Feature","geometry":{"type":"Point","coordinates":[-122.4449161,37.7481496]},"properties":{"id":6386853852,"category":"transit","name":"Burnett Avenue & Dawnview Way","area":0}},{"type":"Feature","geometry":{"type":"Point","coordinates":[-122.4451174,37.7480866]},"properties":{"id":6386853853,"category":"transit","name":"Burnett Avenue & Dawnview Way","area":0}},{"type":"Feature","geometry":{"type":"Point","coordinates":[-122.4439338,37.7490887]},"properties":{"id":6386853854,"category":"transit","name":"120 Portola Drive","area":0}},{"type":"Feature","geometry":{"type":"Point","coordinates":[-122.4435928,37.7497883]},"properties":{"id":6386853855,"category":"transit","name":"6 Portola Drive","area":0}},{"type":"Feature","geometry":{"type":"Point","coordinates":[-122.4437179,37.7516936]},"properties":{"id":6386853856,"category":"transit","name":"956 Corbett Avenue","area":0}},{"type":"Feature","geometry":{"type":"Point","coordinates":[-122.4434795,37.7522264]},"properties":{"id":6386853857,"category":"transit","name":"925 Corbett Avenue","area":0}},{"type":"Feature","geometry":{"type":"Point","coordinates":[-122.4437885,37.7529188]},"properties":{"id":6386853858,"category":"transit","name":"Corbett Avenue & Hopkins Avenue","area":0}},{"type":"Feature","geometry":{"type":"Point","coordinates":[-122.4429741,37.7539802]},"properties":{"id":6386853859,"category":"transit","name":"800 Corbett Avenue","area":0}},{"type":"Feature","geometry":{"type":"Point","coordinates":[-122.4429983,37.7541519]},"properties":{"id":6386853860,"category":"transit","name":"795 Corbett Avenue","area":0}},{"type":"Feature","geometry":{"type":"Point","coordinates":[-122.4427264,37.7553411]},"properties":{"id":6386853861,"category":"transit","name":"Corbett Avenue & Romain Street","area":0}},{"type":"Feature","geometry":{"type":"Point","coordinates":[-122.4427399,37.755466]},"properties":{"id":6386853862,"category":"transit","name":"Corbett Avenue & Romain Street","area":0}},{"type":"Feature","geometry":{"type":"Point","coordinates":[-122.4434406,37.7565024]},"properties":{"id":6386853863,"category":"transit","name":"Corbett Avenue & Graystone Terrace","area":0}},{"type":"Feature","geometry":{"type":"Point","coordinates":[-122.4432389,37.7563737]},"properties":{"id":6386853864,"category":"transit","name":"Corbett Avenue & Graystone Terrace","area":0}},{"type":"Feature","geometry":{"type":"Point","coordinates":[-122.4441853,37.7575317]},"properties":{"id":6386853865,"category":"transit","name":"539 Corbett Avenue","area":0}},{"type":"Feature","geometry":{"type":"Point","coordinates":[-122.444803,37.7578176]},"properties":{"id":6386853866,"category":"transit","name":"Corbett Avenue & Iron Alley","area":0}},{"type":"Feature","geometry":{"type":"Point","coordinates":[-122.4458903,37.7586288]},"properties":{"id":6386853867,"category":"transit","name":"Corbett Avenue & Clayton Street","area":0}},{"type":"Feature","geometry":{"type":"Point","coordinates":[-122.4462092,37.7589474]},"properties":{"id":6386853868,"category":"transit","name":"Corbett Avenue & Clayton Street","area":0}},{"type":"Feature","geometry":{"type":"Point","coordinates":[-122.4449998,37.7599598]},"properties":{"id":6386853869,"category":"transit","name":"341 Corbett Avenue","area":0}},{"type":"Feature","geometry":{"type":"Point","coordinates":[-122.4452554,37.7600008]},"properties":{"id":6386853870,"category":"transit","name":"328 Corbett Avenue","area":0}},{"type":"Feature","geometry":{"type":"Point","coordinates":[-122.4442984,37.760558]},"properties":{"id":6386853871,"category":"transit","name":"Corbett Avenue & Mars Street","area":0}},{"type":"Feature","geometry":{"type":"Point","coordinates":[-122.4445881,37.7604152]},"properties":{"id":6386853872,"category":"transit","name":"Corbett Avenue & Mars Street","area":0}},{"type":"Feature","geometry":{"type":"Point","coordinates":[-122.4440684,37.7612016]},"properties":{"id":6386853873,"category":"transit","name":"Corbett Avenue & Danvers Street","area":0}},{"type":"Feature","geometry":{"type":"Point","coordinates":[-122.4441935,37.761288]},"properties":{"id":6386853874,"category":"transit","name":"Corbett Avenue & Danvers Street","area":0}},{"type":"Feature","geometry":{"type":"Point","coordinates":[-122.4429711,37.7616531]},"properties":{"id":6386853875,"category":"transit","name":"211 Corbett Avenue","area":0}},{"type":"Feature","geometry":{"type":"Point","coordinates":[-122.4429762,37.7617664]},"properties":{"id":6386853876,"category":"transit","name":"211 Corbett Avenue","area":0}},{"type":"Feature","geometry":{"type":"Point","coordinates":[-122.4412062,37.7616906]},"properties":{"id":6386853957,"category":"transit","name":"Corbett Avenue & Hattie Street","area":0}},{"type":"Feature","geometry":{"type":"Point","coordinates":[-122.4411239,37.7615934]},"properties":{"id":6386853958,"category":"transit","name":"Corbett Avenue & Hattie Street","area":0}},{"type":"Feature","geometry":{"type":"Point","coordinates":[-122.44048,37.7618659]},"properties":{"id":6386853959,"category":"transit","name":"Corbett Avenue & Ord Street","area":0}},{"type":"Feature","geometry":{"type":"Point","coordinates":[-122.4395976,37.7621013]},"properties":{"id":6386853960,"category":"transit","name":"Corbett Avenue & Douglass Street","area":0}},{"type":"Feature","geometry":{"type":"Point","coordinates":[-122.4310425,37.7676816]},"properties":{"id":6386853961,"category":"transit","name":"14th Street & Sanchez Street","area":0}},{"type":"Feature","geometry":{"type":"Point","coordinates":[-122.4313859,37.7675296]},"properties":{"id":6386853962,"category":"transit","name":"14th Street & Sanchez Street","area":0}},{"type":"Feature","geometry":{"type":"Point","coordinates":[-122.4332649,37.7675498]},"properties":{"id":6386853963,"category":"transit","name":"14th Street & Noe Street","area":0}},{"type":"Feature","geometry":{"type":"Point","coordinates":[-122.4335863,37.7673828]},"properties":{"id":6386853964,"category":"transit","name":"14th Street & Noe Street","area":0}},{"type":"Feature","geometry":{"type":"Point","coordinates":[-122.4357907,37.7672633]},"properties":{"id":6386853965,"category":"transit","name":"14th Street & Castro Street","area":0}},{"type":"Feature","geometry":{"type":"Point","coordinates":[-122.4360287,37.7673833]},"properties":{"id":6386853966,"category":"transit","name":"14th Street & Castro Street","area":0}},{"type":"Feature","geometry":{"type":"Point","coordinates":[-122.4371983,37.7673131]},"properties":{"id":6386853967,"category":"transit","name":"14th Street & Alpine Terrace","area":0}},{"type":"Feature","geometry":{"type":"Point","coordinates":[-122.4372129,37.7671082]},"properties":{"id":6386853968,"category":"transit","name":"Roosevelt Way & 14th Street","area":0}},{"type":"Feature","geometry":{"type":"Point","coordinates":[-122.4434256,37.765475]},"properties":{"id":6386853969,"category":"transit","name":"Upper Terrace & Masonic Avenue","area":0}},{"type":"Feature","geometry":{"type":"Point","coordinates":[-122.4428341,37.7658464]},"properties":{"id":6386853970,"category":"transit","name":"Upper Terrace & Buena Vista Avenue West","area":0}},{"type":"Feature","geometry":{"type":"Point","coordinates":[-122.4402384,37.7677432]},"properties":{"id":6386853971,"category":"transit","name":"355 Buena Vista Avenue East","area":0}},{"type":"Feature","geometry":{"type":"Point","coordinates":[-122.4383616,37.7688193]},"properties":{"id":6386853972,"category":"transit","name":"Buena Vista Terrace & Buena Vista Avenue East","area":0}},{"type":"Feature","geometry":{"type":"Point","coordinates":[-122.4381164,37.7668716]},"properties":{"id":6386853973,"category":"transit","name":"Buena Vista Terrace & Roosevelt Way","area":0}},{"type":"Feature","geometry":{"type":"Point","coordinates":[-122.4381563,37.7666112]},"properties":{"id":6386853974,"category":"transit","name":"Roosevelt Way & Buena Vista Terrace","area":0}},{"type":"Feature","geometry":{"type":"Point","coordinates":[-122.4395134,37.7664842]},"properties":{"id":6386853975,"category":"transit","name":"Roosevelt Way & 15th Street","area":0}},{"type":"Feature","geometry":{"type":"Point","coordinates":[-122.4410274,37.7653573]},"properties":{"id":6386853976,"category":"transit","name":"Roosevelt Way & Museum Way","area":0}},{"type":"Feature","geometry":{"type":"Point","coordinates":[-122.4433089,37.7645261]},"properties":{"id":6386853977,"category":"transit","name":"414 Roosevelt Way","area":0}},{"type":"Feature","geometry":{"type":"Point","coordinates":[-122.4428893,37.763779]},"properties":{"id":6386853978,"category":"transit","name":"Roosevelt Way & Clifford Terrace","area":0}},{"type":"Feature","geometry":{"type":"Point","coordinates":[-122.4430561,37.7637426]},"properties":{"id":6386853979,"category":"transit","name":"Roosevelt Way & Clifford Terrace","area":0}},{"type":"Feature","geometry":{"type":"Point","coordinates":[-122.4437521,37.7632513]},"properties":{"id":6386853980,"category":"transit","name":"Roosevelt Way & Lower Terrace","area":0}},{"type":"Feature","geometry":{"type":"Point","coordinates":[-122.4437622,37.7634262]},"properties":{"id":6386853981,"category":"transit","name":"Roosevelt Way & Lower Terrace","area":0}},{"type":"Feature","geometry":{"type":"Point","coordinates":[-122.4453462,37.7620548]},"properties":{"id":6386853982,"category":"transit","name":"Roosevelt Way & 17th Street","area":0}},{"type":"Feature","geometry":{"type":"Point","coordinates":[-122.4450698,37.7620866]},"properties":{"id":6386853983,"category":"transit","name":"Roosevelt Way & 17th Street","area":0}},{"type":"Feature","geometry":{"type":"Point","coordinates":[-122.4477093,37.7618114]},"properties":{"id":6386853984,"category":"transit","name":"17th Street & Belvedere Street","area":0}},{"type":"Feature","geometry":{"type":"Point","coordinates":[-122.4467039,37.7618732]},"properties":{"id":6386853985,"category":"transit","name":"17th Street & Clayton Street","area":0}},{"type":"Feature","geometry":{"type":"Point","coordinates":[-122.4467945,37.7609256]},"properties":{"id":6386853986,"category":"transit","name":"Carmel Street & Twin Peaks Boulevard","area":0}},{"type":"Feature","geometry":{"type":"Point","coordinates":[-122.4560529,37.8019003]},"properties":{"id":6387019322,"category":"transit","name":"Presidio Transit Center","area":0}},{"type":"Feature","geometry":{"type":"Point","coordinates":[-122.4541269,37.8007816]},"properties":{"id":6388101146,"category":"transit","name":"Presidio Community YMCA","area":0}},{"type":"Feature","geometry":{"type":"Point","coordinates":[-122.4529222,37.8021507]},"properties":{"id":6388101147,"category":"transit","name":"Girard Road & Edie Road","area":0}},{"type":"Feature","geometry":{"type":"Point","coordinates":[-122.450129,37.8046719]},"properties":{"id":6388101148,"category":"transit","name":"Crissy Field Center","area":0}},{"type":"Feature","geometry":{"type":"Point","coordinates":[-122.4674815,37.8035844]},"properties":{"id":6388101151,"category":"transit","name":"Stilwell Hall","area":0}},{"type":"Feature","geometry":{"type":"Point","coordinates":[-122.4692392,37.8010982]},"properties":{"id":6388101153,"category":"transit","name":"Lincoln Boulevard & Storey Avenue","area":0}},{"type":"Feature","geometry":{"type":"Point","coordinates":[-122.4700451,37.8045761]},"properties":{"id":6388101154,"category":"transit","name":"Lincoln Boulevard & Lendrum Court","area":0}},{"type":"Feature","geometry":{"type":"Point","coordinates":[-122.471839,37.8065652]},"properties":{"id":6388101155,"category":"transit","name":"Pilot's Row","area":0}},{"type":"Feature","geometry":{"type":"Point","coordinates":[-122.4755323,37.8044638]},"properties":{"id":6388101156,"category":"transit","name":"Golden Gate Overlook","area":0}},{"type":"Feature","geometry":{"type":"Point","coordinates":[-122.4737389,37.8036322]},"properties":{"id":6388101157,"category":"transit","name":"Log Cabin","area":0}},{"type":"Feature","geometry":{"type":"Point","coordinates":[-122.4728153,37.8017016]},"properties":{"id":6388101158,"category":"transit","name":"Fort Scott","area":0}},{"type":"Feature","geometry":{"type":"Point","coordinates":[-122.4739134,37.7996101]},"properties":{"id":6388101159,"category":"transit","name":"Presidio Institute","area":0}},{"type":"Feature","geometry":{"type":"Point","coordinates":[-122.4733741,37.798573]},"properties":{"id":6388101160,"category":"transit","name":"Kobbe Avenue & Upton Avenue","area":0}},{"type":"Feature","geometry":{"type":"Point","coordinates":[-122.4686067,37.79938]},"properties":{"id":6388101161,"category":"transit","name":"Park Boulevard & Schofield Road","area":0}},{"type":"Feature","geometry":{"type":"Point","coordinates":[-122.4607405,37.8004896]},"properties":{"id":6388101162,"category":"transit","name":"Golden Gate Club","area":0}},{"type":"Feature","geometry":{"type":"Point","coordinates":[-122.4595227,37.7996855]},"properties":{"id":6388101163,"category":"transit","name":"Montgomery Street & Sheridan Avenue","area":0}},{"type":"Feature","geometry":{"type":"Point","coordinates":[-122.47529,37.7930595]},"properties":{"id":6388141743,"category":"transit","name":"Building 1450","area":0}},{"type":"Feature","geometry":{"type":"Point","coordinates":[-122.4751125,37.7880358]},"properties":{"id":6388141744,"category":"transit","name":"Presidio Landmark","area":0}},{"type":"Feature","geometry":{"type":"Point","coordinates":[-122.4732772,37.7877552]},"properties":{"id":6388141745,"category":"transit","name":"1808 Wedemeyer Street","area":0}},{"type":"Feature","geometry":{"type":"Point","coordinates":[-122.4757838,37.7897644]},"properties":{"id":6388141746,"category":"transit","name":"Caulfield Cut","area":0}},{"type":"Feature","geometry":{"type":"Point","coordinates":[-122.4773112,37.7913827]},"properties":{"id":6388141747,"category":"transit","name":"Pershing Drive","area":0}},{"type":"Feature","geometry":{"type":"Point","coordinates":[-122.4786397,37.7914705]},"properties":{"id":6388141748,"category":"transit","name":"Stilwell Road","area":0}},{"type":"Feature","geometry":{"type":"Point","coordinates":[-122.4809846,37.7921062]},"properties":{"id":6388141749,"category":"transit","name":"Lincoln Boulevard & Pershing Drive","area":0}},{"type":"Feature","geometry":{"type":"Point","coordinates":[-122.4821858,37.7884643]},"properties":{"id":6388141750,"category":"transit","name":"Lobos Valley Trailhead","area":0}},{"type":"Feature","geometry":{"type":"Point","coordinates":[-122.4776915,37.799284]},"properties":{"id":6388141751,"category":"transit","name":"Coastal Trail","area":0}},{"type":"Feature","geometry":{"type":"Point","coordinates":[-122.4758698,37.798827]},"properties":{"id":6388141752,"category":"transit","name":"Harrison Boulevard & Kobbe Avenue","area":0}},{"type":"Feature","geometry":{"type":"Point","coordinates":[-122.4765261,37.797647]},"properties":{"id":6388141753,"category":"transit","name":"Rob Hill Campground","area":0}},{"type":"Feature","geometry":{"type":"Point","coordinates":[-122.4746643,37.7938723]},"properties":{"id":6388141754,"category":"transit","name":"Washington Boulevard & Battery Caulfield Road","area":0}},{"type":"Feature","geometry":{"type":"Point","coordinates":[-122.4744444,37.7938509]},"properties":{"id":6388141755,"category":"transit","name":"Washington Boulevard & Battery Caulfield Road","area":0}},{"type":"Feature","geometry":{"type":"Point","coordinates":[-122.4672585,37.7955401]},"properties":{"id":6388141756,"category":"transit","name":"407 Washington Boulevard","area":0}},{"type":"Feature","geometry":{"type":"Point","coordinates":[-122.4669641,37.7955499]},"properties":{"id":6388141757,"category":"transit","name":"410 Washington Boulevard","area":0}},{"type":"Feature","geometry":{"type":"Point","coordinates":[-122.4632572,37.7946781]},"properties":{"id":6388141758,"category":"transit","name":"Washington Boulevard & Deems Road","area":0}},{"type":"Feature","geometry":{"type":"Point","coordinates":[-122.4585528,37.7918753]},"properties":{"id":6388141759,"category":"transit","name":"Inspiration Point","area":0}},{"type":"Feature","geometry":{"type":"Point","coordinates":[-122.4591836,37.7978227]},"properties":{"id":6388141760,"category":"transit","name":"Officer's Club","area":0}},{"type":"Feature","geometry":{"type":"Point","coordinates":[-122.4593288,37.7980136]},"properties":{"id":6388141761,"category":"transit","name":"Pershing Square","area":0}},{"type":"Feature","geometry":{"type":"Point","coordinates":[-122.4536113,37.8004463]},"properties":{"id":6388174685,"category":"transit","name":"Lincoln Boulevard & Girard Road","area":0}},{"type":"Feature","geometry":{"type":"Point","coordinates":[-122.4475723,37.7983664]},"properties":{"id":6388174686,"category":"transit","name":"Lombard Gate","area":0}},{"type":"Feature","geometry":{"type":"Point","coordinates":[-122.4516615,37.799287]},"properties":{"id":6388174687,"category":"transit","name":"Tide Building","area":0}},{"type":"Feature","geometry":{"type":"Point","coordinates":[-122.4481275,37.7982383]},"properties":{"id":6388174688,"category":"transit","name":"Letterman Digital Arts Center","area":0}},{"type":"Feature","geometry":{"type":"Point","coordinates":[-122.504937,37.7472637]},"properties":{"id":6389293861,"category":"transit","name":"46th Avenue & Quintara Street","area":0}},{"type":"Feature","geometry":{"type":"Point","coordinates":[-122.505076,37.7454228]},"properties":{"id":6389293862,"category":"transit","name":"Rivera Street & 46th Avenue","area":0}},{"type":"Feature","geometry":{"type":"Point","coordinates":[-122.506755,37.7453475]},"properties":{"id":6389293863,"category":"transit","name":"Rivera Street & 48th Avenue","area":0}},{"type":"Feature","geometry":{"type":"Point","coordinates":[-122.507009,37.7473772]},"properties":{"id":6389293864,"category":"transit","name":"Quintara Street & 48th Avenue","area":0}},{"type":"Feature","geometry":{"type":"Point","coordinates":[-122.504876,37.7474688]},"properties":{"id":6389293865,"category":"transit","name":"Quintara Street & 46th Avenue","area":0}},{"type":"Feature","geometry":{"type":"Point","coordinates":[-122.503025,37.7473948]},"properties":{"id":6389293866,"category":"transit","name":"Quintara Street & 44th Avenue","area":0}},{"type":"Feature","geometry":{"type":"Point","coordinates":[-122.501671,37.7476113]},"properties":{"id":6389293867,"category":"transit","name":"Quintara Street & 43rd Avenue","area":0}},{"type":"Feature","geometry":{"type":"Point","coordinates":[-122.499791,37.7475333]},"properties":{"id":6389293868,"category":"transit","name":"Quintara Street & 41st Avenue","area":0}},{"type":"Feature","geometry":{"type":"Point","coordinates":[-122.499558,37.7477039]},"properties":{"id":6389293869,"category":"transit","name":"Quintara Street & 41st Avenue","area":0}},{"type":"Feature","geometry":{"type":"Point","coordinates":[-122.497648,37.7476314]},"properties":{"id":6389293870,"category":"transit","name":"Quintara Street & 39th Avenue","area":0}},{"type":"Feature","geometry":{"type":"Point","coordinates":[-122.497427,37.7476042]},"properties":{"id":6389293871,"category":"transit","name":"39th Avenue & Quintara Street","area":0}},{"type":"Feature","geometry":{"type":"Point","coordinates":[-122.497486,37.7459608]},"properties":{"id":6389293872,"category":"transit","name":"39th Avenue & Rivera Street","area":0}},{"type":"Feature","geometry":{"type":"Point","coordinates":[-122.49733,37.7461001]},"properties":{"id":6389293873,"category":"transit","name":"39th Avenue & Rivera Street","area":0}},{"type":"Feature","geometry":{"type":"Point","coordinates":[-122.495402,37.7458642]},"properties":{"id":6389293874,"category":"transit","name":"Rivera Street & 37th Avenue","area":0}},{"type":"Feature","geometry":{"type":"Point","coordinates":[-122.494882,37.7461018]},"properties":{"id":6389293875,"category":"transit","name":"Sunset Boulevard & Rivera Street","area":0}},{"type":"Feature","geometry":{"type":"Point","coordinates":[-122.494981,37.7475985]},"properties":{"id":6389293876,"category":"transit","name":"Sunset Boulevard & Quintara Street","area":0}},{"type":"Feature","geometry":{"type":"Point","coordinates":[-122.494435,37.7477739]},"properties":{"id":6389293877,"category":"transit","name":"Quintara Street & 36th Avenue","area":0}},{"type":"Feature","geometry":{"type":"Point","coordinates":[-122.49337,37.7478205]},"properties":{"id":6389293878,"category":"transit","name":"Quintara Street & 35th Avenue","area":0}},{"type":"Feature","geometry":{"type":"Point","coordinates":[-122.493122,37.7479821]},"properties":{"id":6389293879,"category":"transit","name":"Quintara Street & 35th Avenue","area":0}},{"type":"Feature","geometry":{"type":"Point","coordinates":[-122.491235,37.7479077]},"properties":{"id":6389293880,"category":"transit","name":"Quintara Street & 33rd Avenue","area":0}},{"type":"Feature","geometry":{"type":"Point","coordinates":[-122.490977,37.7480805]},"properties":{"id":6389293881,"category":"transit","name":"Quintara Street & 33rd Avenue","area":0}},{"type":"Feature","geometry":{"type":"Point","coordinates":[-122.489079,37.7480059]},"properties":{"id":6389293882,"category":"transit","name":"Quintara Street & 31st Avenue","area":0}},{"type":"Feature","geometry":{"type":"Point","coordinates":[-122.48885,37.7481728]},"properties":{"id":6389293883,"category":"transit","name":"Quintara Street & 31st Avenue","area":0}},{"type":"Feature","geometry":{"type":"Point","coordinates":[-122.486936,37.7481107]},"properties":{"id":6389293884,"category":"transit","name":"Quintara Street & 29th Avenue","area":0}},{"type":"Feature","geometry":{"type":"Point","coordinates":[-122.483475,37.7484074]},"properties":{"id":6389294155,"category":"transit","name":"Quintara Street & 26th Avenue","area":0}},{"type":"Feature","geometry":{"type":"Point","coordinates":[-122.481591,37.7483296]},"properties":{"id":6389294156,"category":"transit","name":"Quintara Street & 24th Avenue","area":0}},{"type":"Feature","geometry":{"type":"Point","coordinates":[-122.481329,37.7484999]},"properties":{"id":6389294157,"category":"transit","name":"Quintara Street & 24th Avenue","area":0}},{"type":"Feature","geometry":{"type":"Point","coordinates":[-122.479513,37.7484195]},"properties":{"id":6389294158,"category":"transit","name":"Quintara Street & 22nd Avenue","area":0}},{"type":"Feature","geometry":{"type":"Point","coordinates":[-122.479181,37.748594]},"properties":{"id":6389294159,"category":"transit","name":"Quintara Street & 22nd Avenue","area":0}},{"type":"Feature","geometry":{"type":"Point","coordinates":[-122.47408,37.7486614]},"properties":{"id":6389294160,"category":"transit","name":"Quintara Street & 17th Avenue","area":0}},{"type":"Feature","geometry":{"type":"Point","coordinates":[-122.473868,37.7486386]},"properties":{"id":6389294161,"category":"transit","name":"17th Avenue & Quintara Street","area":0}},{"type":"Feature","geometry":{"type":"Point","coordinates":[-122.47373,37.7467244]},"properties":{"id":6389294162,"category":"transit","name":"17th Avenue & Rivera Street","area":0}},{"type":"Feature","geometry":{"type":"Point","coordinates":[-122.473933,37.7470198]},"properties":{"id":6389294163,"category":"transit","name":"17th Avenue & Rivera Street","area":0}},{"type":"Feature","geometry":{"type":"Point","coordinates":[-122.473795,37.7451189]},"properties":{"id":6389294164,"category":"transit","name":"17th Avenue & Santiago Street","area":0}},{"type":"Feature","geometry":{"type":"Point","coordinates":[-122.473541,37.7450904]},"properties":{"id":6389294165,"category":"transit","name":"Santiago Street & 17th Avenue","area":0}},{"type":"Feature","geometry":{"type":"Point","coordinates":[-122.470516,37.7450851]},"properties":{"id":6389294166,"category":"transit","name":"Santiago Street & 14th Avenue","area":0}},{"type":"Feature","geometry":{"type":"Point","coordinates":[-122.470282,37.7449504]},"properties":{"id":6389294167,"category":"transit","name":"14th Avenue & Santiago Street","area":0}},{"type":"Feature","geometry":{"type":"Point","coordinates":[-122.470348,37.7434164]},"properties":{"id":6389294168,"category":"transit","name":"14th Avenue & Taraval Street","area":0}},{"type":"Feature","geometry":{"type":"Point","coordinates":[-122.470172,37.7431815]},"properties":{"id":6389294169,"category":"transit","name":"14th Avenue & Taraval Street","area":0}},{"type":"Feature","geometry":{"type":"Point","coordinates":[-122.470063,37.7416618]},"properties":{"id":6389294170,"category":"transit","name":"14th Avenue & Ulloa Street","area":0}},{"type":"Feature","geometry":{"type":"Point","coordinates":[-122.470214,37.7415307]},"properties":{"id":6389294171,"category":"transit","name":"14th Avenue & Ulloa Street","area":0}},{"type":"Feature","geometry":{"type":"Point","coordinates":[-122.466751,37.7396906]},"properties":{"id":6389294173,"category":"transit","name":"Vicente Street & West Portal Avenue","area":0}},{"type":"Feature","geometry":{"type":"Point","coordinates":[-122.464947,37.7396753]},"properties":{"id":6389294174,"category":"transit","name":"Portola Drive & Claremont Boulevard","area":0}},{"type":"Feature","geometry":{"type":"Point","coordinates":[-122.464986,37.7399041]},"properties":{"id":6389294175,"category":"transit","name":"Portola Drive & Claremont Boulevard","area":0}},{"type":"Feature","geometry":{"type":"Point","coordinates":[-122.463733,37.7399113]},"properties":{"id":6389294176,"category":"transit","name":"Portola Drive & San Lorenzo Way","area":0}},{"type":"Feature","geometry":{"type":"Point","coordinates":[-122.463462,37.7401465]},"properties":{"id":6389294177,"category":"transit","name":"Portola Drive & Dorchester Way","area":0}},{"type":"Feature","geometry":{"type":"Point","coordinates":[-122.46088,37.7402266]},"properties":{"id":6389294178,"category":"transit","name":"Portola Drive & San Pablo Avenue","area":0}},{"type":"Feature","geometry":{"type":"Point","coordinates":[-122.460929,37.7404509]},"properties":{"id":6389294179,"category":"transit","name":"Portola Drive & San Pablo Avenue","area":0}},{"type":"Feature","geometry":{"type":"Point","coordinates":[-122.457579,37.7408584]},"properties":{"id":6389294180,"category":"transit","name":"Portola Drive & Rex Avenue","area":0}},{"type":"Feature","geometry":{"type":"Point","coordinates":[-122.456839,37.7415099]},"properties":{"id":6389294181,"category":"transit","name":"Portola Drive & Waithman Way","area":0}},{"type":"Feature","geometry":{"type":"Point","coordinates":[-122.45576,37.7419873]},"properties":{"id":6389294182,"category":"transit","name":"Portola Drive & Del Sur Avenue","area":0}},{"type":"Feature","geometry":{"type":"Point","coordinates":[-122.45523,37.7428789]},"properties":{"id":6389294183,"category":"transit","name":"Portola Drive & Laguna Honda Boulevard","area":0}},{"type":"Feature","geometry":{"type":"Point","coordinates":[-122.455239,37.743259]},"properties":{"id":6389294184,"category":"transit","name":"Portola Drive & Laguna Honda Boulevard","area":0}},{"type":"Feature","geometry":{"type":"Point","coordinates":[-122.486667,37.748273]},"properties":{"id":6389294185,"category":"transit","name":"Quintara Street & 29th Avenue","area":0}},{"type":"Feature","geometry":{"type":"Point","coordinates":[-122.485854,37.7481478]},"properties":{"id":6389294186,"category":"transit","name":"Quintara Street & 28th Avenue","area":0}},{"type":"Feature","geometry":{"type":"Point","coordinates":[-122.485611,37.7483148]},"properties":{"id":6389294187,"category":"transit","name":"Quintara Street & 28th Avenue","area":0}},{"type":"Feature","geometry":{"type":"Point","coordinates":[-122.484842,37.7481883]},"properties":{"id":6389294188,"category":"transit","name":"Quintara Street & 27th Avenue","area":0}},{"type":"Feature","geometry":{"type":"Point","coordinates":[-122.484601,37.7483568]},"properties":{"id":6389294189,"category":"transit","name":"Quintara Street & 27th Avenue","area":0}},{"type":"Feature","geometry":{"type":"Point","coordinates":[-122.483192,37.7482611]},"properties":{"id":6389294190,"category":"transit","name":"Quintara Street & 26th Avenue","area":0}},{"type":"Feature","geometry":{"type":"Point","coordinates":[-122.4517822,37.7453482]},"properties":{"id":6389294192,"category":"transit","name":"Portola Drive & O'Shaughnessy Boulevard","area":0}},{"type":"Feature","geometry":{"type":"Point","coordinates":[-122.4523718,37.745376]},"properties":{"id":6389294193,"category":"transit","name":"Portola Drive & Woodside Avenue","area":0}},{"type":"Feature","geometry":{"type":"Point","coordinates":[-122.4475669,37.7463693]},"properties":{"id":6389294194,"category":"transit","name":"Portola Drive & Glenview Drive","area":0}},{"type":"Feature","geometry":{"type":"Point","coordinates":[-122.4481468,37.7465066]},"properties":{"id":6389294195,"category":"transit","name":"Portola Drive & Glenview Drive","area":0}},{"type":"Feature","geometry":{"type":"Point","coordinates":[-122.445159,37.7466863]},"properties":{"id":6389294196,"category":"transit","name":"Clipper Street & Portola Drive","area":0}},{"type":"Feature","geometry":{"type":"Point","coordinates":[-122.443979,37.7469201]},"properties":{"id":6389294197,"category":"transit","name":"Clipper Street & Diamond Heights Boulevard","area":0}},{"type":"Feature","geometry":{"type":"Point","coordinates":[-122.442602,37.7483325]},"properties":{"id":6389294198,"category":"transit","name":"Grand View Avenue & Clipper Street","area":0}},{"type":"Feature","geometry":{"type":"Point","coordinates":[-122.4424903,37.7485412]},"properties":{"id":6389294199,"category":"transit","name":"Grand View Avenue & Clipper Street","area":0}},{"type":"Feature","geometry":{"type":"Point","coordinates":[-122.4425543,37.7491043]},"properties":{"id":6389294200,"category":"transit","name":"Grand View Avenue & 25th Street","area":0}},{"type":"Feature","geometry":{"type":"Point","coordinates":[-122.442657,37.7492651]},"properties":{"id":6389294201,"category":"transit","name":"Grand View Avenue & 25th Street","area":0}},{"type":"Feature","geometry":{"type":"Point","coordinates":[-122.4427336,37.7506803]},"properties":{"id":6389294202,"category":"transit","name":"Grand View Avenue & 24th Street","area":0}},{"type":"Feature","geometry":{"type":"Point","coordinates":[-122.4428544,37.7508584]},"properties":{"id":6389294203,"category":"transit","name":"Grand View Avenue & 24th Street","area":0}},{"type":"Feature","geometry":{"type":"Point","coordinates":[-122.4425966,37.7524476]},"properties":{"id":6389294204,"category":"transit","name":"Grand View Avenue & 23rd Street","area":0}},{"type":"Feature","geometry":{"type":"Point","coordinates":[-122.4424637,37.7523205]},"properties":{"id":6389294205,"category":"transit","name":"Grand View Avenue & 23rd Street","area":0}},{"type":"Feature","geometry":{"type":"Point","coordinates":[-122.4388077,37.7535393]},"properties":{"id":6389294206,"category":"transit","name":"Douglass Street & Alvarado Street","area":0}},{"type":"Feature","geometry":{"type":"Point","coordinates":[-122.4390097,37.7553429]},"properties":{"id":6389294207,"category":"transit","name":"21st Street & Douglass Street","area":0}},{"type":"Feature","geometry":{"type":"Point","coordinates":[-122.4404384,37.7550283]},"properties":{"id":6389294208,"category":"transit","name":"Grand View Avenue & 21st Street","area":0}},{"type":"Feature","geometry":{"type":"Point","coordinates":[-122.4411336,37.7540555]},"properties":{"id":6389294209,"category":"transit","name":"Grand View Avenue & 22nd Street","area":0}},{"type":"Feature","geometry":{"type":"Point","coordinates":[-122.4408823,37.7540206]},"properties":{"id":6389294210,"category":"transit","name":"Hoffman Avenue & 22nd Street","area":0}},{"type":"Feature","geometry":{"type":"Point","coordinates":[-122.440717,37.7524214]},"properties":{"id":6389294211,"category":"transit","name":"Hoffman Avenue & 23rd Street","area":0}},{"type":"Feature","geometry":{"type":"Point","coordinates":[-122.4405239,37.7509782]},"properties":{"id":6389294212,"category":"transit","name":"24th Street & Hoffman Avenue","area":0}},{"type":"Feature","geometry":{"type":"Point","coordinates":[-122.4383796,37.751103]},"properties":{"id":6389294213,"category":"transit","name":"24th Street & Douglass Street","area":0}},{"type":"Feature","geometry":{"type":"Point","coordinates":[-122.4338494,37.7512687]},"properties":{"id":6389294214,"category":"transit","name":"24th Street & Castro Street","area":0}},{"type":"Feature","geometry":{"type":"Point","coordinates":[-122.434447,37.7513382]},"properties":{"id":6389294215,"category":"transit","name":"24th Street & Castro Street","area":0}},{"type":"Feature","geometry":{"type":"Point","coordinates":[-122.432044,37.7513829]},"properties":{"id":6389294216,"category":"transit","name":"24th Street & Noe Street","area":0}},{"type":"Feature","geometry":{"type":"Point","coordinates":[-122.431723,37.7515122]},"properties":{"id":6389294217,"category":"transit","name":"24th Street & Noe Street","area":0}},{"type":"Feature","geometry":{"type":"Point","coordinates":[-122.429819,37.7514942]},"properties":{"id":6389294218,"category":"transit","name":"24th Street & Sanchez Street","area":0}},{"type":"Feature","geometry":{"type":"Point","coordinates":[-122.429522,37.7516405]},"properties":{"id":6389294219,"category":"transit","name":"24th Street & Sanchez Street","area":0}},{"type":"Feature","geometry":{"type":"Point","coordinates":[-122.427754,37.7516161]},"properties":{"id":6389294220,"category":"transit","name":"24th Street & Church Street","area":0}},{"type":"Feature","geometry":{"type":"Point","coordinates":[-122.427263,37.7517582]},"properties":{"id":6389294221,"category":"transit","name":"24th Street & Church Street","area":0}},{"type":"Feature","geometry":{"type":"Point","coordinates":[-122.41644,37.7523044]},"properties":{"id":6389294222,"category":"transit","name":"24th Street & South Van Ness Avenue","area":0}},{"type":"Feature","geometry":{"type":"Point","coordinates":[-122.416126,37.7524528]},"properties":{"id":6389294223,"category":"transit","name":"24th Street & South Van Ness Avenue","area":0}},{"type":"Feature","geometry":{"type":"Point","coordinates":[-122.413795,37.7524576]},"properties":{"id":6389294224,"category":"transit","name":"24th Street & Folsom Street","area":0}},{"type":"Feature","geometry":{"type":"Point","coordinates":[-122.414378,37.752562]},"properties":{"id":6389294225,"category":"transit","name":"24th Street & Folsom Street","area":0}},{"type":"Feature","geometry":{"type":"Point","coordinates":[-122.411586,37.7525923]},"properties":{"id":6389294226,"category":"transit","name":"24th Street & Harrison Street","area":0}},{"type":"Feature","geometry":{"type":"Point","coordinates":[-122.412267,37.7526861]},"properties":{"id":6389294227,"category":"transit","name":"24th Street & Harrison Street","area":0}},{"type":"Feature","geometry":{"type":"Point","coordinates":[-122.394766,37.7523884]},"properties":{"id":6389294228,"category":"transit","name":"25th Street & Dakota Street","area":0}},{"type":"Feature","geometry":{"type":"Point","coordinates":[-122.392827,37.7524942]},"properties":{"id":6389294229,"category":"transit","name":"25th Street & Pennsylvania Avenue","area":0}},{"type":"Feature","geometry":{"type":"Point","coordinates":[-122.39278,37.7526547]},"properties":{"id":6389294230,"category":"transit","name":"Pennsylvania Avenue & 25th Street","area":0}},{"type":"Feature","geometry":{"type":"Point","coordinates":[-122.393037,37.7552024]},"properties":{"id":6389294231,"category":"transit","name":"Pennsylvania Avenue & 23rd Street","area":0}},{"type":"Feature","geometry":{"type":"Point","coordinates":[-122.392798,37.7549966]},"properties":{"id":6389294232,"category":"transit","name":"Pennsylvania Avenue & 23rd Street","area":0}},{"type":"Feature","geometry":{"type":"Point","coordinates":[-122.392263,37.7576596]},"properties":{"id":6389294233,"category":"transit","name":"22nd Street & Iowa Street","area":0}},{"type":"Feature","geometry":{"type":"Point","coordinates":[-122.392528,37.757772]},"properties":{"id":6389294234,"category":"transit","name":"22nd Street & Iowa Street","area":0}},{"type":"Feature","geometry":{"type":"Point","coordinates":[-122.390362,37.7577584]},"properties":{"id":6389294235,"category":"transit","name":"22nd Street & Minnesota Street","area":0}},{"type":"Feature","geometry":{"type":"Point","coordinates":[-122.390093,37.757915]},"properties":{"id":6389294236,"category":"transit","name":"22nd Street & Minnesota Street","area":0}},{"type":"Feature","geometry":{"type":"Point","coordinates":[-122.388215,37.7582368]},"properties":{"id":6389294237,"category":"transit","name":"3rd Street & 22nd Street","area":0}},{"type":"Feature","geometry":{"type":"Point","coordinates":[-122.38814,37.7580295]},"properties":{"id":6389294238,"category":"transit","name":"22nd Street & 3rd Street","area":0}},{"type":"Feature","geometry":{"type":"Point","coordinates":[-122.4553413,37.7464188]},"properties":{"id":6389552845,"category":"transit","name":"Woodside Avenue & Hernandez Avenue","area":0}},{"type":"Feature","geometry":{"type":"Point","coordinates":[-122.4556447,37.746282]},"properties":{"id":6389552846,"category":"transit","name":"Woodside Avenue & Hernandez Avenue","area":0}},{"type":"Feature","geometry":{"type":"Point","coordinates":[-122.4565099,37.7465012]},"properties":{"id":6389552847,"category":"transit","name":"Woodside Avenue & Balceta Avenue","area":0}},{"type":"Feature","geometry":{"type":"Point","coordinates":[-122.4589269,37.7472348]},"properties":{"id":6389552848,"category":"transit","name":"Laguna Honda Boulevard & Dewey Boulevard","area":0}},{"type":"Feature","geometry":{"type":"Point","coordinates":[-122.4608927,37.7508433]},"properties":{"id":6389552849,"category":"transit","name":"Laguna Honda Boulevard & Clarendon Avenue","area":0}},{"type":"Feature","geometry":{"type":"Point","coordinates":[-122.4615332,37.7512175]},"properties":{"id":6389552850,"category":"transit","name":"Laguna Honda Boulevard & Clarendon Avenue","area":0}},{"type":"Feature","geometry":{"type":"Point","coordinates":[-122.463702,37.7549083]},"properties":{"id":6389552851,"category":"transit","name":"Laguna Honda Boulevard & Noriega Street","area":0}},{"type":"Feature","geometry":{"type":"Point","coordinates":[-122.463554,37.7567495]},"properties":{"id":6389552852,"category":"transit","name":"7th Avenue & Moraga Street","area":0}},{"type":"Feature","geometry":{"type":"Point","coordinates":[-122.463757,37.756593]},"properties":{"id":6389552853,"category":"transit","name":"1697 7th Avenue","area":0}},{"type":"Feature","geometry":{"type":"Point","coordinates":[-122.465807,37.7585512]},"properties":{"id":6389552854,"category":"transit","name":"Lawton Street & 9th Avenue","area":0}},{"type":"Feature","geometry":{"type":"Point","coordinates":[-122.466344,37.7633856]},"properties":{"id":6389552857,"category":"transit","name":"9th Avenue & Irving Street","area":0}},{"type":"Feature","geometry":{"type":"Point","coordinates":[-122.4689571,37.7705111]},"properties":{"id":6389552858,"category":"transit","name":"de Young Museum / Tea Garden","area":0}},{"type":"Feature","geometry":{"type":"Point","coordinates":[-122.4643942,37.7833298]},"properties":{"id":6389552859,"category":"transit","name":"6th Avenue & Clement Street","area":0}},{"type":"Feature","geometry":{"type":"Point","coordinates":[-122.380007,37.7335331]},"properties":{"id":6389555273,"category":"transit","name":"Ingalls Street & Harbor Road","area":0}},{"type":"Feature","geometry":{"type":"Point","coordinates":[-122.379887,37.7332865]},"properties":{"id":6389555274,"category":"transit","name":"Ingalls Street & Harbor Road","area":0}},{"type":"Feature","geometry":{"type":"Point","coordinates":[-122.379984,37.7324796]},"properties":{"id":6389555275,"category":"transit","name":"Hudson Avenue & Ingalls Street","area":0}},{"type":"Feature","geometry":{"type":"Point","coordinates":[-122.379779,37.7324039]},"properties":{"id":6389555276,"category":"transit","name":"Hudson Avenue & Ingalls Street","area":0}},{"type":"Feature","geometry":{"type":"Point","coordinates":[-122.382107,37.7335317]},"properties":{"id":6389555277,"category":"transit","name":"Hudson Avenue & Whitney Young Circle","area":0}},{"type":"Feature","geometry":{"type":"Point","coordinates":[-122.382135,37.7333714]},"properties":{"id":6389555278,"category":"transit","name":"Hudson Avenue & Whitney Young Circle","area":0}},{"type":"Feature","geometry":{"type":"Point","coordinates":[-122.38304,37.7332699]},"properties":{"id":6389555279,"category":"transit","name":"Whitney Young Circle & Progress Street","area":0}},{"type":"Feature","geometry":{"type":"Point","coordinates":[-122.383316,37.7333368]},"properties":{"id":6389555280,"category":"transit","name":"Whitney Young Circle & Progress Street","area":0}},{"type":"Feature","geometry":{"type":"Point","coordinates":[-122.384692,37.7332348]},"properties":{"id":6389555281,"category":"transit","name":"Newcomb Avenue & La Salle Avenue","area":0}},{"type":"Feature","geometry":{"type":"Point","coordinates":[-122.384958,37.7332827]},"properties":{"id":6389555282,"category":"transit","name":"Newcomb Avenue & La Salle Avenue","area":0}},{"type":"Feature","geometry":{"type":"Point","coordinates":[-122.385852,37.732919]},"properties":{"id":6389555283,"category":"transit","name":"Newcomb Avenue & Keith Street","area":0}},{"type":"Feature","geometry":{"type":"Point","coordinates":[-122.385913,37.7331545]},"properties":{"id":6389555284,"category":"transit","name":"Newcomb Avenue & Keith Street","area":0}},{"type":"Feature","geometry":{"type":"Point","coordinates":[-122.410225,37.730975]},"properties":{"id":6389555372,"category":"transit","name":"Silver Avenue & Holyoke Street","area":0}},{"type":"Feature","geometry":{"type":"Point","coordinates":[-122.410892,37.730887]},"properties":{"id":6389555373,"category":"transit","name":"Silver Avenue & Boylston Street","area":0}},{"type":"Feature","geometry":{"type":"Point","coordinates":[-122.428545,37.7286078]},"properties":{"id":6389555374,"category":"transit","name":"Silver Avenue & Lisbon Street","area":0}},{"type":"Feature","geometry":{"type":"Point","coordinates":[-122.428903,37.7284955]},"properties":{"id":6389555375,"category":"transit","name":"Silver Avenue & Lisbon Street","area":0}},{"type":"Feature","geometry":{"type":"Point","coordinates":[-122.4260528,37.7285956]},"properties":{"id":6389555376,"category":"transit","name":"Silver Avenue & Congdon Street","area":0}},{"type":"Feature","geometry":{"type":"Point","coordinates":[-122.4258847,37.7287257]},"properties":{"id":6389555377,"category":"transit","name":"Silver Avenue & Congdon Street","area":0}},{"type":"Feature","geometry":{"type":"Point","coordinates":[-122.4227799,37.728761]},"properties":{"id":6389555378,"category":"transit","name":"Silver Avenue & Gambier Street","area":0}},{"type":"Feature","geometry":{"type":"Point","coordinates":[-122.4225597,37.728899]},"properties":{"id":6389555379,"category":"transit","name":"Silver Avenue & Gambier Street","area":0}},{"type":"Feature","geometry":{"type":"Point","coordinates":[-122.416261,37.7288402]},"properties":{"id":6389555380,"category":"transit","name":"Silver Avenue & Princeton Street","area":0}},{"type":"Feature","geometry":{"type":"Point","coordinates":[-122.416105,37.7290339]},"properties":{"id":6389555381,"category":"transit","name":"Silver Avenue & Princeton Street","area":0}},{"type":"Feature","geometry":{"type":"Point","coordinates":[-122.4312698,37.7318476]},"properties":{"id":6389555382,"category":"transit","name":"Still Street & Lyell Street","area":0}},{"type":"Feature","geometry":{"type":"Point","coordinates":[-122.429685,37.7314156]},"properties":{"id":6389555383,"category":"transit","name":"Rousseau Street & Cayuga Avenue","area":0}},{"type":"Feature","geometry":{"type":"Point","coordinates":[-122.433081,37.729706]},"properties":{"id":6389555384,"category":"transit","name":"Silver Avenue & Alemany Boulevard","area":0}},{"type":"Feature","geometry":{"type":"Point","coordinates":[-122.386663,37.7323649]},"properties":{"id":6389555385,"category":"transit","name":"Keith Street & Oakdale Avenue","area":0}},{"type":"Feature","geometry":{"type":"Point","coordinates":[-122.386606,37.7326288]},"properties":{"id":6389555386,"category":"transit","name":"Keith Street & Oakdale Avenue","area":0}},{"type":"Feature","geometry":{"type":"Point","coordinates":[-122.387381,37.7320748]},"properties":{"id":6389555387,"category":"transit","name":"Palou Avenue & Keith Street","area":0}},{"type":"Feature","geometry":{"type":"Point","coordinates":[-122.387346,37.7318643]},"properties":{"id":6389555388,"category":"transit","name":"Palou Avenue & Keith Street","area":0}},{"type":"Feature","geometry":{"type":"Point","coordinates":[-122.3889,37.732934]},"properties":{"id":6389555389,"category":"transit","name":"Palou Avenue & Lane Street","area":0}},{"type":"Feature","geometry":{"type":"Point","coordinates":[-122.389207,37.7329315]},"properties":{"id":6389555390,"category":"transit","name":"Palou Avenue & Lane Street","area":0}},{"type":"Feature","geometry":{"type":"Point","coordinates":[-122.392642,37.7350662]},"properties":{"id":6389555391,"category":"transit","name":"Palou Avenue & Newhall Street","area":0}},{"type":"Feature","geometry":{"type":"Point","coordinates":[-122.3969134,37.7370864]},"properties":{"id":6389555392,"category":"transit","name":"Silver Avenue & Palou Avenue","area":0}},{"type":"Feature","geometry":{"type":"Point","coordinates":[-122.398962,37.7363426]},"properties":{"id":6389555393,"category":"transit","name":"Silver Avenue & Revere Avenue","area":0}},{"type":"Feature","geometry":{"type":"Point","coordinates":[-122.398675,37.7363278]},"properties":{"id":6389555394,"category":"transit","name":"Silver Avenue & Revere Avenue","area":0}},{"type":"Feature","geometry":{"type":"Point","coordinates":[-122.400843,37.7354313]},"properties":{"id":6389555395,"category":"transit","name":"Silver Avenue & Topeka Avenue","area":0}},{"type":"Feature","geometry":{"type":"Point","coordinates":[-122.40257,37.7343552]},"properties":{"id":6389555396,"category":"transit","name":"Silver Avenue & Augusta Street","area":0}},{"type":"Feature","geometry":{"type":"Point","coordinates":[-122.401591,37.7347972]},"properties":{"id":6389555397,"category":"transit","name":"Silver Avenue & Santa Fe Avenue","area":0}},{"type":"Feature","geometry":{"type":"Point","coordinates":[-122.404323,37.733079]},"properties":{"id":6389555398,"category":"transit","name":"Silver Avenue & Bayshore Boulevard","area":0}},{"type":"Feature","geometry":{"type":"Point","coordinates":[-122.404255,37.7332993]},"properties":{"id":6389555399,"category":"transit","name":"Silver Avenue & Charter Oak Avenue","area":0}},{"type":"Feature","geometry":{"type":"Point","coordinates":[-122.387149,37.741447]},"properties":{"id":6389555400,"category":"transit","name":"Newhall Street & Fairfax Avenue","area":0}},{"type":"Feature","geometry":{"type":"Point","coordinates":[-122.409006,37.7313521]},"properties":{"id":6389555401,"category":"transit","name":"Silver Avenue & Merrill Street","area":0}},{"type":"Feature","geometry":{"type":"Point","coordinates":[-122.408868,37.7315266]},"properties":{"id":6389555402,"category":"transit","name":"Silver Avenue & Merrill Street","area":0}},{"type":"Feature","geometry":{"type":"Point","coordinates":[-122.413064,37.729919]},"properties":{"id":6389555585,"category":"transit","name":"Silver Avenue & Dartmouth Street","area":0}},{"type":"Feature","geometry":{"type":"Point","coordinates":[-122.419071,37.7290362]},"properties":{"id":6389555586,"category":"transit","name":"Silver Avenue & Cambridge Street","area":0}},{"type":"Feature","geometry":{"type":"Point","coordinates":[-122.405792,37.7323276]},"properties":{"id":6389555587,"category":"transit","name":"Silver Avenue & San Bruno Avenue","area":0}},{"type":"Feature","geometry":{"type":"Point","coordinates":[-122.435983,37.7338085]},"properties":{"id":6389555588,"category":"transit","name":"Bosworth Street & Lippard Avenue","area":0}},{"type":"Feature","geometry":{"type":"Point","coordinates":[-122.4357313,37.7339634]},"properties":{"id":6389555589,"category":"transit","name":"Bosworth Street & Lippard Avenue","area":0}},{"type":"Feature","geometry":{"type":"Point","coordinates":[-122.440378,37.7350461]},"properties":{"id":6389555590,"category":"transit","name":"Bosworth Street & Elk Street","area":0}},{"type":"Feature","geometry":{"type":"Point","coordinates":[-122.4403397,37.7349136]},"properties":{"id":6389555591,"category":"transit","name":"Bosworth Street & Elk Street","area":0}},{"type":"Feature","geometry":{"type":"Point","coordinates":[-122.4438398,37.7364942]},"properties":{"id":6389555592,"category":"transit","name":"O'Shaughnessy Boulevard & Malta Drive","area":0}},{"type":"Feature","geometry":{"type":"Point","coordinates":[-122.4430265,37.7367955]},"properties":{"id":6389555593,"category":"transit","name":"O'Shaughnessy Boulevard & Malta Drive","area":0}},{"type":"Feature","geometry":{"type":"Point","coordinates":[-122.4461588,37.742159]},"properties":{"id":6389555594,"category":"transit","name":"O'Shaughnessy Boulevard & Del Vale Avenue","area":0}},{"type":"Feature","geometry":{"type":"Point","coordinates":[-122.4460199,37.7410958]},"properties":{"id":6389555595,"category":"transit","name":"O'Shaughnessy Boulevard & Del Vale Avenue","area":0}},{"type":"Feature","geometry":{"type":"Point","coordinates":[-122.4505476,37.7443817]},"properties":{"id":6389555596,"category":"transit","name":"100 O'Shaughnessy Boulevard","area":0}},{"type":"Feature","geometry":{"type":"Point","coordinates":[-122.4513726,37.7450765]},"properties":{"id":6389555597,"category":"transit","name":"O'Shaughnessy Boulevard & Portola Drive","area":0}},{"type":"Feature","geometry":{"type":"Point","coordinates":[-122.4523516,37.7455653]},"properties":{"id":6389555598,"category":"transit","name":"Woodside Avenue & Portola Drive","area":0}},{"type":"Feature","geometry":{"type":"Point","coordinates":[-122.4523459,37.7457602]},"properties":{"id":6389555599,"category":"transit","name":"Woodside Avenue & Portola Drive","area":0}},{"type":"Feature","geometry":{"type":"Point","coordinates":[-122.453799,37.7457809]},"properties":{"id":6389555600,"category":"transit","name":"Woodside Avenue & Ulloa Street","area":0}},{"type":"Feature","geometry":{"type":"Point","coordinates":[-122.4540894,37.7456535]},"properties":{"id":6389555601,"category":"transit","name":"Woodside Avenue & Ulloa Street","area":0}},{"type":"Feature","geometry":{"type":"Point","coordinates":[-122.414415,37.7133838]},"properties":{"id":6389581167,"category":"transit","name":"Sawyer Street & Visitacion Avenue","area":0}},{"type":"Feature","geometry":{"type":"Point","coordinates":[-122.413511,37.7150281]},"properties":{"id":6389581168,"category":"transit","name":"Raymond Avenue & Sawyer Street","area":0}},{"type":"Feature","geometry":{"type":"Point","coordinates":[-122.411239,37.714406]},"properties":{"id":6389581169,"category":"transit","name":"Raymond Avenue & Elliot Street","area":0}},{"type":"Feature","geometry":{"type":"Point","coordinates":[-122.409113,37.713858]},"properties":{"id":6389581170,"category":"transit","name":"Raymond Avenue & Delta Street","area":0}},{"type":"Feature","geometry":{"type":"Point","coordinates":[-122.407302,37.7133687]},"properties":{"id":6389581171,"category":"transit","name":"Raymond Avenue & Rutland Street","area":0}},{"type":"Feature","geometry":{"type":"Point","coordinates":[-122.406809,37.7140199]},"properties":{"id":6389581172,"category":"transit","name":"Rutland Street & Arleta Avenue","area":0}},{"type":"Feature","geometry":{"type":"Point","coordinates":[-122.406236,37.7153763]},"properties":{"id":6389581173,"category":"transit","name":"Rutland Street & Campbell Avenue","area":0}},{"type":"Feature","geometry":{"type":"Point","coordinates":[-122.40575,37.7165823]},"properties":{"id":6389581174,"category":"transit","name":"Tioga Avenue & Rutland Street","area":0}},{"type":"Feature","geometry":{"type":"Point","coordinates":[-122.407764,37.717302]},"properties":{"id":6389581175,"category":"transit","name":"Delta Street & Tioga Avenue","area":0}},{"type":"Feature","geometry":{"type":"Point","coordinates":[-122.407201,37.7178592]},"properties":{"id":6389581176,"category":"transit","name":"Wilde Avenue & Delta Street","area":0}},{"type":"Feature","geometry":{"type":"Point","coordinates":[-122.40521,37.7173322]},"properties":{"id":6389581177,"category":"transit","name":"Wilde Avenue & Rutland Street","area":0}},{"type":"Feature","geometry":{"type":"Point","coordinates":[-122.404003,37.7169243]},"properties":{"id":6389581178,"category":"transit","name":"356 Wilde Avenue","area":0}},{"type":"Feature","geometry":{"type":"Point","coordinates":[-122.402397,37.7163237]},"properties":{"id":6389581179,"category":"transit","name":"Wilde Avenue & Goettingen Street","area":0}},{"type":"Feature","geometry":{"type":"Point","coordinates":[-122.400461,37.7165667]},"properties":{"id":6389581180,"category":"transit","name":"Wilde Avenue & Girard Street","area":0}},{"type":"Feature","geometry":{"type":"Point","coordinates":[-122.403932,37.7112361]},"properties":{"id":6389581181,"category":"transit","name":"Leland Avenue & Bayshore Boulevard","area":0}},{"type":"Feature","geometry":{"type":"Point","coordinates":[-122.405783,37.7119544]},"properties":{"id":6389581182,"category":"transit","name":"Leland Avenue & Alpha Street","area":0}},{"type":"Feature","geometry":{"type":"Point","coordinates":[-122.40741,37.7124768]},"properties":{"id":6389581183,"category":"transit","name":"Rutland Street & Leland Avenue","area":0}},{"type":"Feature","geometry":{"type":"Point","coordinates":[-122.407911,37.7113492]},"properties":{"id":6389581184,"category":"transit","name":"Rutland Street & Visitacion Avenue","area":0}},{"type":"Feature","geometry":{"type":"Point","coordinates":[-122.39334,37.711243]},"properties":{"id":6389582498,"category":"transit","name":"Executive Park Boulevard & Thomas Mellon Circle","area":0}},{"type":"Feature","geometry":{"type":"Point","coordinates":[-122.3941427,37.7090225]},"properties":{"id":6389582499,"category":"transit","name":"Alana Way & Executive Park Boulevard","area":0}},{"type":"Feature","geometry":{"type":"Point","coordinates":[-122.408479,37.7100967]},"properties":{"id":6389582585,"category":"transit","name":"Rutland Street & Sunnydale Avenue","area":0}},{"type":"Feature","geometry":{"type":"Point","coordinates":[-122.41154,37.7105901]},"properties":{"id":6389582586,"category":"transit","name":"Sunnydale Avenue & Schwerin Street","area":0}},{"type":"Feature","geometry":{"type":"Point","coordinates":[-122.413104,37.711028]},"properties":{"id":6389582587,"category":"transit","name":"Sunnydale Avenue & Garrison Avenue","area":0}},{"type":"Feature","geometry":{"type":"Point","coordinates":[-122.415268,37.7116304]},"properties":{"id":6389582588,"category":"transit","name":"Sunnydale Avenue & Sawyer Street","area":0}},{"type":"Feature","geometry":{"type":"Point","coordinates":[-122.400944,37.7119956]},"properties":{"id":6389582589,"category":"transit","name":"Blanken Avenue & Tunnel Avenue","area":0}},{"type":"Feature","geometry":{"type":"Point","coordinates":[-122.400682,37.71207]},"properties":{"id":6389582590,"category":"transit","name":"Blanken Avenue & Tunnel Avenue","area":0}},{"type":"Feature","geometry":{"type":"Point","coordinates":[-122.399225,37.7115917]},"properties":{"id":6389582591,"category":"transit","name":"Blanken Avenue & Peninsula Avenue","area":0}},{"type":"Feature","geometry":{"type":"Point","coordinates":[-122.39895,37.7116543]},"properties":{"id":6389582592,"category":"transit","name":"Blanken Avenue & Peninsula Avenue","area":0}},{"type":"Feature","geometry":{"type":"Point","coordinates":[-122.397489,37.7111857]},"properties":{"id":6389582593,"category":"transit","name":"Blanken Avenue & Nueva Avenue","area":0}},{"type":"Feature","geometry":{"type":"Point","coordinates":[-122.397237,37.711248]},"properties":{"id":6389582594,"category":"transit","name":"Blanken Avenue & Nueva Avenue","area":0}},{"type":"Feature","geometry":{"type":"Point","coordinates":[-122.39664,37.7109736]},"properties":{"id":6389582595,"category":"transit","name":"Blanken Avenue & Gillette Avenue","area":0}},{"type":"Feature","geometry":{"type":"Point","coordinates":[-122.396377,37.7110392]},"properties":{"id":6389582596,"category":"transit","name":"Blanken Avenue & Gillette Avenue","area":0}},{"type":"Feature","geometry":{"type":"Point","coordinates":[-122.449187,37.7316844]},"properties":{"id":6389731464,"category":"transit","name":"Monterey Boulevard & Foerster Street","area":0}},{"type":"Feature","geometry":{"type":"Point","coordinates":[-122.451294,37.7314544]},"properties":{"id":6389731465,"category":"transit","name":"Monterey Boulevard & Gennessee Street","area":0}},{"type":"Feature","geometry":{"type":"Point","coordinates":[-122.455833,37.7312638]},"properties":{"id":6389731466,"category":"transit","name":"Monterey Boulevard & Valdez Avenue","area":0}},{"type":"Feature","geometry":{"type":"Point","coordinates":[-122.455646,37.7314679]},"properties":{"id":6389731467,"category":"transit","name":"Monterey Boulevard & Valdez Avenue","area":0}},{"type":"Feature","geometry":{"type":"Point","coordinates":[-122.457354,37.7311181]},"properties":{"id":6389731468,"category":"transit","name":"Monterey Boulevard & Plymouth Avenue","area":0}},{"type":"Feature","geometry":{"type":"Point","coordinates":[-122.457574,37.7311271]},"properties":{"id":6389731469,"category":"transit","name":"Plymouth Avenue & Monterey Boulevard","area":0}},{"type":"Feature","geometry":{"type":"Point","coordinates":[-122.457829,37.7322384]},"properties":{"id":6389731470,"category":"transit","name":"Plymouth Avenue & Mangels Avenue","area":0}},{"type":"Feature","geometry":{"type":"Point","coordinates":[-122.457626,37.7320984]},"properties":{"id":6389731471,"category":"transit","name":"Plymouth Avenue & Mangels Avenue","area":0}},{"type":"Feature","geometry":{"type":"Point","coordinates":[-122.458466,37.7326272]},"properties":{"id":6389731472,"category":"transit","name":"Plymouth Avenue & Yerba Buena Avenue","area":0}},{"type":"Feature","geometry":{"type":"Point","coordinates":[-122.458725,37.7326407]},"properties":{"id":6389731473,"category":"transit","name":"Yerba Buena Avenue & Saint Elmo Way","area":0}},{"type":"Feature","geometry":{"type":"Point","coordinates":[-122.458983,37.7335905]},"properties":{"id":6389731474,"category":"transit","name":"Yerba Buena Avenue & Brentwood Avenue","area":0}},{"type":"Feature","geometry":{"type":"Point","coordinates":[-122.459171,37.7336719]},"properties":{"id":6389731475,"category":"transit","name":"Yerba Buena Avenue & Brentwood Avenue","area":0}},{"type":"Feature","geometry":{"type":"Point","coordinates":[-122.459727,37.7345876]},"properties":{"id":6389731476,"category":"transit","name":"Yerba Buena Avenue & Hazelwood Avenue","area":0}},{"type":"Feature","geometry":{"type":"Point","coordinates":[-122.459709,37.7344048]},"properties":{"id":6389731477,"category":"transit","name":"Yerba Buena Avenue & Hazelwood Avenue","area":0}},{"type":"Feature","geometry":{"type":"Point","coordinates":[-122.460549,37.7353229]},"properties":{"id":6389731478,"category":"transit","name":"Yerba Buena Avenue & Ravenwood Drive","area":0}},{"type":"Feature","geometry":{"type":"Point","coordinates":[-122.460907,37.7355909]},"properties":{"id":6389731479,"category":"transit","name":"Miraloma Drive & Yerba Buena Avenue","area":0}},{"type":"Feature","geometry":{"type":"Point","coordinates":[-122.46146,37.7377445]},"properties":{"id":6389731480,"category":"transit","name":"126 Miraloma Drive","area":0}},{"type":"Feature","geometry":{"type":"Point","coordinates":[-122.4614,37.7381033]},"properties":{"id":6389731481,"category":"transit","name":"Miraloma Drive & Bengal Alley","area":0}},{"type":"Feature","geometry":{"type":"Point","coordinates":[-122.460053,37.7392156]},"properties":{"id":6389731482,"category":"transit","name":"Miraloma Drive & Juanita Way","area":0}},{"type":"Feature","geometry":{"type":"Point","coordinates":[-122.460095,37.7393721]},"properties":{"id":6389731483,"category":"transit","name":"Miraloma Drive & Juanita Way","area":0}},{"type":"Feature","geometry":{"type":"Point","coordinates":[-122.459365,37.7400953]},"properties":{"id":6389731484,"category":"transit","name":"Miraloma Drive & Marne Avenue","area":0}},{"type":"Feature","geometry":{"type":"Point","coordinates":[-122.432152,37.7121273]},"properties":{"id":6389731692,"category":"transit","name":"South Hill Boulevard & Prague Street","area":0}},{"type":"Feature","geometry":{"type":"Point","coordinates":[-122.432155,37.7117218]},"properties":{"id":6389731693,"category":"transit","name":"South Hill Boulevard & Rolph Street","area":0}},{"type":"Feature","geometry":{"type":"Point","coordinates":[-122.431756,37.7112607]},"properties":{"id":6389731694,"category":"transit","name":"South Hill Boulevard & Rolph Street","area":0}},{"type":"Feature","geometry":{"type":"Point","coordinates":[-122.431613,37.7107844]},"properties":{"id":6389731695,"category":"transit","name":"South Hill Boulevard & Chicago Way","area":0}},{"type":"Feature","geometry":{"type":"Point","coordinates":[-122.431414,37.7105285]},"properties":{"id":6389731696,"category":"transit","name":"Chicago Way & South Hill Boulevard","area":0}},{"type":"Feature","geometry":{"type":"Point","coordinates":[-122.432462,37.7098311]},"properties":{"id":6389731697,"category":"transit","name":"Chicago Way & Naylor Street","area":0}},{"type":"Feature","geometry":{"type":"Point","coordinates":[-122.432509,37.7096469]},"properties":{"id":6389731698,"category":"transit","name":"Chicago Way & Naylor Street","area":0}},{"type":"Feature","geometry":{"type":"Point","coordinates":[-122.434092,37.7089392]},"properties":{"id":6389731699,"category":"transit","name":"Chicago Way & Cordova Street","area":0}},{"type":"Feature","geometry":{"type":"Point","coordinates":[-122.43432,37.7090002]},"properties":{"id":6389731700,"category":"transit","name":"Chicago Way & Cordova Street","area":0}},{"type":"Feature","geometry":{"type":"Point","coordinates":[-122.434592,37.7095047]},"properties":{"id":6389731701,"category":"transit","name":"Cordova Street & Winding Way","area":0}},{"type":"Feature","geometry":{"type":"Point","coordinates":[-122.434834,37.7096405]},"properties":{"id":6389731702,"category":"transit","name":"Cordova Street & Winding Way","area":0}},{"type":"Feature","geometry":{"type":"Point","coordinates":[-122.434877,37.7101603]},"properties":{"id":6389731703,"category":"transit","name":"Cordova Street & Prague Street","area":0}},{"type":"Feature","geometry":{"type":"Point","coordinates":[-122.435113,37.7101635]},"properties":{"id":6389731704,"category":"transit","name":"Prague Street & Cordova Street","area":0}},{"type":"Feature","geometry":{"type":"Point","coordinates":[-122.435587,37.7109111]},"properties":{"id":6389731705,"category":"transit","name":"Munich Street & Cordova Street","area":0}},{"type":"Feature","geometry":{"type":"Point","coordinates":[-122.436855,37.7099827]},"properties":{"id":6389731706,"category":"transit","name":"Prague Street & Drake Street","area":0}},{"type":"Feature","geometry":{"type":"Point","coordinates":[-122.437781,37.7101727]},"properties":{"id":6389731707,"category":"transit","name":"Curtis Street & Prague Street","area":0}},{"type":"Feature","geometry":{"type":"Point","coordinates":[-122.438232,37.7111597]},"properties":{"id":6389731708,"category":"transit","name":"Munich Street & Naples Street","area":0}},{"type":"Feature","geometry":{"type":"Point","coordinates":[-122.438476,37.7111528]},"properties":{"id":6389731709,"category":"transit","name":"Naples Street & Curtis Street","area":0}},{"type":"Feature","geometry":{"type":"Point","coordinates":[-122.437835,37.7120725]},"properties":{"id":6389731710,"category":"transit","name":"Naples Street & Brunswick Street","area":0}},{"type":"Feature","geometry":{"type":"Point","coordinates":[-122.437911,37.7116666]},"properties":{"id":6389731711,"category":"transit","name":"Naples Street & Seville Street","area":0}},{"type":"Feature","geometry":{"type":"Point","coordinates":[-122.437325,37.7124903]},"properties":{"id":6389731712,"category":"transit","name":"Naples Street & Athens Street","area":0}},{"type":"Feature","geometry":{"type":"Point","coordinates":[-122.436693,37.713368]},"properties":{"id":6389731713,"category":"transit","name":"Naples Street & Rolph Street","area":0}},{"type":"Feature","geometry":{"type":"Point","coordinates":[-122.43694,37.713314]},"properties":{"id":6389731714,"category":"transit","name":"Naples Street & Rolph Street","area":0}},{"type":"Feature","geometry":{"type":"Point","coordinates":[-122.436571,37.7139796]},"properties":{"id":6389731715,"category":"transit","name":"Naples Street & Geneva Avenue","area":0}},{"type":"Feature","geometry":{"type":"Point","coordinates":[-122.4523081,37.7271495]},"properties":{"id":6389731716,"category":"transit","name":"Frida Kahlo Way & Riordan High School","area":0}},{"type":"Feature","geometry":{"type":"Point","coordinates":[-122.4524811,37.7271424]},"properties":{"id":6389731717,"category":"transit","name":"Frida Kahlo Way & Riordan High School","area":0}},{"type":"Feature","geometry":{"type":"Point","coordinates":[-122.451246,37.728284]},"properties":{"id":6389731718,"category":"transit","name":"Judson Avenue & Gennessee Street","area":0}},{"type":"Feature","geometry":{"type":"Point","coordinates":[-122.4512228,37.7285077]},"properties":{"id":6389731719,"category":"transit","name":"Judson Avenue & Gennessee Street","area":0}},{"type":"Feature","geometry":{"type":"Point","coordinates":[-122.44882,37.7286567]},"properties":{"id":6389731720,"category":"transit","name":"Foerster Street & Judson Avenue","area":0}},{"type":"Feature","geometry":{"type":"Point","coordinates":[-122.44881,37.7298224]},"properties":{"id":6389731721,"category":"transit","name":"Foerster Street & Flood Avenue","area":0}},{"type":"Feature","geometry":{"type":"Point","coordinates":[-122.4455032,37.7704006]},"properties":{"id":6389731722,"category":"transit","name":"Masonic Avenue & Haight Street","area":0}},{"type":"Feature","geometry":{"type":"Point","coordinates":[-122.4476245,37.7909249]},"properties":{"id":6389731725,"category":"transit","name":"Presidio Avenue & Jackson Street","area":0}},{"type":"Feature","geometry":{"type":"Point","coordinates":[-122.4515599,37.7965453]},"properties":{"id":6389731726,"category":"transit","name":"Presidio Boulevard & Simonds Loop","area":0}},{"type":"Feature","geometry":{"type":"Point","coordinates":[-122.4517657,37.7967253]},"properties":{"id":6389731727,"category":"transit","name":"Presidio Boulevard & Sumner Avenue","area":0}},{"type":"Feature","geometry":{"type":"Point","coordinates":[-122.452427,37.7991553]},"properties":{"id":6389731729,"category":"transit","name":"Presidio Boulevard & Letterman Drive","area":0}},{"type":"Feature","geometry":{"type":"Point","coordinates":[-122.4450387,37.7986771]},"properties":{"id":6389731730,"category":"transit","name":"Lombard Street & Richardson Avenue","area":0}},{"type":"Feature","geometry":{"type":"Point","coordinates":[-122.431218,37.8013607]},"properties":{"id":6389731731,"category":"transit","name":"Laguna Street & Chestnut Street","area":0}},{"type":"Feature","geometry":{"type":"Point","coordinates":[-122.4333348,37.8033916]},"properties":{"id":6389731732,"category":"transit","name":"Buchanan Street & Bay Street","area":0}},{"type":"Feature","geometry":{"type":"Point","coordinates":[-122.459553,37.7401818]},"properties":{"id":6389732285,"category":"transit","name":"Miraloma Drive & Marne Avenue","area":0}},{"type":"Feature","geometry":{"type":"Point","coordinates":[-122.455501,37.74311]},"properties":{"id":6389732286,"category":"transit","name":"Laguna Honda Boulevard & Portola Drive","area":0}},{"type":"Feature","geometry":{"type":"Point","coordinates":[-122.455734,37.7434668]},"properties":{"id":6389732287,"category":"transit","name":"Laguna Honda Boulevard & Ulloa Street","area":0}},{"type":"Feature","geometry":{"type":"Point","coordinates":[-122.456672,37.7441496]},"properties":{"id":6389732288,"category":"transit","name":"Laguna Honda Boulevard & Idora Avenue","area":0}},{"type":"Feature","geometry":{"type":"Point","coordinates":[-122.456407,37.7440034]},"properties":{"id":6389732289,"category":"transit","name":"Laguna Honda Boulevard & Idora Avenue","area":0}},{"type":"Feature","geometry":{"type":"Point","coordinates":[-122.457225,37.7452857]},"properties":{"id":6389732290,"category":"transit","name":"Laguna Honda Boulevard & Balceta Avenue","area":0}},{"type":"Feature","geometry":{"type":"Point","coordinates":[-122.457076,37.7453866]},"properties":{"id":6389732291,"category":"transit","name":"Laguna Honda Boulevard & Balceta Avenue","area":0}},{"type":"Feature","geometry":{"type":"Point","coordinates":[-122.4582124,37.7460036]},"properties":{"id":6389732292,"category":"transit","name":"Laguna Honda Boulevard & Vasquez Avenue","area":0}},{"type":"Feature","geometry":{"type":"Point","coordinates":[-122.446038,37.7741591]},"properties":{"id":6389732293,"category":"transit","name":"Masonic Avenue & Hayes Street","area":0}},{"type":"Feature","geometry":{"type":"Point","coordinates":[-122.468205,37.7582755]},"properties":{"id":6389778092,"category":"transit","name":"Lawton Street & 11th Avenue","area":0}},{"type":"Feature","geometry":{"type":"Point","coordinates":[-122.467959,37.7584487]},"properties":{"id":6389778093,"category":"transit","name":"Lawton Street & 11th Avenue","area":0}},{"type":"Feature","geometry":{"type":"Point","coordinates":[-122.466083,37.7583779]},"properties":{"id":6389778094,"category":"transit","name":"Lawton Street & 9th Avenue","area":0}},{"type":"Feature","geometry":{"type":"Point","coordinates":[-122.465043,37.7621114]},"properties":{"id":6389778095,"category":"transit","name":"8th Avenue & Judah Street","area":0}},{"type":"Feature","geometry":{"type":"Point","coordinates":[-122.487256,37.7407631]},"properties":{"id":6389778290,"category":"transit","name":"Ulloa Street & 30th Avenue","area":0}},{"type":"Feature","geometry":{"type":"Point","coordinates":[-122.486084,37.7391106]},"properties":{"id":6389778291,"category":"transit","name":"29th Avenue & Vicente Street","area":0}},{"type":"Feature","geometry":{"type":"Point","coordinates":[-122.487464,37.7407823]},"properties":{"id":6389778292,"category":"transit","name":"30th Avenue & Ulloa Street","area":0}},{"type":"Feature","geometry":{"type":"Point","coordinates":[-122.487596,37.7426555]},"properties":{"id":6389778293,"category":"transit","name":"30th Avenue & Taraval Street","area":0}},{"type":"Feature","geometry":{"type":"Point","coordinates":[-122.487404,37.7424057]},"properties":{"id":6389778294,"category":"transit","name":"30th Avenue & Taraval Street","area":0}},{"type":"Feature","geometry":{"type":"Point","coordinates":[-122.487527,37.7442798]},"properties":{"id":6389778295,"category":"transit","name":"30th Avenue & Santiago Street","area":0}},{"type":"Feature","geometry":{"type":"Point","coordinates":[-122.487725,37.7445099]},"properties":{"id":6389778296,"category":"transit","name":"30th Avenue & Santiago Street","area":0}},{"type":"Feature","geometry":{"type":"Point","coordinates":[-122.487663,37.7461611]},"properties":{"id":6389778297,"category":"transit","name":"30th Avenue & Rivera Street","area":0}},{"type":"Feature","geometry":{"type":"Point","coordinates":[-122.487858,37.7463793]},"properties":{"id":6389778298,"category":"transit","name":"30th Avenue & Rivera Street","area":0}},{"type":"Feature","geometry":{"type":"Point","coordinates":[-122.487963,37.7478947]},"properties":{"id":6389778299,"category":"transit","name":"30th Avenue & Quintara Street","area":0}},{"type":"Feature","geometry":{"type":"Point","coordinates":[-122.487776,37.748024]},"properties":{"id":6389778300,"category":"transit","name":"30th Avenue & Quintara Street","area":0}},{"type":"Feature","geometry":{"type":"Point","coordinates":[-122.473853,37.7488358]},"properties":{"id":6389778301,"category":"transit","name":"Quintara Street & 17th Avenue","area":0}},{"type":"Feature","geometry":{"type":"Point","coordinates":[-122.472994,37.748707]},"properties":{"id":6389778302,"category":"transit","name":"Quintara Street & 16th Avenue","area":0}},{"type":"Feature","geometry":{"type":"Point","coordinates":[-122.471855,37.7489662]},"properties":{"id":6389778303,"category":"transit","name":"15th Avenue & Quintara Street","area":0}},{"type":"Feature","geometry":{"type":"Point","coordinates":[-122.472002,37.7508198]},"properties":{"id":6389778304,"category":"transit","name":"15th Avenue & Pacheco Street","area":0}},{"type":"Feature","geometry":{"type":"Point","coordinates":[-122.472916,37.7505472]},"properties":{"id":6389778305,"category":"transit","name":"16th Avenue & Pacheco Street","area":0}},{"type":"Feature","geometry":{"type":"Point","coordinates":[-122.473044,37.7524176]},"properties":{"id":6389778306,"category":"transit","name":"16th Avenue & Ortega Street","area":0}},{"type":"Feature","geometry":{"type":"Point","coordinates":[-122.472096,37.7526875]},"properties":{"id":6389778307,"category":"transit","name":"15th Avenue & Ortega Street","area":0}},{"type":"Feature","geometry":{"type":"Point","coordinates":[-122.472174,37.7541382]},"properties":{"id":6389778308,"category":"transit","name":"15th Avenue & Noriega Street","area":0}},{"type":"Feature","geometry":{"type":"Point","coordinates":[-122.473184,37.7542641]},"properties":{"id":6389778309,"category":"transit","name":"16th Avenue & Noriega Street","area":0}},{"type":"Feature","geometry":{"type":"Point","coordinates":[-122.47315,37.7552506]},"properties":{"id":6389778310,"category":"transit","name":"Noriega Street & 16th Avenue","area":0}},{"type":"Feature","geometry":{"type":"Point","coordinates":[-122.473572,37.75612]},"properties":{"id":6389778311,"category":"transit","name":"16th Avenue & Moraga Street","area":0}},{"type":"Feature","geometry":{"type":"Point","coordinates":[-122.473714,37.7563809]},"properties":{"id":6389778312,"category":"transit","name":"16th Avenue & Moraga Street","area":0}},{"type":"Feature","geometry":{"type":"Point","coordinates":[-122.473552,37.7569702]},"properties":{"id":6389778313,"category":"transit","name":"16th Avenue & Lomita Avenue","area":0}},{"type":"Feature","geometry":{"type":"Point","coordinates":[-122.473652,37.7581171]},"properties":{"id":6389778314,"category":"transit","name":"16th Avenue & Lawton Street","area":0}},{"type":"Feature","geometry":{"type":"Point","coordinates":[-122.473762,37.7579204]},"properties":{"id":6389778315,"category":"transit","name":"16th Avenue & Lawton Street","area":0}},{"type":"Feature","geometry":{"type":"Point","coordinates":[-122.473737,37.7593237]},"properties":{"id":6389778316,"category":"transit","name":"Lawton Street & 16th Avenue","area":0}},{"type":"Feature","geometry":{"type":"Point","coordinates":[-122.472717,37.7591397]},"properties":{"id":6389778317,"category":"transit","name":"Lawton Street & Lomita Avenue","area":0}},{"type":"Feature","geometry":{"type":"Point","coordinates":[-122.472333,37.7591736]},"properties":{"id":6389778318,"category":"transit","name":"Lawton Street & Lomita Avenue","area":0}},{"type":"Feature","geometry":{"type":"Point","coordinates":[-122.469948,37.7581908]},"properties":{"id":6389778319,"category":"transit","name":"Lawton Street & Funston Avenue","area":0}},{"type":"Feature","geometry":{"type":"Point","coordinates":[-122.433847,37.7343851]},"properties":{"id":6389799676,"category":"transit","name":"Diamond Street & Chenery Street","area":0}},{"type":"Feature","geometry":{"type":"Point","coordinates":[-122.434029,37.7343405]},"properties":{"id":6389799677,"category":"transit","name":"Diamond Street & Chenery Street","area":0}},{"type":"Feature","geometry":{"type":"Point","coordinates":[-122.4319444,37.7345549]},"properties":{"id":6389799678,"category":"transit","name":"Chenery Street & Natick Street","area":0}},{"type":"Feature","geometry":{"type":"Point","coordinates":[-122.4323507,37.7346238]},"properties":{"id":6389799679,"category":"transit","name":"Chenery Street & Castro Street","area":0}},{"type":"Feature","geometry":{"type":"Point","coordinates":[-122.429017,37.7363102]},"properties":{"id":6389799680,"category":"transit","name":"Chenery Street & Mateo Street","area":0}},{"type":"Feature","geometry":{"type":"Point","coordinates":[-122.428977,37.736482]},"properties":{"id":6389799681,"category":"transit","name":"Chenery Street & Mateo Street","area":0}},{"type":"Feature","geometry":{"type":"Point","coordinates":[-122.4302873,37.7354818]},"properties":{"id":6389799682,"category":"transit","name":"Chenery Street & Roanoke Street","area":0}},{"type":"Feature","geometry":{"type":"Point","coordinates":[-122.4302417,37.7356612]},"properties":{"id":6389799683,"category":"transit","name":"Chenery Street & Roanoke Street","area":0}},{"type":"Feature","geometry":{"type":"Point","coordinates":[-122.427742,37.7371343]},"properties":{"id":6389799684,"category":"transit","name":"Chenery Street & Miguel Street","area":0}},{"type":"Feature","geometry":{"type":"Point","coordinates":[-122.4359371,37.7462593]},"properties":{"id":6389800442,"category":"transit","name":"Diamond Street & 27th Street","area":0}},{"type":"Feature","geometry":{"type":"Point","coordinates":[-122.4357688,37.7463249]},"properties":{"id":6389800443,"category":"transit","name":"Diamond Street & 27th Street","area":0}},{"type":"Feature","geometry":{"type":"Point","coordinates":[-122.436009,37.746988]},"properties":{"id":6389800444,"category":"transit","name":"Diamond Street & Cesar Chavez Street","area":0}},{"type":"Feature","geometry":{"type":"Point","coordinates":[-122.435827,37.7470879]},"properties":{"id":6389800445,"category":"transit","name":"Diamond Street & Cesar Chavez Street","area":0}},{"type":"Feature","geometry":{"type":"Point","coordinates":[-122.436084,37.7478451]},"properties":{"id":6389800446,"category":"transit","name":"Diamond Street & 26th Street","area":0}},{"type":"Feature","geometry":{"type":"Point","coordinates":[-122.435922,37.7478982]},"properties":{"id":6389800447,"category":"transit","name":"Diamond Street & 26th Street","area":0}},{"type":"Feature","geometry":{"type":"Point","coordinates":[-122.436003,37.7486862]},"properties":{"id":6389800448,"category":"transit","name":"Diamond Street & Clipper Street","area":0}},{"type":"Feature","geometry":{"type":"Point","coordinates":[-122.436196,37.7488597]},"properties":{"id":6389800449,"category":"transit","name":"Diamond Street & Clipper Street","area":0}},{"type":"Feature","geometry":{"type":"Point","coordinates":[-122.436073,37.7494835]},"properties":{"id":6389800450,"category":"transit","name":"Diamond Street & 25th Street","area":0}},{"type":"Feature","geometry":{"type":"Point","coordinates":[-122.436285,37.7496583]},"properties":{"id":6389800451,"category":"transit","name":"Diamond Street & 25th Street","area":0}},{"type":"Feature","geometry":{"type":"Point","coordinates":[-122.4362218,37.751079]},"properties":{"id":6389800452,"category":"transit","name":"Diamond Street & 24th Street","area":0}},{"type":"Feature","geometry":{"type":"Point","coordinates":[-122.4364259,37.7512613]},"properties":{"id":6389800453,"category":"transit","name":"Diamond Street & 24th Street","area":0}},{"type":"Feature","geometry":{"type":"Point","coordinates":[-122.4366133,37.7526856]},"properties":{"id":6389800454,"category":"transit","name":"23rd Street & Diamond Street","area":0}},{"type":"Feature","geometry":{"type":"Point","coordinates":[-122.4374091,37.7527568]},"properties":{"id":6389800455,"category":"transit","name":"23rd Street & Eureka Street","area":0}},{"type":"Feature","geometry":{"type":"Point","coordinates":[-122.4375925,37.7527978]},"properties":{"id":6389800456,"category":"transit","name":"Eureka Street & 23rd Street","area":0}},{"type":"Feature","geometry":{"type":"Point","coordinates":[-122.4375754,37.7542111]},"properties":{"id":6389800457,"category":"transit","name":"Eureka Street & 22nd Street","area":0}},{"type":"Feature","geometry":{"type":"Point","coordinates":[-122.4377545,37.754409]},"properties":{"id":6389800458,"category":"transit","name":"Eureka Street & 22nd Street","area":0}},{"type":"Feature","geometry":{"type":"Point","coordinates":[-122.4378741,37.7556221]},"properties":{"id":6389800459,"category":"transit","name":"Eureka Street & 21st Street","area":0}},{"type":"Feature","geometry":{"type":"Point","coordinates":[-122.437748,37.7558146]},"properties":{"id":6389800460,"category":"transit","name":"Eureka Street & 21st Street","area":0}},{"type":"Feature","geometry":{"type":"Point","coordinates":[-122.4378664,37.7573972]},"properties":{"id":6389800461,"category":"transit","name":"Eureka Street & 20th Street","area":0}},{"type":"Feature","geometry":{"type":"Point","coordinates":[-122.4378597,37.7575631]},"properties":{"id":6389800462,"category":"transit","name":"20th Street & Eureka Street","area":0}},{"type":"Feature","geometry":{"type":"Point","coordinates":[-122.436069,37.757685]},"properties":{"id":6389800463,"category":"transit","name":"20th Street & Collingwood Street","area":0}},{"type":"Feature","geometry":{"type":"Point","coordinates":[-122.4380372,37.759008]},"properties":{"id":6389800464,"category":"transit","name":"Eureka Street & 19th Street","area":0}},{"type":"Feature","geometry":{"type":"Point","coordinates":[-122.438271,37.7615708]},"properties":{"id":6389800465,"category":"transit","name":"Eureka Street & Market Street","area":0}},{"type":"Feature","geometry":{"type":"Point","coordinates":[-122.4279464,37.7371362]},"properties":{"id":6389800585,"category":"transit","name":"Chenery Street & Miguel Street","area":0}},{"type":"Feature","geometry":{"type":"Point","coordinates":[-122.428291,37.7378535]},"properties":{"id":6389800586,"category":"transit","name":"Miguel Street & Laidley Street","area":0}},{"type":"Feature","geometry":{"type":"Point","coordinates":[-122.428286,37.7376723]},"properties":{"id":6389800587,"category":"transit","name":"Miguel Street & Laidley Street","area":0}},{"type":"Feature","geometry":{"type":"Point","coordinates":[-122.429618,37.7378904]},"properties":{"id":6389800588,"category":"transit","name":"Bemis Street & Addison Street","area":0}},{"type":"Feature","geometry":{"type":"Point","coordinates":[-122.430934,37.7377684]},"properties":{"id":6389800589,"category":"transit","name":"46 Addison Street","area":0}},{"type":"Feature","geometry":{"type":"Point","coordinates":[-122.432648,37.7380177]},"properties":{"id":6389800590,"category":"transit","name":"164 Addison Street","area":0}},{"type":"Feature","geometry":{"type":"Point","coordinates":[-122.429743,37.7376179]},"properties":{"id":6389800591,"category":"transit","name":"Bemis Street & Addison Street","area":0}},{"type":"Feature","geometry":{"type":"Point","coordinates":[-122.431078,37.7367508]},"properties":{"id":6389800592,"category":"transit","name":"Bemis Street & Moffitt Street","area":0}},{"type":"Feature","geometry":{"type":"Point","coordinates":[-122.432499,37.736878]},"properties":{"id":6389800593,"category":"transit","name":"33 Moffitt Street","area":0}},{"type":"Feature","geometry":{"type":"Point","coordinates":[-122.4340479,37.7383449]},"properties":{"id":6389800594,"category":"transit","name":"Farnum Street & Moffitt Street","area":0}},{"type":"Feature","geometry":{"type":"Point","coordinates":[-122.4336045,37.7398939]},"properties":{"id":6389800595,"category":"transit","name":"Addison Street & Digby Street","area":0}},{"type":"Feature","geometry":{"type":"Point","coordinates":[-122.4342767,37.7401869]},"properties":{"id":6389800596,"category":"transit","name":"Addison Street & Farnum Street","area":0}},{"type":"Feature","geometry":{"type":"Point","coordinates":[-122.4344359,37.7400585]},"properties":{"id":6389800597,"category":"transit","name":"Addison Street & Farnum Street","area":0}},{"type":"Feature","geometry":{"type":"Point","coordinates":[-122.4356404,37.7400153]},"properties":{"id":6389800598,"category":"transit","name":"Addison Street & Diamond Heights Boulevard","area":0}},{"type":"Feature","geometry":{"type":"Point","coordinates":[-122.4355953,37.7403945]},"properties":{"id":6389800599,"category":"transit","name":"Diamond Heights Boulevard & Addison Street","area":0}},{"type":"Feature","geometry":{"type":"Point","coordinates":[-122.4352944,37.7416215]},"properties":{"id":6389800600,"category":"transit","name":"Diamond Street & Diamond Heights Boulevard (North Junction)","area":0}},{"type":"Feature","geometry":{"type":"Point","coordinates":[-122.4354835,37.7418863]},"properties":{"id":6389800601,"category":"transit","name":"Diamond Street & Diamond Heights Boulevard (North Junction)","area":0}},{"type":"Feature","geometry":{"type":"Point","coordinates":[-122.4354872,37.7430649]},"properties":{"id":6389800602,"category":"transit","name":"Diamond Street & 29th Street","area":0}},{"type":"Feature","geometry":{"type":"Point","coordinates":[-122.4356809,37.7432926]},"properties":{"id":6389800603,"category":"transit","name":"Diamond Street & 29th Street","area":0}},{"type":"Feature","geometry":{"type":"Point","coordinates":[-122.4356841,37.7454906]},"properties":{"id":6389800604,"category":"transit","name":"Diamond Street & Duncan Street","area":0}},{"type":"Feature","geometry":{"type":"Point","coordinates":[-122.4358852,37.7456624]},"properties":{"id":6389800605,"category":"transit","name":"Diamond Street & Duncan Street","area":0}},{"type":"Feature","geometry":{"type":"Point","coordinates":[-122.41616,37.7522819]},"properties":{"id":6389827909,"category":"transit","name":"South Van Ness Avenue & 24th Street","area":0}},{"type":"Feature","geometry":{"type":"Point","coordinates":[-122.415259,37.7332518]},"properties":{"id":6389827910,"category":"transit","name":"831 Ellsworth Street","area":0}},{"type":"Feature","geometry":{"type":"Point","coordinates":[-122.4168,37.7328181]},"properties":{"id":6389827911,"category":"transit","name":"909 Ellsworth Street","area":0}},{"type":"Feature","geometry":{"type":"Point","coordinates":[-122.417802,37.7327873]},"properties":{"id":6389827912,"category":"transit","name":"945 Ellsworth Street","area":0}},{"type":"Feature","geometry":{"type":"Point","coordinates":[-122.418901,37.7326261]},"properties":{"id":6389827913,"category":"transit","name":"989 Ellsworth Street","area":0}},{"type":"Feature","geometry":{"type":"Point","coordinates":[-122.414114,37.7332296]},"properties":{"id":6389827914,"category":"transit","name":"Alemany Boulevard & Folsom Street","area":0}},{"type":"Feature","geometry":{"type":"Point","coordinates":[-122.411285,37.7349577]},"properties":{"id":6389827915,"category":"transit","name":"Crescent Avenue & Putnam Street","area":0}},{"type":"Feature","geometry":{"type":"Point","coordinates":[-122.413632,37.7349521]},"properties":{"id":6389827916,"category":"transit","name":"Folsom Street & Crescent Avenue","area":0}},{"type":"Feature","geometry":{"type":"Point","coordinates":[-122.413763,37.7348434]},"properties":{"id":6389827917,"category":"transit","name":"Folsom Street & Crescent Avenue","area":0}},{"type":"Feature","geometry":{"type":"Point","coordinates":[-122.413684,37.7357442]},"properties":{"id":6389827918,"category":"transit","name":"Folsom Street & Ogden Avenue","area":0}},{"type":"Feature","geometry":{"type":"Point","coordinates":[-122.413535,37.7360645]},"properties":{"id":6389827919,"category":"transit","name":"Folsom Street & Ogden Avenue","area":0}},{"type":"Feature","geometry":{"type":"Point","coordinates":[-122.413422,37.7372561]},"properties":{"id":6389827920,"category":"transit","name":"Folsom Street & Tompkins Avenue","area":0}},{"type":"Feature","geometry":{"type":"Point","coordinates":[-122.413549,37.7371668]},"properties":{"id":6389827921,"category":"transit","name":"Folsom Street & Tompkins Avenue","area":0}},{"type":"Feature","geometry":{"type":"Point","coordinates":[-122.413406,37.7387018]},"properties":{"id":6389827922,"category":"transit","name":"Folsom Street & Cortland Avenue","area":0}},{"type":"Feature","geometry":{"type":"Point","coordinates":[-122.413267,37.738907]},"properties":{"id":6389827923,"category":"transit","name":"Folsom Street & Cortland Avenue","area":0}},{"type":"Feature","geometry":{"type":"Point","coordinates":[-122.411292,37.7400773]},"properties":{"id":6389827924,"category":"transit","name":"Nevada Street & Cortland Avenue","area":0}},{"type":"Feature","geometry":{"type":"Point","coordinates":[-122.411448,37.7399363]},"properties":{"id":6389827925,"category":"transit","name":"Nevada Street & Cortland Avenue","area":0}},{"type":"Feature","geometry":{"type":"Point","coordinates":[-122.411239,37.7414924]},"properties":{"id":6389827926,"category":"transit","name":"Bernal Heights Boulevard & Powhattan Avenue","area":0}},{"type":"Feature","geometry":{"type":"Point","coordinates":[-122.41068,37.7415269]},"properties":{"id":6389827927,"category":"transit","name":"Bernal Heights Boulevard & Powhattan Avenue","area":0}},{"type":"Feature","geometry":{"type":"Point","coordinates":[-122.40971,37.7418801]},"properties":{"id":6389827928,"category":"transit","name":"Bernal Heights Boulevard & Bradford Street","area":0}},{"type":"Feature","geometry":{"type":"Point","coordinates":[-122.409396,37.7419764]},"properties":{"id":6389827929,"category":"transit","name":"Bradford Street & Bernal Heights Boulevard","area":0}},{"type":"Feature","geometry":{"type":"Point","coordinates":[-122.409438,37.7427493]},"properties":{"id":6389827930,"category":"transit","name":"Bradford Street & Bernal Heights Boulevard","area":0}},{"type":"Feature","geometry":{"type":"Point","coordinates":[-122.409317,37.7430431]},"properties":{"id":6389827931,"category":"transit","name":"Bradford Street & Esmeralda Avenue","area":0}},{"type":"Feature","geometry":{"type":"Point","coordinates":[-122.410524,37.7442653]},"properties":{"id":6389827932,"category":"transit","name":"Ripley Street & Alabama Street","area":0}},{"type":"Feature","geometry":{"type":"Point","coordinates":[-122.410711,37.7443597]},"properties":{"id":6389827933,"category":"transit","name":"Ripley Street & Alabama Street","area":0}},{"type":"Feature","geometry":{"type":"Point","coordinates":[-122.413013,37.7441223]},"properties":{"id":6389827934,"category":"transit","name":"Ripley Street & Folsom Street","area":0}},{"type":"Feature","geometry":{"type":"Point","coordinates":[-122.413157,37.7442157]},"properties":{"id":6389827935,"category":"transit","name":"Ripley Street & Folsom Street","area":0}},{"type":"Feature","geometry":{"type":"Point","coordinates":[-122.413314,37.7453288]},"properties":{"id":6389827936,"category":"transit","name":"Folsom Street & Stoneman Street","area":0}},{"type":"Feature","geometry":{"type":"Point","coordinates":[-122.413654,37.7469042]},"properties":{"id":6389827937,"category":"transit","name":"Folsom Street & Bessie Street","area":0}},{"type":"Feature","geometry":{"type":"Point","coordinates":[-122.413734,37.7479208]},"properties":{"id":6389827938,"category":"transit","name":"Folsom Street & Cesar Chavez Street","area":0}},{"type":"Feature","geometry":{"type":"Point","coordinates":[-122.4366404,37.7386816]},"properties":{"id":6389850879,"category":"transit","name":"Diamond Heights Boulevard & Berkeley Way","area":0}},{"type":"Feature","geometry":{"type":"Point","coordinates":[-122.435913,37.740315]},"properties":{"id":6389850880,"category":"transit","name":"Diamond Heights Boulevard & Gold Mine Drive (South Junction)","area":0}},{"type":"Feature","geometry":{"type":"Point","coordinates":[-122.4358075,37.7416001]},"properties":{"id":6389850881,"category":"transit","name":"Diamond Heights Boulevard & Diamond Street","area":0}},{"type":"Feature","geometry":{"type":"Point","coordinates":[-122.4356662,37.7419291]},"properties":{"id":6389850882,"category":"transit","name":"Diamond Heights Boulevard & Diamond Street","area":0}},{"type":"Feature","geometry":{"type":"Point","coordinates":[-122.4379787,37.7436369]},"properties":{"id":6389850883,"category":"transit","name":"Diamond Heights Boulevard & Gold Mine Drive (North Junction)","area":0}},{"type":"Feature","geometry":{"type":"Point","coordinates":[-122.4374878,37.7436486]},"properties":{"id":6389850884,"category":"transit","name":"Diamond Heights Boulevard & Gold Mine Drive (North Junction)","area":0}},{"type":"Feature","geometry":{"type":"Point","coordinates":[-122.427228,37.7190597]},"properties":{"id":6389851636,"category":"transit","name":"Prague Street & Persia Avenue","area":0}},{"type":"Feature","geometry":{"type":"Point","coordinates":[-122.425912,37.7205215]},"properties":{"id":6389851637,"category":"transit","name":"Brazil Avenue & Prague Street","area":0}},{"type":"Feature","geometry":{"type":"Point","coordinates":[-122.426195,37.7205081]},"properties":{"id":6389851638,"category":"transit","name":"Brazil Avenue & Prague Street","area":0}},{"type":"Feature","geometry":{"type":"Point","coordinates":[-122.426984,37.720895]},"properties":{"id":6389851639,"category":"transit","name":"Brazil Avenue & Munich Street","area":0}},{"type":"Feature","geometry":{"type":"Point","coordinates":[-122.427485,37.7212768]},"properties":{"id":6389851640,"category":"transit","name":"Brazil Avenue & Moscow Street","area":0}},{"type":"Feature","geometry":{"type":"Point","coordinates":[-122.427792,37.7212715]},"properties":{"id":6389851641,"category":"transit","name":"Brazil Avenue & Moscow Street","area":0}},{"type":"Feature","geometry":{"type":"Point","coordinates":[-122.428281,37.7216561]},"properties":{"id":6389851642,"category":"transit","name":"Brazil Avenue & Athens Street","area":0}},{"type":"Feature","geometry":{"type":"Point","coordinates":[-122.428588,37.7216535]},"properties":{"id":6389851643,"category":"transit","name":"Brazil Avenue & Athens Street","area":0}},{"type":"Feature","geometry":{"type":"Point","coordinates":[-122.43464,37.7246884]},"properties":{"id":6389851644,"category":"transit","name":"Brazil Avenue & Mission Street","area":0}},{"type":"Feature","geometry":{"type":"Point","coordinates":[-122.433096,37.7239501]},"properties":{"id":6389851645,"category":"transit","name":"Brazil Avenue & Paris Street","area":0}},{"type":"Feature","geometry":{"type":"Point","coordinates":[-122.431503,37.7231911]},"properties":{"id":6389851646,"category":"transit","name":"Brazil Avenue & Madrid Street","area":0}},{"type":"Feature","geometry":{"type":"Point","coordinates":[-122.42991,37.7224274]},"properties":{"id":6389851647,"category":"transit","name":"Brazil Avenue & Naples Street","area":0}},{"type":"Feature","geometry":{"type":"Point","coordinates":[-122.43006,37.7225387]},"properties":{"id":6389851648,"category":"transit","name":"Naples Street & Brazil Avenue","area":0}},{"type":"Feature","geometry":{"type":"Point","coordinates":[-122.429022,37.7239847]},"properties":{"id":6389851649,"category":"transit","name":"Excelsior Avenue & Naples Street","area":0}},{"type":"Feature","geometry":{"type":"Point","coordinates":[-122.430637,37.7247542]},"properties":{"id":6389851650,"category":"transit","name":"Excelsior Avenue & Madrid Street","area":0}},{"type":"Feature","geometry":{"type":"Point","coordinates":[-122.432221,37.7255112]},"properties":{"id":6389851651,"category":"transit","name":"Excelsior Avenue & Paris Street","area":0}},{"type":"Feature","geometry":{"type":"Point","coordinates":[-122.431534,37.7289726]},"properties":{"id":6389851652,"category":"transit","name":"Silver Avenue & Mission Street","area":0}},{"type":"Feature","geometry":{"type":"Point","coordinates":[-122.4343104,37.7360762]},"properties":{"id":6389851653,"category":"transit","name":"Diamond Street & Surrey Street","area":0}},{"type":"Feature","geometry":{"type":"Point","coordinates":[-122.4345047,37.7362496]},"properties":{"id":6389851654,"category":"transit","name":"Diamond Street & Surrey Street","area":0}},{"type":"Feature","geometry":{"type":"Point","coordinates":[-122.4346433,37.7371982]},"properties":{"id":6389851655,"category":"transit","name":"Diamond Street & Sussex Street","area":0}},{"type":"Feature","geometry":{"type":"Point","coordinates":[-122.4348101,37.7373269]},"properties":{"id":6389851656,"category":"transit","name":"Diamond Street & Sussex Street","area":0}},{"type":"Feature","geometry":{"type":"Point","coordinates":[-122.4347545,37.7381232]},"properties":{"id":6389851657,"category":"transit","name":"Diamond Street & Arbor Street","area":0}},{"type":"Feature","geometry":{"type":"Point","coordinates":[-122.4345971,37.7382225]},"properties":{"id":6389851658,"category":"transit","name":"Diamond Street & Arbor Street","area":0}},{"type":"Feature","geometry":{"type":"Point","coordinates":[-122.4347099,37.7389675]},"properties":{"id":6389851659,"category":"transit","name":"Diamond Street & Moffitt Street","area":0}},{"type":"Feature","geometry":{"type":"Point","coordinates":[-122.4346923,37.7387935]},"properties":{"id":6389851660,"category":"transit","name":"Diamond Street & Moffitt Street","area":0}},{"type":"Feature","geometry":{"type":"Point","coordinates":[-122.4359427,37.7384117]},"properties":{"id":6389851661,"category":"transit","name":"Diamond Street & Conrad Street","area":0}},{"type":"Feature","geometry":{"type":"Point","coordinates":[-122.4363166,37.7383241]},"properties":{"id":6389851662,"category":"transit","name":"Diamond Street & Conrad Street","area":0}},{"type":"Feature","geometry":{"type":"Point","coordinates":[-122.4372971,37.7380857]},"properties":{"id":6389851663,"category":"transit","name":"Diamond Street & Diamond Heights Boulevard (South Junction)","area":0}},{"type":"Feature","geometry":{"type":"Point","coordinates":[-122.4372255,37.7382062]},"properties":{"id":6389851664,"category":"transit","name":"Diamond Street & Diamond Heights Boulevard (South Junction)","area":0}},{"type":"Feature","geometry":{"type":"Point","coordinates":[-122.4369836,37.7386052]},"properties":{"id":6389851665,"category":"transit","name":"Diamond Heights Boulevard & Berkeley Way","area":0}},{"type":"Feature","geometry":{"type":"Point","coordinates":[-122.440372,37.7452217]},"properties":{"id":6389852285,"category":"transit","name":"Duncan Street & Diamond Heights Boulevard","area":0}},{"type":"Feature","geometry":{"type":"Point","coordinates":[-122.441445,37.7451795]},"properties":{"id":6389852286,"category":"transit","name":"Duncan Street & Amber Drive (South Junction)","area":0}},{"type":"Feature","geometry":{"type":"Point","coordinates":[-122.443087,37.745176]},"properties":{"id":6389852287,"category":"transit","name":"Duncan Street & Cameo Way","area":0}},{"type":"Feature","geometry":{"type":"Point","coordinates":[-122.443483,37.746006]},"properties":{"id":6389852288,"category":"transit","name":"Duncan Street & Amber Drive (North Junction)","area":0}},{"type":"Feature","geometry":{"type":"Point","coordinates":[-122.439877,37.7451654]},"properties":{"id":6389852289,"category":"transit","name":"Diamond Heights Boulevard & Duncan Street (South Junction)","area":0}},{"type":"Feature","geometry":{"type":"Point","coordinates":[-122.440144,37.7468645]},"properties":{"id":6389852290,"category":"transit","name":"5157 Diamond Heights Boulevard","area":0}},{"type":"Feature","geometry":{"type":"Point","coordinates":[-122.443335,37.7466614]},"properties":{"id":6389852291,"category":"transit","name":"Diamond Heights Boulevard & Duncan Street (North Junction)","area":0}},{"type":"Feature","geometry":{"type":"Point","coordinates":[-122.420294,37.7468284]},"properties":{"id":6389936858,"category":"transit","name":"Valencia Street & Duncan Street","area":0}},{"type":"Feature","geometry":{"type":"Point","coordinates":[-122.425748,37.7420626]},"properties":{"id":6389936859,"category":"transit","name":"Chenery Street & 30th Street","area":0}},{"type":"Feature","geometry":{"type":"Point","coordinates":[-122.425877,37.7419332]},"properties":{"id":6389936860,"category":"transit","name":"Chenery Street & 30th Street","area":0}},{"type":"Feature","geometry":{"type":"Point","coordinates":[-122.425772,37.7388884]},"properties":{"id":6389936861,"category":"transit","name":"Chenery Street & Fairmount Street","area":0}},{"type":"Feature","geometry":{"type":"Point","coordinates":[-122.427531,37.7388992]},"properties":{"id":6389936862,"category":"transit","name":"Whitney Street & Fairmount Street","area":0}},{"type":"Feature","geometry":{"type":"Point","coordinates":[-122.427537,37.7397395]},"properties":{"id":6389936863,"category":"transit","name":"Randall Street & Whitney Street","area":0}},{"type":"Feature","geometry":{"type":"Point","coordinates":[-122.425678,37.7398853]},"properties":{"id":6389936864,"category":"transit","name":"Chenery Street & Randall Street","area":0}},{"type":"Feature","geometry":{"type":"Point","coordinates":[-122.425531,37.7397247]},"properties":{"id":6389936865,"category":"transit","name":"Chenery Street & Randall Street","area":0}},{"type":"Feature","geometry":{"type":"Point","coordinates":[-122.4378318,37.731696]},"properties":{"id":6389936866,"category":"transit","name":"Monterey Boulevard & Acadia Street","area":0}},{"type":"Feature","geometry":{"type":"Point","coordinates":[-122.4398839,37.7315026]},"properties":{"id":6389936867,"category":"transit","name":"Monterey Boulevard & Baden Street","area":0}},{"type":"Feature","geometry":{"type":"Point","coordinates":[-122.4396381,37.7316934]},"properties":{"id":6389936868,"category":"transit","name":"Monterey Boulevard & Baden Street","area":0}},{"type":"Feature","geometry":{"type":"Point","coordinates":[-122.4419353,37.7316863]},"properties":{"id":6389936869,"category":"transit","name":"Monterey Boulevard & Congo Street","area":0}},{"type":"Feature","geometry":{"type":"Point","coordinates":[-122.4421552,37.7314874]},"properties":{"id":6389936870,"category":"transit","name":"Monterey Boulevard & Congo Street","area":0}},{"type":"Feature","geometry":{"type":"Point","coordinates":[-122.4442319,37.7314906]},"properties":{"id":6389936871,"category":"transit","name":"Monterey Boulevard & Detroit Street","area":0}},{"type":"Feature","geometry":{"type":"Point","coordinates":[-122.4445786,37.7316688]},"properties":{"id":6389936872,"category":"transit","name":"Monterey Boulevard & Detroit Street","area":0}},{"type":"Feature","geometry":{"type":"Point","coordinates":[-122.4467848,37.7314548]},"properties":{"id":6389936873,"category":"transit","name":"Monterey Boulevard & Edna Street","area":0}},{"type":"Feature","geometry":{"type":"Point","coordinates":[-122.4464762,37.7316711]},"properties":{"id":6389936874,"category":"transit","name":"Monterey Boulevard & Edna Street","area":0}},{"type":"Feature","geometry":{"type":"Point","coordinates":[-122.448705,37.7314379]},"properties":{"id":6389936875,"category":"transit","name":"Monterey Boulevard & Foerster Street","area":0}},{"type":"Feature","geometry":{"type":"Point","coordinates":[-122.448827,37.731851]},"properties":{"id":6389936876,"category":"transit","name":"Foerster Street & Monterey Boulevard","area":0}},{"type":"Feature","geometry":{"type":"Point","coordinates":[-122.4488394,37.7329624]},"properties":{"id":6389936877,"category":"transit","name":"Foerster Street & Mangels Avenue","area":0}},{"type":"Feature","geometry":{"type":"Point","coordinates":[-122.4489581,37.73315]},"properties":{"id":6389936878,"category":"transit","name":"Foerster Street & Mangels Avenue","area":0}},{"type":"Feature","geometry":{"type":"Point","coordinates":[-122.4488188,37.7341683]},"properties":{"id":6389936879,"category":"transit","name":"Foerster Street & Teresita Boulevard","area":0}},{"type":"Feature","geometry":{"type":"Point","coordinates":[-122.4487481,37.7343437]},"properties":{"id":6389936880,"category":"transit","name":"Teresita Boulevard & Foerster Street (South Junction)","area":0}},{"type":"Feature","geometry":{"type":"Point","coordinates":[-122.4464923,37.7338888]},"properties":{"id":6389936881,"category":"transit","name":"900 Teresita Boulevard","area":0}},{"type":"Feature","geometry":{"type":"Point","coordinates":[-122.4463727,37.733974]},"properties":{"id":6389936882,"category":"transit","name":"900 Teresita Boulevard","area":0}},{"type":"Feature","geometry":{"type":"Point","coordinates":[-122.4452823,37.7344764]},"properties":{"id":6389936883,"category":"transit","name":"Teresita Boulevard & Stillings Avenue","area":0}},{"type":"Feature","geometry":{"type":"Point","coordinates":[-122.4455923,37.7346282]},"properties":{"id":6389936884,"category":"transit","name":"Teresita Boulevard & Stillings Avenue","area":0}},{"type":"Feature","geometry":{"type":"Point","coordinates":[-122.445849,37.7368294]},"properties":{"id":6389936928,"category":"transit","name":"636 Teresita Boulevard","area":0}},{"type":"Feature","geometry":{"type":"Point","coordinates":[-122.4464149,37.7376948]},"properties":{"id":6389936929,"category":"transit","name":"Teresita Boulevard & Marietta Drive (South Junction)","area":0}},{"type":"Feature","geometry":{"type":"Point","coordinates":[-122.446562,37.7378643]},"properties":{"id":6389936930,"category":"transit","name":"Teresita Boulevard & Bella Vista Way","area":0}},{"type":"Feature","geometry":{"type":"Point","coordinates":[-122.4462291,37.7389181]},"properties":{"id":6389936931,"category":"transit","name":"Teresita Boulevard & El Sereno Court","area":0}},{"type":"Feature","geometry":{"type":"Point","coordinates":[-122.4460669,37.7388957]},"properties":{"id":6389936932,"category":"transit","name":"Teresita Boulevard & El Sereno Court","area":0}},{"type":"Feature","geometry":{"type":"Point","coordinates":[-122.448037,37.7398801]},"properties":{"id":6389936933,"category":"transit","name":"Teresita Boulevard & Gaviota Avenue","area":0}},{"type":"Feature","geometry":{"type":"Point","coordinates":[-122.447626,37.7398696]},"properties":{"id":6389936934,"category":"transit","name":"Teresita Boulevard & Gaviota Avenue","area":0}},{"type":"Feature","geometry":{"type":"Point","coordinates":[-122.450666,37.7383014]},"properties":{"id":6389936935,"category":"transit","name":"555 Myra Way","area":0}},{"type":"Feature","geometry":{"type":"Point","coordinates":[-122.450905,37.7381751]},"properties":{"id":6389936936,"category":"transit","name":"555 Myra Way","area":0}},{"type":"Feature","geometry":{"type":"Point","coordinates":[-122.450408,37.7392233]},"properties":{"id":6389936937,"category":"transit","name":"Myra Way & Omar Way","area":0}},{"type":"Feature","geometry":{"type":"Point","coordinates":[-122.450544,37.7391199]},"properties":{"id":6389936938,"category":"transit","name":"Myra Way & Omar Way","area":0}},{"type":"Feature","geometry":{"type":"Point","coordinates":[-122.450589,37.7400336]},"properties":{"id":6389936939,"category":"transit","name":"Myra Way & Reposa Way","area":0}},{"type":"Feature","geometry":{"type":"Point","coordinates":[-122.450644,37.7401711]},"properties":{"id":6389936940,"category":"transit","name":"Reposa Way & Myra Way","area":0}},{"type":"Feature","geometry":{"type":"Point","coordinates":[-122.449532,37.740738]},"properties":{"id":6389936941,"category":"transit","name":"Reposa Way & Teresita Boulevard","area":0}},{"type":"Feature","geometry":{"type":"Point","coordinates":[-122.449145,37.740612]},"properties":{"id":6389936942,"category":"transit","name":"Teresita Boulevard & Reposa Way","area":0}},{"type":"Feature","geometry":{"type":"Point","coordinates":[-122.44931,37.7410679]},"properties":{"id":6389936943,"category":"transit","name":"Teresita Boulevard & Reposa Way","area":0}},{"type":"Feature","geometry":{"type":"Point","coordinates":[-122.4504293,37.7416669]},"properties":{"id":6389936944,"category":"transit","name":"Teresita Boulevard & Isola Way","area":0}},{"type":"Feature","geometry":{"type":"Point","coordinates":[-122.4503854,37.7418025]},"properties":{"id":6389936945,"category":"transit","name":"Teresita Boulevard & Isola Way","area":0}},{"type":"Feature","geometry":{"type":"Point","coordinates":[-122.4506667,37.7425497]},"properties":{"id":6389936946,"category":"transit","name":"Teresita Boulevard & Marietta Drive (North Junction)","area":0}},{"type":"Feature","geometry":{"type":"Point","coordinates":[-122.4512808,37.743125]},"properties":{"id":6389936947,"category":"transit","name":"Teresita Boulevard & Evelyn Way","area":0}},{"type":"Feature","geometry":{"type":"Point","coordinates":[-122.4513797,37.7434869]},"properties":{"id":6389936948,"category":"transit","name":"Teresita Boulevard & Fowler Avenue","area":0}},{"type":"Feature","geometry":{"type":"Point","coordinates":[-122.4530621,37.7441537]},"properties":{"id":6389936949,"category":"transit","name":"Fowler Avenue & Portola Drive","area":0}},{"type":"Feature","geometry":{"type":"Point","coordinates":[-122.4520395,37.7450392]},"properties":{"id":6389936950,"category":"transit","name":"Teresita Boulevard & Portola Drive","area":0}},{"type":"Feature","geometry":{"type":"Point","coordinates":[-122.461999,37.7578687]},"properties":{"id":6389936951,"category":"transit","name":"455 Warren Drive","area":0}},{"type":"Feature","geometry":{"type":"Point","coordinates":[-122.461507,37.7569181]},"properties":{"id":6389936952,"category":"transit","name":"400 Warren Drive","area":0}},{"type":"Feature","geometry":{"type":"Point","coordinates":[-122.46133,37.7553921]},"properties":{"id":6389936953,"category":"transit","name":"345 Warren Drive","area":0}},{"type":"Feature","geometry":{"type":"Point","coordinates":[-122.461134,37.7544836]},"properties":{"id":6389936954,"category":"transit","name":"Warren Drive & Devonshire Way","area":0}},{"type":"Feature","geometry":{"type":"Point","coordinates":[-122.45997,37.7537464]},"properties":{"id":6389936955,"category":"transit","name":"Warren Drive & Christopher Drive","area":0}},{"type":"Feature","geometry":{"type":"Point","coordinates":[-122.457997,37.7536667]},"properties":{"id":6389936956,"category":"transit","name":"117 Warren Drive","area":0}},{"type":"Feature","geometry":{"type":"Point","coordinates":[-122.45641,37.755215]},"properties":{"id":6389936957,"category":"transit","name":"Warren Drive & Oak Park Drive","area":0}},{"type":"Feature","geometry":{"type":"Point","coordinates":[-122.4463357,37.7355942]},"properties":{"id":6389937085,"category":"transit","name":"Teresita Boulevard & Foerster Street (North Junction)","area":0}},{"type":"Feature","geometry":{"type":"Point","coordinates":[-122.4464781,37.735719]},"properties":{"id":6389937086,"category":"transit","name":"Teresita Boulevard & Foerster Street (North Junction)","area":0}},{"type":"Feature","geometry":{"type":"Point","coordinates":[-122.4456744,37.7367708]},"properties":{"id":6389937087,"category":"transit","name":"636 Teresita Boulevard","area":0}},{"type":"Feature","geometry":{"type":"Point","coordinates":[-122.45543,37.7553095]},"properties":{"id":6389937088,"category":"transit","name":"Oak Park Drive & Forest Knolls Drive","area":0}},{"type":"Feature","geometry":{"type":"Point","coordinates":[-122.454657,37.7513806]},"properties":{"id":6389937089,"category":"transit","name":"Olympia Way & Dellbrook Avenue (West Junction)","area":0}},{"type":"Feature","geometry":{"type":"Point","coordinates":[-122.453068,37.7512726]},"properties":{"id":6389937090,"category":"transit","name":"Olympia Way & Dellbrook Avenue (East Junction)","area":0}},{"type":"Feature","geometry":{"type":"Point","coordinates":[-122.452387,37.7513065]},"properties":{"id":6389937091,"category":"transit","name":"Olympia Way & Panorama Drive","area":0}},{"type":"Feature","geometry":{"type":"Point","coordinates":[-122.4520549,37.749287]},"properties":{"id":6389937092,"category":"transit","name":"Panorama Drive & Starview Way","area":0}},{"type":"Feature","geometry":{"type":"Point","coordinates":[-122.4513846,37.7489018]},"properties":{"id":6389937093,"category":"transit","name":"Cityview Way & Knollview Way","area":0}},{"type":"Feature","geometry":{"type":"Point","coordinates":[-122.450451,37.7489609]},"properties":{"id":6389937094,"category":"transit","name":"Skyview Way & Cityview Way","area":0}},{"type":"Feature","geometry":{"type":"Point","coordinates":[-122.450102,37.7511781]},"properties":{"id":6389937095,"category":"transit","name":"Skyview Way & Aquavista Way","area":0}},{"type":"Feature","geometry":{"type":"Point","coordinates":[-122.4503222,37.7537487]},"properties":{"id":6389937096,"category":"transit","name":"Marview Way & Panorama Drive","area":0}},{"type":"Feature","geometry":{"type":"Point","coordinates":[-122.4526476,37.7534725]},"properties":{"id":6389937097,"category":"transit","name":"Panorama Drive & Dellbrook Avenue","area":0}},{"type":"Feature","geometry":{"type":"Point","coordinates":[-122.455494,37.7536605]},"properties":{"id":6389937098,"category":"transit","name":"Clarendon Avenue & Panorama Drive","area":0}},{"type":"Feature","geometry":{"type":"Point","coordinates":[-122.455827,37.7529934]},"properties":{"id":6389937099,"category":"transit","name":"Clarendon Avenue & Galewood Circle","area":0}},{"type":"Feature","geometry":{"type":"Point","coordinates":[-122.456064,37.7516793]},"properties":{"id":6389937100,"category":"transit","name":"Clarendon Avenue & Olympia Way","area":0}},{"type":"Feature","geometry":{"type":"Point","coordinates":[-122.4558955,37.7514509]},"properties":{"id":6389937101,"category":"transit","name":"Olympia Way & Clarendon Avenue","area":0}},{"type":"Feature","geometry":{"type":"Point","coordinates":[-122.4584162,37.7516918]},"properties":{"id":6389937102,"category":"transit","name":"Clarendon Avenue & Clarendon Woods S","area":0}},{"type":"Feature","geometry":{"type":"Point","coordinates":[-122.4833337,37.7269557]},"properties":{"id":6390017151,"category":"transit","name":"Winston Drive & Lake Merced Boulevard","area":0}},{"type":"Feature","geometry":{"type":"Point","coordinates":[-122.484393,37.7260314]},"properties":{"id":6390017152,"category":"transit","name":"Lake Merced Boulevard & State Drive","area":0}},{"type":"Feature","geometry":{"type":"Point","coordinates":[-122.4847469,37.7244347]},"properties":{"id":6390017153,"category":"transit","name":"Lake Merced Boulevard & Font Boulevard","area":0}},{"type":"Feature","geometry":{"type":"Point","coordinates":[-122.484064,37.723071]},"properties":{"id":6390017154,"category":"transit","name":"Mary Ward Hall","area":0}},{"type":"Feature","geometry":{"type":"Point","coordinates":[-122.483262,37.722709]},"properties":{"id":6390017155,"category":"transit","name":"Mary Ward Hall","area":0}},{"type":"Feature","geometry":{"type":"Point","coordinates":[-122.482637,37.7219415]},"properties":{"id":6390017156,"category":"transit","name":"Font Boulevard & Arballo Drive","area":0}},{"type":"Feature","geometry":{"type":"Point","coordinates":[-122.482019,37.7216648]},"properties":{"id":6390017157,"category":"transit","name":"Font Boulevard & Arballo Drive","area":0}},{"type":"Feature","geometry":{"type":"Point","coordinates":[-122.48133,37.7207764]},"properties":{"id":6390017158,"category":"transit","name":"Font Boulevard & Tapia Drive","area":0}},{"type":"Feature","geometry":{"type":"Point","coordinates":[-122.480765,37.7206091]},"properties":{"id":6390017159,"category":"transit","name":"Font Boulevard & Tapia Drive","area":0}},{"type":"Feature","geometry":{"type":"Point","coordinates":[-122.480015,37.7196428]},"properties":{"id":6390017160,"category":"transit","name":"Font Boulevard & Serrano Drive","area":0}},{"type":"Feature","geometry":{"type":"Point","coordinates":[-122.479532,37.7195557]},"properties":{"id":6390017161,"category":"transit","name":"Font Boulevard & Serrano Drive","area":0}},{"type":"Feature","geometry":{"type":"Point","coordinates":[-122.478815,37.718552]},"properties":{"id":6390017162,"category":"transit","name":"Font Boulevard & Juan Bautista Circle (North Junction)","area":0}},{"type":"Feature","geometry":{"type":"Point","coordinates":[-122.478438,37.7186843]},"properties":{"id":6390017163,"category":"transit","name":"Juan Bautista Circle & Font Boulevard (North Junction)","area":0}},{"type":"Feature","geometry":{"type":"Point","coordinates":[-122.477479,37.7174879]},"properties":{"id":6390017164,"category":"transit","name":"Juan Bautista Circle & Font Boulevard (South Junction)","area":0}},{"type":"Feature","geometry":{"type":"Point","coordinates":[-122.477141,37.7176925]},"properties":{"id":6390017165,"category":"transit","name":"Font Boulevard & Juan Bautista Circle (South Junction)","area":0}},{"type":"Feature","geometry":{"type":"Point","coordinates":[-122.476185,37.7167739]},"properties":{"id":6390017166,"category":"transit","name":"Font Boulevard & Gonzalez Drive","area":0}},{"type":"Feature","geometry":{"type":"Point","coordinates":[-122.4756532,37.7167494]},"properties":{"id":6390017167,"category":"transit","name":"Font Boulevard & Gonzalez Drive","area":0}},{"type":"Feature","geometry":{"type":"Point","coordinates":[-122.473115,37.7151974]},"properties":{"id":6390017168,"category":"transit","name":"Font Boulevard & Chumasero Drive","area":0}},{"type":"Feature","geometry":{"type":"Point","coordinates":[-122.474726,37.71593]},"properties":{"id":6390017169,"category":"transit","name":"Font Boulevard & Cambon Drive","area":0}},{"type":"Feature","geometry":{"type":"Point","coordinates":[-122.474214,37.7158637]},"properties":{"id":6390017170,"category":"transit","name":"Font Boulevard & Cambon Drive","area":0}},{"type":"Feature","geometry":{"type":"Point","coordinates":[-122.473349,37.7147864]},"properties":{"id":6390017171,"category":"transit","name":"Chumasero Drive & Font Boulevard","area":0}},{"type":"Feature","geometry":{"type":"Point","coordinates":[-122.473142,37.7139221]},"properties":{"id":6390017172,"category":"transit","name":"Chumasero Drive & Galindo Avenue","area":0}},{"type":"Feature","geometry":{"type":"Point","coordinates":[-122.473035,37.7131745]},"properties":{"id":6390017173,"category":"transit","name":"Brotherhood Way & Chumasero Drive","area":0}},{"type":"Feature","geometry":{"type":"Point","coordinates":[-122.474408,37.7134625]},"properties":{"id":6390017174,"category":"transit","name":"Brotherhood Way & Summit Way","area":0}},{"type":"Feature","geometry":{"type":"Point","coordinates":[-122.474729,37.7138924]},"properties":{"id":6390017175,"category":"transit","name":"Brotherhood Way & Summit Way","area":0}},{"type":"Feature","geometry":{"type":"Point","coordinates":[-122.475731,37.7141316]},"properties":{"id":6390017176,"category":"transit","name":"725 Brotherhood Way","area":0}},{"type":"Feature","geometry":{"type":"Point","coordinates":[-122.4800284,37.7144266]},"properties":{"id":6390017177,"category":"transit","name":"855 Brotherhood Way","area":0}},{"type":"Feature","geometry":{"type":"Point","coordinates":[-122.4801376,37.714676]},"properties":{"id":6390017178,"category":"transit","name":"855 Brotherhood Way","area":0}},{"type":"Feature","geometry":{"type":"Point","coordinates":[-122.4855232,37.7112383]},"properties":{"id":6390017179,"category":"transit","name":"Lake Merced Boulevard & Lake Merced Hills Street","area":0}},{"type":"Feature","geometry":{"type":"Point","coordinates":[-122.4852603,37.7117308]},"properties":{"id":6390017180,"category":"transit","name":"Lake Merced Boulevard & Lake Merced Hills Street","area":0}},{"type":"Feature","geometry":{"type":"Point","coordinates":[-122.469086,37.738156]},"properties":{"id":6390017217,"category":"transit","name":"West Portal Avenue & 14th Avenue","area":0}},{"type":"Feature","geometry":{"type":"Point","coordinates":[-122.469048,37.7378362]},"properties":{"id":6390017218,"category":"transit","name":"West Portal Avenue & 14th Avenue","area":0}},{"type":"Feature","geometry":{"type":"Point","coordinates":[-122.466999,37.7395821]},"properties":{"id":6390017219,"category":"transit","name":"West Portal Avenue & Vicente Street","area":0}},{"type":"Feature","geometry":{"type":"Point","coordinates":[-122.467031,37.7398766]},"properties":{"id":6390017220,"category":"transit","name":"West Portal Avenue & Vicente Street","area":0}},{"type":"Feature","geometry":{"type":"Point","coordinates":[-122.4703118,37.7363629]},"properties":{"id":6390017221,"category":"transit","name":"15th Avenue & West Portal Avenue","area":0}},{"type":"Feature","geometry":{"type":"Point","coordinates":[-122.4705327,37.7364446]},"properties":{"id":6390017222,"category":"transit","name":"West Portal Avenue & 15th Avenue","area":0}},{"type":"Feature","geometry":{"type":"Point","coordinates":[-122.471191,37.7353487]},"properties":{"id":6390017223,"category":"transit","name":"West Portal Avenue & Sloat Boulevard","area":0}},{"type":"Feature","geometry":{"type":"Point","coordinates":[-122.471877,37.7340455]},"properties":{"id":6390017224,"category":"transit","name":"Junipero Serra Boulevard & Sloat Boulevard","area":0}},{"type":"Feature","geometry":{"type":"Point","coordinates":[-122.480039,37.7272034]},"properties":{"id":6390017225,"category":"transit","name":"280 Buckingham Way","area":0}},{"type":"Feature","geometry":{"type":"Point","coordinates":[-122.47206,37.7313577]},"properties":{"id":6390017227,"category":"transit","name":"Junipero Serra Boulevard & Ocean Avenue","area":0}},{"type":"Feature","geometry":{"type":"Point","coordinates":[-122.472406,37.731029]},"properties":{"id":6390017228,"category":"transit","name":"Eucalyptus Drive & Junipero Serra Boulevard","area":0}},{"type":"Feature","geometry":{"type":"Point","coordinates":[-122.475844,37.7304519]},"properties":{"id":6390017229,"category":"transit","name":"20th Avenue & Buckingham Way","area":0}},{"type":"Feature","geometry":{"type":"Point","coordinates":[-122.4760756,37.7293798]},"properties":{"id":6390017230,"category":"transit","name":"20th Avenue & Buckingham Way","area":0}},{"type":"Feature","geometry":{"type":"Point","coordinates":[-122.475874,37.7288821]},"properties":{"id":6390017231,"category":"transit","name":"3251 20th Avenue","area":0}},{"type":"Feature","geometry":{"type":"Point","coordinates":[-122.475687,37.7289115]},"properties":{"id":6390017232,"category":"transit","name":"3251 20th Avenue","area":0}},{"type":"Feature","geometry":{"type":"Point","coordinates":[-122.475992,37.7268233]},"properties":{"id":6390017233,"category":"transit","name":"20th Avenue & Winston Drive","area":0}},{"type":"Feature","geometry":{"type":"Point","coordinates":[-122.476172,37.7263771]},"properties":{"id":6390017234,"category":"transit","name":"20th Avenue & Winston Drive","area":0}},{"type":"Feature","geometry":{"type":"Point","coordinates":[-122.476983,37.7260583]},"properties":{"id":6390017235,"category":"transit","name":"95 Buckingham Way","area":0}},{"type":"Feature","geometry":{"type":"Point","coordinates":[-122.477159,37.7259857]},"properties":{"id":6390017236,"category":"transit","name":"95 Buckingham Way","area":0}},{"type":"Feature","geometry":{"type":"Point","coordinates":[-122.479152,37.7260119]},"properties":{"id":6390017237,"category":"transit","name":"175 Buckingham Way","area":0}},{"type":"Feature","geometry":{"type":"Point","coordinates":[-122.478799,37.7258557]},"properties":{"id":6390017238,"category":"transit","name":"197 Buckingham Way","area":0}},{"type":"Feature","geometry":{"type":"Point","coordinates":[-122.48008,37.726905]},"properties":{"id":6390017239,"category":"transit","name":"280 Buckingham Way","area":0}},{"type":"Feature","geometry":{"type":"Point","coordinates":[-122.479148,37.7280487]},"properties":{"id":6390017240,"category":"transit","name":"Buckingham Way & Winston Drive","area":0}},{"type":"Feature","geometry":{"type":"Point","coordinates":[-122.479029,37.728552]},"properties":{"id":6390017241,"category":"transit","name":"Winston Drive & Buckingham Way","area":0}},{"type":"Feature","geometry":{"type":"Point","coordinates":[-122.483376,37.7271481]},"properties":{"id":6390017242,"category":"transit","name":"Winston Drive & Lake Merced Boulevard","area":0}},{"type":"Feature","geometry":{"type":"Point","coordinates":[-122.4853145,37.7093336]},"properties":{"id":6390017243,"category":"transit","name":"1100 Lake Merced Boulevard","area":0}},{"type":"Feature","geometry":{"type":"Point","coordinates":[-122.4849629,37.7091312]},"properties":{"id":6390017244,"category":"transit","name":"1100 Lake Merced Boulevard","area":0}},{"type":"Feature","geometry":{"type":"Point","coordinates":[-122.4954992,37.7160701]},"properties":{"id":6390017245,"category":"transit","name":"515 John Muir Drive","area":0}},{"type":"Feature","geometry":{"type":"Point","coordinates":[-122.495437,37.7162486]},"properties":{"id":6390017246,"category":"transit","name":"515 John Muir Drive","area":0}},{"type":"Feature","geometry":{"type":"Point","coordinates":[-122.4974708,37.7166643]},"properties":{"id":6390017247,"category":"transit","name":"655 John Muir Drive","area":0}},{"type":"Feature","geometry":{"type":"Point","coordinates":[-122.4974395,37.7168612]},"properties":{"id":6390017248,"category":"transit","name":"655 John Muir Drive","area":0}},{"type":"Feature","geometry":{"type":"Point","coordinates":[-122.4999305,37.7186904]},"properties":{"id":6390017249,"category":"transit","name":"John Muir Drive & Skyline Boulevard","area":0}},{"type":"Feature","geometry":{"type":"Point","coordinates":[-122.4998298,37.7190067]},"properties":{"id":6390017250,"category":"transit","name":"John Muir Drive & Skyline Boulevard","area":0}},{"type":"Feature","geometry":{"type":"Point","coordinates":[-122.5024782,37.7263488]},"properties":{"id":6390017251,"category":"transit","name":"Skyline Boulevard & Harding Road","area":0}},{"type":"Feature","geometry":{"type":"Point","coordinates":[-122.5016402,37.7283569]},"properties":{"id":6390017252,"category":"transit","name":"Skyline Boulevard & Herbst Road","area":0}},{"type":"Feature","geometry":{"type":"Point","coordinates":[-122.5018488,37.7286003]},"properties":{"id":6390017253,"category":"transit","name":"Herbst Road & Skyline Boulevard","area":0}},{"type":"Feature","geometry":{"type":"Point","coordinates":[-122.5015339,37.730759]},"properties":{"id":6390017254,"category":"transit","name":"Herbst Road & Armory Drive","area":0}},{"type":"Feature","geometry":{"type":"Point","coordinates":[-122.4966546,37.7335634]},"properties":{"id":6390017255,"category":"transit","name":"Skyline Boulevard & Sloat Boulevard","area":0}},{"type":"Feature","geometry":{"type":"Point","coordinates":[-122.4970037,37.7336529]},"properties":{"id":6390017256,"category":"transit","name":"Sloat Boulevard & Skyline Boulevard","area":0}},{"type":"Feature","geometry":{"type":"Point","coordinates":[-122.4964821,37.7335074]},"properties":{"id":6390017257,"category":"transit","name":"Skyline Boulevard & Sloat Boulevard","area":0}},{"type":"Feature","geometry":{"type":"Point","coordinates":[-122.4975087,37.7331223]},"properties":{"id":6390017258,"category":"transit","name":"Skyline Boulevard & Sloat Boulevard","area":0}},{"type":"Feature","geometry":{"type":"Point","coordinates":[-122.384194,37.7377584]},"properties":{"id":6391426221,"category":"transit","name":"Hudson Avenue & Keith Street","area":0}},{"type":"Feature","geometry":{"type":"Point","coordinates":[-122.384217,37.7375793]},"properties":{"id":6391426222,"category":"transit","name":"Hudson Avenue & Keith Street","area":0}},{"type":"Feature","geometry":{"type":"Point","coordinates":[-122.386576,37.7389897]},"properties":{"id":6391426223,"category":"transit","name":"Hudson Avenue & Mendell Street","area":0}},{"type":"Feature","geometry":{"type":"Point","coordinates":[-122.386277,37.7390032]},"properties":{"id":6391426224,"category":"transit","name":"Hudson Avenue & Mendell Street","area":0}},{"type":"Feature","geometry":{"type":"Point","coordinates":[-122.412407,37.7227462]},"properties":{"id":6391427163,"category":"transit","name":"Woolsey Street & University Street","area":0}},{"type":"Feature","geometry":{"type":"Point","coordinates":[-122.412597,37.722732]},"properties":{"id":6391427164,"category":"transit","name":"University Street & Woolsey Street","area":0}},{"type":"Feature","geometry":{"type":"Point","coordinates":[-122.413374,37.7250012]},"properties":{"id":6391427165,"category":"transit","name":"University Street & Bacon Street","area":0}},{"type":"Feature","geometry":{"type":"Point","coordinates":[-122.413604,37.7251545]},"properties":{"id":6391427166,"category":"transit","name":"University Street & Bacon Street","area":0}},{"type":"Feature","geometry":{"type":"Point","coordinates":[-122.414354,37.7273951]},"properties":{"id":6391427167,"category":"transit","name":"University Street & Felton Street","area":0}},{"type":"Feature","geometry":{"type":"Point","coordinates":[-122.414574,37.7273636]},"properties":{"id":6391427168,"category":"transit","name":"Felton Street & University Street","area":0}},{"type":"Feature","geometry":{"type":"Point","coordinates":[-122.416533,37.7268624]},"properties":{"id":6391427169,"category":"transit","name":"Felton Street & Amherst Street","area":0}},{"type":"Feature","geometry":{"type":"Point","coordinates":[-122.416366,37.7270383]},"properties":{"id":6391427170,"category":"transit","name":"Felton Street & Amherst Street","area":0}},{"type":"Feature","geometry":{"type":"Point","coordinates":[-122.418518,37.726337]},"properties":{"id":6391427171,"category":"transit","name":"Felton Street & Cambridge Street","area":0}},{"type":"Feature","geometry":{"type":"Point","coordinates":[-122.418764,37.7264227]},"properties":{"id":6391427172,"category":"transit","name":"Felton Street & Cambridge Street","area":0}},{"type":"Feature","geometry":{"type":"Point","coordinates":[-122.420464,37.725828]},"properties":{"id":6391427173,"category":"transit","name":"Felton Street & Harvard Street","area":0}},{"type":"Feature","geometry":{"type":"Point","coordinates":[-122.420317,37.7260109]},"properties":{"id":6391427174,"category":"transit","name":"Felton Street & Harvard Street","area":0}},{"type":"Feature","geometry":{"type":"Point","coordinates":[-122.422099,37.7254039]},"properties":{"id":6391427175,"category":"transit","name":"Felton Street & Madison Street","area":0}},{"type":"Feature","geometry":{"type":"Point","coordinates":[-122.422099,37.7255435]},"properties":{"id":6391427176,"category":"transit","name":"Felton Street & Madison Street","area":0}},{"type":"Feature","geometry":{"type":"Point","coordinates":[-122.42327,37.7252489]},"properties":{"id":6391427177,"category":"transit","name":"Felton Street & Peru Avenue","area":0}},{"type":"Feature","geometry":{"type":"Point","coordinates":[-122.423423,37.7250674]},"properties":{"id":6391427178,"category":"transit","name":"Avalon Avenue & Peru Avenue","area":0}},{"type":"Feature","geometry":{"type":"Point","coordinates":[-122.424127,37.7249218]},"properties":{"id":6391427179,"category":"transit","name":"Avalon Avenue & La Grande Avenue","area":0}},{"type":"Feature","geometry":{"type":"Point","coordinates":[-122.424267,37.7247059]},"properties":{"id":6391427180,"category":"transit","name":"Avalon Avenue & La Grande Avenue","area":0}},{"type":"Feature","geometry":{"type":"Point","coordinates":[-122.427657,37.7213909]},"properties":{"id":6391427181,"category":"transit","name":"Moscow Street & Brazil Avenue","area":0}},{"type":"Feature","geometry":{"type":"Point","coordinates":[-122.4264967,37.7229273]},"properties":{"id":6391427182,"category":"transit","name":"Moscow Street & Excelsior Avenue","area":0}},{"type":"Feature","geometry":{"type":"Point","coordinates":[-122.395291,37.7297644]},"properties":{"id":6391427213,"category":"transit","name":"Williams Avenue & Reddy Street","area":0}},{"type":"Feature","geometry":{"type":"Point","coordinates":[-122.395463,37.7298016]},"properties":{"id":6391427214,"category":"transit","name":"Reddy Street & Williams Avenue","area":0}},{"type":"Feature","geometry":{"type":"Point","coordinates":[-122.395018,37.7309773]},"properties":{"id":6391427215,"category":"transit","name":"Reddy Street & Thornton Avenue","area":0}},{"type":"Feature","geometry":{"type":"Point","coordinates":[-122.395325,37.7311873]},"properties":{"id":6391427216,"category":"transit","name":"Topeka Avenue & Thornton Avenue","area":0}},{"type":"Feature","geometry":{"type":"Point","coordinates":[-122.395529,37.7318184]},"properties":{"id":6391427217,"category":"transit","name":"Topeka Avenue & Newhall Street","area":0}},{"type":"Feature","geometry":{"type":"Point","coordinates":[-122.395976,37.7320221]},"properties":{"id":6391427218,"category":"transit","name":"Topeka Avenue & Venus Street","area":0}},{"type":"Feature","geometry":{"type":"Point","coordinates":[-122.397613,37.7333131]},"properties":{"id":6391427219,"category":"transit","name":"Topeka Avenue & Bridgeview Drive","area":0}},{"type":"Feature","geometry":{"type":"Point","coordinates":[-122.397704,37.7331845]},"properties":{"id":6391427220,"category":"transit","name":"Bridgeview Drive & Topeka Avenue","area":0}},{"type":"Feature","geometry":{"type":"Point","coordinates":[-122.399435,37.731893]},"properties":{"id":6391427221,"category":"transit","name":"Bridgeview Drive & Scotia Avenue","area":0}},{"type":"Feature","geometry":{"type":"Point","coordinates":[-122.399519,37.7316305]},"properties":{"id":6391427222,"category":"transit","name":"Thornton Avenue & Scotia Avenue","area":0}},{"type":"Feature","geometry":{"type":"Point","coordinates":[-122.399958,37.730393]},"properties":{"id":6391427223,"category":"transit","name":"Vesta Street & Phelps Street","area":0}},{"type":"Feature","geometry":{"type":"Point","coordinates":[-122.399917,37.7301512]},"properties":{"id":6391427224,"category":"transit","name":"Phelps Street & Williams Avenue","area":0}},{"type":"Feature","geometry":{"type":"Point","coordinates":[-122.401111,37.7290477]},"properties":{"id":6391427225,"category":"transit","name":"Phelps Street & Carroll Avenue","area":0}},{"type":"Feature","geometry":{"type":"Point","coordinates":[-122.40088,37.7290703]},"properties":{"id":6391427226,"category":"transit","name":"Phelps Street & Carroll Avenue","area":0}},{"type":"Feature","geometry":{"type":"Point","coordinates":[-122.40143,37.7284655]},"properties":{"id":6391427227,"category":"transit","name":"Phelps Street & Donner Avenue","area":0}},{"type":"Feature","geometry":{"type":"Point","coordinates":[-122.40196,37.7281013]},"properties":{"id":6391427228,"category":"transit","name":"Phelps Street & Egbert Avenue","area":0}},{"type":"Feature","geometry":{"type":"Point","coordinates":[-122.403273,37.7276609]},"properties":{"id":6391427229,"category":"transit","name":"Bacon Street & San Bruno Avenue","area":0}},{"type":"Feature","geometry":{"type":"Point","coordinates":[-122.403524,37.7277403]},"properties":{"id":6391427230,"category":"transit","name":"Bacon Street & San Bruno Avenue","area":0}},{"type":"Feature","geometry":{"type":"Point","coordinates":[-122.404723,37.72729]},"properties":{"id":6391427231,"category":"transit","name":"Bacon Street & Girard Street","area":0}},{"type":"Feature","geometry":{"type":"Point","coordinates":[-122.404538,37.7274728]},"properties":{"id":6391427232,"category":"transit","name":"Bacon Street & Girard Street","area":0}},{"type":"Feature","geometry":{"type":"Point","coordinates":[-122.406474,37.7269735]},"properties":{"id":6391427233,"category":"transit","name":"Bacon Street & Goettingen Street","area":0}},{"type":"Feature","geometry":{"type":"Point","coordinates":[-122.406673,37.7267741]},"properties":{"id":6391427234,"category":"transit","name":"Bacon Street & Goettingen Street","area":0}},{"type":"Feature","geometry":{"type":"Point","coordinates":[-122.407492,37.7267051]},"properties":{"id":6391427235,"category":"transit","name":"Bacon Street & Somerset Street","area":0}},{"type":"Feature","geometry":{"type":"Point","coordinates":[-122.407655,37.7265153]},"properties":{"id":6391427236,"category":"transit","name":"Bacon Street & Somerset Street","area":0}},{"type":"Feature","geometry":{"type":"Point","coordinates":[-122.408175,37.7252251]},"properties":{"id":6391427237,"category":"transit","name":"Holyoke Street & Wayland Street","area":0}},{"type":"Feature","geometry":{"type":"Point","coordinates":[-122.407954,37.7250919]},"properties":{"id":6391427238,"category":"transit","name":"Holyoke Street & Wayland Street","area":0}},{"type":"Feature","geometry":{"type":"Point","coordinates":[-122.408449,37.7237898]},"properties":{"id":6391427239,"category":"transit","name":"Woolsey Street & Hamilton Street","area":0}},{"type":"Feature","geometry":{"type":"Point","coordinates":[-122.408645,37.7236016]},"properties":{"id":6391427240,"category":"transit","name":"Woolsey Street & Hamilton Street","area":0}},{"type":"Feature","geometry":{"type":"Point","coordinates":[-122.409611,37.7233456]},"properties":{"id":6391427241,"category":"transit","name":"Woolsey Street & Bowdoin Street","area":0}},{"type":"Feature","geometry":{"type":"Point","coordinates":[-122.409455,37.7235276]},"properties":{"id":6391427242,"category":"transit","name":"Woolsey Street & Bowdoin Street","area":0}},{"type":"Feature","geometry":{"type":"Point","coordinates":[-122.4298312,37.7181574]},"properties":{"id":6391427857,"category":"transit","name":"Russia Avenue & Moscow Street","area":0}},{"type":"Feature","geometry":{"type":"Point","coordinates":[-122.4281804,37.7175483]},"properties":{"id":6391427858,"category":"transit","name":"Prague Street & Russia Avenue","area":0}},{"type":"Feature","geometry":{"type":"Point","coordinates":[-122.4284115,37.7175036]},"properties":{"id":6391427859,"category":"transit","name":"Prague Street & Russia Avenue","area":0}},{"type":"Feature","geometry":{"type":"Point","coordinates":[-122.428824,37.7198453]},"properties":{"id":6391427860,"category":"transit","name":"Moscow Street & Persia Avenue","area":0}},{"type":"Feature","geometry":{"type":"Point","coordinates":[-122.429782,37.7200969]},"properties":{"id":6391427861,"category":"transit","name":"Persia Avenue & Athens Street","area":0}},{"type":"Feature","geometry":{"type":"Point","coordinates":[-122.429475,37.7200942]},"properties":{"id":6391427862,"category":"transit","name":"Persia Avenue & Athens Street","area":0}},{"type":"Feature","geometry":{"type":"Point","coordinates":[-122.42868,37.719716]},"properties":{"id":6391427863,"category":"transit","name":"Persia Avenue & Moscow Street","area":0}},{"type":"Feature","geometry":{"type":"Point","coordinates":[-122.428987,37.7197262]},"properties":{"id":6391427864,"category":"transit","name":"Persia Avenue & Moscow Street","area":0}},{"type":"Feature","geometry":{"type":"Point","coordinates":[-122.427382,37.7189484]},"properties":{"id":6391427865,"category":"transit","name":"Persia Avenue & Prague Street","area":0}},{"type":"Feature","geometry":{"type":"Point","coordinates":[-122.427199,37.7188367]},"properties":{"id":6391427866,"category":"transit","name":"Prague Street & Persia Avenue","area":0}},{"type":"Feature","geometry":{"type":"Point","coordinates":[-122.42707,37.7189499]},"properties":{"id":6391427867,"category":"transit","name":"Persia Avenue & Prague Street","area":0}},{"type":"Feature","geometry":{"type":"Point","coordinates":[-122.393036,37.7294322]},"properties":{"id":6391427868,"category":"transit","name":"Williams Avenue & 3rd Street","area":0}},{"type":"Feature","geometry":{"type":"Point","coordinates":[-122.392949,37.7292156]},"properties":{"id":6391427869,"category":"transit","name":"Williams Avenue & 3rd Street","area":0}},{"type":"Feature","geometry":{"type":"Point","coordinates":[-122.392263,37.7291735]},"properties":{"id":6391427870,"category":"transit","name":"Van Dyke Avenue & Lane Street","area":0}},{"type":"Feature","geometry":{"type":"Point","coordinates":[-122.390318,37.7278679]},"properties":{"id":6391427871,"category":"transit","name":"Van Dyke Avenue & Keith Street","area":0}},{"type":"Feature","geometry":{"type":"Point","coordinates":[-122.390411,37.728132]},"properties":{"id":6391427872,"category":"transit","name":"Van Dyke Avenue & Keith Street","area":0}},{"type":"Feature","geometry":{"type":"Point","coordinates":[-122.388855,37.7270384]},"properties":{"id":6391427873,"category":"transit","name":"Van Dyke Avenue & Jennings Street","area":0}},{"type":"Feature","geometry":{"type":"Point","coordinates":[-122.388524,37.7270575]},"properties":{"id":6391427874,"category":"transit","name":"Van Dyke Avenue & Jennings Street","area":0}},{"type":"Feature","geometry":{"type":"Point","coordinates":[-122.386573,37.7261351]},"properties":{"id":6391427875,"category":"transit","name":"Ingalls Street & Van Dyke Avenue","area":0}},{"type":"Feature","geometry":{"type":"Point","coordinates":[-122.386814,37.7261326]},"properties":{"id":6391427876,"category":"transit","name":"Ingalls Street & Van Dyke Avenue","area":0}},{"type":"Feature","geometry":{"type":"Point","coordinates":[-122.385723,37.7271052]},"properties":{"id":6391427877,"category":"transit","name":"Ingalls Street & Thomas Avenue","area":0}},{"type":"Feature","geometry":{"type":"Point","coordinates":[-122.385674,37.7273732]},"properties":{"id":6391427878,"category":"transit","name":"Ingalls Street & Thomas Avenue","area":0}},{"type":"Feature","geometry":{"type":"Point","coordinates":[-122.384617,37.7283514]},"properties":{"id":6391427879,"category":"transit","name":"Ingalls Street & Revere Avenue","area":0}},{"type":"Feature","geometry":{"type":"Point","coordinates":[-122.384718,37.7284914]},"properties":{"id":6391427880,"category":"transit","name":"Revere Avenue & Ingalls Street","area":0}},{"type":"Feature","geometry":{"type":"Point","coordinates":[-122.386585,37.7295418]},"properties":{"id":6391427881,"category":"transit","name":"Revere Avenue & Jennings Street","area":0}},{"type":"Feature","geometry":{"type":"Point","coordinates":[-122.386302,37.7295611]},"properties":{"id":6391427882,"category":"transit","name":"Revere Avenue & Jennings Street","area":0}},{"type":"Feature","geometry":{"type":"Point","coordinates":[-122.390015,37.7316843]},"properties":{"id":6391427883,"category":"transit","name":"Revere Avenue & Lane Street","area":0}},{"type":"Feature","geometry":{"type":"Point","coordinates":[-122.390352,37.7316641]},"properties":{"id":6391427884,"category":"transit","name":"Revere Avenue & Lane Street","area":0}},{"type":"Feature","geometry":{"type":"Point","coordinates":[-122.391373,37.7324172]},"properties":{"id":6391427956,"category":"transit","name":"Revere Avenue & 3rd Street","area":0}},{"type":"Feature","geometry":{"type":"Point","coordinates":[-122.450118,37.7203752]},"properties":{"id":6391427957,"category":"transit","name":"Louisburg Street & Niagara Avenue","area":0}},{"type":"Feature","geometry":{"type":"Point","coordinates":[-122.449329,37.7216169]},"properties":{"id":6391427958,"category":"transit","name":"Louisburg Street & Geneva Avenue","area":0}},{"type":"Feature","geometry":{"type":"Point","coordinates":[-122.450347,37.721897]},"properties":{"id":6391427959,"category":"transit","name":"Howth Street & Geneva Avenue","area":0}},{"type":"Feature","geometry":{"type":"Point","coordinates":[-122.451168,37.7206099]},"properties":{"id":6391427960,"category":"transit","name":"Howth Street & Niagara Avenue","area":0}},{"type":"Feature","geometry":{"type":"Point","coordinates":[-122.451692,37.7197923]},"properties":{"id":6391427961,"category":"transit","name":"Howth Street & Mount Vernon Avenue","area":0}},{"type":"Feature","geometry":{"type":"Point","coordinates":[-122.45097,37.7193493]},"properties":{"id":6391427962,"category":"transit","name":"Mount Vernon Avenue & Louisburg Street","area":0}},{"type":"Feature","geometry":{"type":"Point","coordinates":[-122.451813,37.7196769]},"properties":{"id":6391427963,"category":"transit","name":"Mount Vernon Avenue & Howth Street","area":0}},{"type":"Feature","geometry":{"type":"Point","coordinates":[-122.45301,37.7201052]},"properties":{"id":6391427964,"category":"transit","name":"Grafton Avenue & Harold Avenue","area":0}},{"type":"Feature","geometry":{"type":"Point","coordinates":[-122.4542465,37.7199985]},"properties":{"id":6391427965,"category":"transit","name":"Grafton Avenue & Lee Avenue","area":0}},{"type":"Feature","geometry":{"type":"Point","coordinates":[-122.456076,37.7199444]},"properties":{"id":6391427966,"category":"transit","name":"Plymouth Avenue & Grafton Avenue","area":0}},{"type":"Feature","geometry":{"type":"Point","coordinates":[-122.456288,37.7199847]},"properties":{"id":6391427967,"category":"transit","name":"Grafton Avenue & Plymouth Avenue","area":0}},{"type":"Feature","geometry":{"type":"Point","coordinates":[-122.456245,37.7201311]},"properties":{"id":6391427968,"category":"transit","name":"Plymouth Avenue & Grafton Avenue","area":0}},{"type":"Feature","geometry":{"type":"Point","coordinates":[-122.456033,37.7201046]},"properties":{"id":6391427969,"category":"transit","name":"Grafton Avenue & Plymouth Avenue","area":0}},{"type":"Feature","geometry":{"type":"Point","coordinates":[-122.4562289,37.7183199]},"properties":{"id":6391427970,"category":"transit","name":"Plymouth Avenue & Lakeview Avenue","area":0}},{"type":"Feature","geometry":{"type":"Point","coordinates":[-122.4560495,37.7181691]},"properties":{"id":6391427971,"category":"transit","name":"Plymouth Avenue & Lakeview Avenue","area":0}},{"type":"Feature","geometry":{"type":"Point","coordinates":[-122.4561975,37.7175878]},"properties":{"id":6391427972,"category":"transit","name":"Plymouth Avenue & Thrift Street","area":0}},{"type":"Feature","geometry":{"type":"Point","coordinates":[-122.4560563,37.7176432]},"properties":{"id":6391427973,"category":"transit","name":"Plymouth Avenue & Thrift Street","area":0}},{"type":"Feature","geometry":{"type":"Point","coordinates":[-122.4560474,37.716545]},"properties":{"id":6391427974,"category":"transit","name":"Plymouth Avenue & Montana Street","area":0}},{"type":"Feature","geometry":{"type":"Point","coordinates":[-122.4561942,37.7167195]},"properties":{"id":6391427975,"category":"transit","name":"Plymouth Avenue & Montana Street","area":0}},{"type":"Feature","geometry":{"type":"Point","coordinates":[-122.4561701,37.7150205]},"properties":{"id":6391427976,"category":"transit","name":"Plymouth Avenue & Lobos Street","area":0}},{"type":"Feature","geometry":{"type":"Point","coordinates":[-122.4560199,37.7148417]},"properties":{"id":6391427977,"category":"transit","name":"Plymouth Avenue & Lobos Street","area":0}},{"type":"Feature","geometry":{"type":"Point","coordinates":[-122.456014,37.7134254]},"properties":{"id":6391427978,"category":"transit","name":"Plymouth Avenue & Broad Street","area":0}},{"type":"Feature","geometry":{"type":"Point","coordinates":[-122.45614,37.7133273]},"properties":{"id":6391427979,"category":"transit","name":"Plymouth Avenue & Broad Street","area":0}},{"type":"Feature","geometry":{"type":"Point","coordinates":[-122.455983,37.711747]},"properties":{"id":6391427980,"category":"transit","name":"Plymouth Avenue & Sagamore Street","area":0}},{"type":"Feature","geometry":{"type":"Point","coordinates":[-122.456134,37.7115754]},"properties":{"id":6391427981,"category":"transit","name":"Plymouth Avenue & Sagamore Street","area":0}},{"type":"Feature","geometry":{"type":"Point","coordinates":[-122.459158,37.7112983]},"properties":{"id":6391427982,"category":"transit","name":"Sagamore Street & Capitol Avenue","area":0}},{"type":"Feature","geometry":{"type":"Point","coordinates":[-122.458909,37.7115242]},"properties":{"id":6391427983,"category":"transit","name":"Sagamore Street & Capitol Avenue","area":0}},{"type":"Feature","geometry":{"type":"Point","coordinates":[-122.461996,37.7112596]},"properties":{"id":6391427984,"category":"transit","name":"Sagamore Street & Orizaba Avenue","area":0}},{"type":"Feature","geometry":{"type":"Point","coordinates":[-122.432367,37.7151621]},"properties":{"id":6391428286,"category":"transit","name":"Moscow Street & Italy Avenue","area":0}},{"type":"Feature","geometry":{"type":"Point","coordinates":[-122.4311847,37.7167121]},"properties":{"id":6391428287,"category":"transit","name":"Moscow Street & France Avenue","area":0}},{"type":"Feature","geometry":{"type":"Point","coordinates":[-122.391167,37.7321462]},"properties":{"id":6391428385,"category":"transit","name":"Revere Avenue & 3rd Street","area":0}},{"type":"Feature","geometry":{"type":"Point","coordinates":[-122.464953,37.711617]},"properties":{"id":6391428386,"category":"transit","name":"Alemany Boulevard & Victoria Street","area":0}},{"type":"Feature","geometry":{"type":"Point","coordinates":[-122.46508,37.7118856]},"properties":{"id":6391428387,"category":"transit","name":"Alemany Boulevard & Victoria Street","area":0}},{"type":"Feature","geometry":{"type":"Point","coordinates":[-122.467073,37.7113717]},"properties":{"id":6391428388,"category":"transit","name":"Alemany Boulevard & Arch Street","area":0}},{"type":"Feature","geometry":{"type":"Point","coordinates":[-122.46946,37.7104176]},"properties":{"id":6391428389,"category":"transit","name":"Alemany Boulevard & Saint Charles Avenue","area":0}},{"type":"Feature","geometry":{"type":"Point","coordinates":[-122.469365,37.7102652]},"properties":{"id":6391428390,"category":"transit","name":"Saint Charles Avenue & Alemany Boulevard","area":0}},{"type":"Feature","geometry":{"type":"Point","coordinates":[-122.469348,37.708764]},"properties":{"id":6391428391,"category":"transit","name":"Saint Charles Avenue & Belle Avenue","area":0}},{"type":"Feature","geometry":{"type":"Point","coordinates":[-122.390916,37.734626]},"properties":{"id":6391428392,"category":"transit","name":"3rd Street & Oakdale Avenue","area":0}},{"type":"Feature","geometry":{"type":"Point","coordinates":[-122.389674,37.7373952]},"properties":{"id":6391428393,"category":"transit","name":"3rd Street & La Salle Avenue","area":0}},{"type":"Feature","geometry":{"type":"Point","coordinates":[-122.389811,37.7377652]},"properties":{"id":6391428394,"category":"transit","name":"3rd Street & Kirkwood Avenue","area":0}},{"type":"Feature","geometry":{"type":"Point","coordinates":[-122.389284,37.7393406]},"properties":{"id":6391428395,"category":"transit","name":"3rd Street & Innes Avenue","area":0}},{"type":"Feature","geometry":{"type":"Point","coordinates":[-122.388694,37.7400847]},"properties":{"id":6391428396,"category":"transit","name":"3rd Street & Hudson Avenue","area":0}},{"type":"Feature","geometry":{"type":"Point","coordinates":[-122.385915,37.7365938]},"properties":{"id":6391428397,"category":"transit","name":"Cashmere Street & Whitney Young Circle","area":0}},{"type":"Feature","geometry":{"type":"Point","coordinates":[-122.386961,37.7358345]},"properties":{"id":6391428398,"category":"transit","name":"Cashmere Street & La Salle Avenue","area":0}},{"type":"Feature","geometry":{"type":"Point","coordinates":[-122.384827,37.733053]},"properties":{"id":6391428399,"category":"transit","name":"La Salle Avenue & Newcomb Avenue","area":0}},{"type":"Feature","geometry":{"type":"Point","coordinates":[-122.381826,37.731539]},"properties":{"id":6391428400,"category":"transit","name":"La Salle Avenue & Osceola Lane","area":0}},{"type":"Feature","geometry":{"type":"Point","coordinates":[-122.38037,37.7306077]},"properties":{"id":6391428401,"category":"transit","name":"Ingalls Street & Beatrice Lane","area":0}},{"type":"Feature","geometry":{"type":"Point","coordinates":[-122.379404,37.7311117]},"properties":{"id":6391428402,"category":"transit","name":"Kiska Road & Ingalls Street","area":0}},{"type":"Feature","geometry":{"type":"Point","coordinates":[-122.37713,37.7300636]},"properties":{"id":6391428403,"category":"transit","name":"Kiska Road & Reardon Road","area":0}},{"type":"Feature","geometry":{"type":"Point","coordinates":[-122.375241,37.729937]},"properties":{"id":6391428404,"category":"transit","name":"Kirkwood Avenue & Dormitory Road","area":0}},{"type":"Feature","geometry":{"type":"Point","coordinates":[-122.373163,37.7287692]},"properties":{"id":6391428405,"category":"transit","name":"Earl Street & Kirkwood Avenue","area":0}},{"type":"Feature","geometry":{"type":"Point","coordinates":[-122.374474,37.7302385]},"properties":{"id":6391428406,"category":"transit","name":"Northridge Road & Dormitory Road","area":0}},{"type":"Feature","geometry":{"type":"Point","coordinates":[-122.377066,37.7309915]},"properties":{"id":6391428407,"category":"transit","name":"Northridge Road & Harbor Road","area":0}},{"type":"Feature","geometry":{"type":"Point","coordinates":[-122.378991,37.7316173]},"properties":{"id":6391428412,"category":"transit","name":"Northridge Road & Ingalls Street","area":0}},{"type":"Feature","geometry":{"type":"Point","coordinates":[-122.382973,37.7344709]},"properties":{"id":6391428413,"category":"transit","name":"Hudson Avenue & Ardath Court","area":0}},{"type":"Feature","geometry":{"type":"Point","coordinates":[-122.383568,37.7357158]},"properties":{"id":6391428414,"category":"transit","name":"Cashmere Street & Hudson Avenue","area":0}},{"type":"Feature","geometry":{"type":"Point","coordinates":[-122.383574,37.7359583]},"properties":{"id":6391428415,"category":"transit","name":"Hudson Avenue & Cashmere Street","area":0}},{"type":"Feature","geometry":{"type":"Point","coordinates":[-122.461495,37.7115089]},"properties":{"id":6391428585,"category":"transit","name":"274 Sagamore Street","area":0}},{"type":"Feature","geometry":{"type":"Point","coordinates":[-122.421904,37.735082]},"properties":{"id":6391729631,"category":"transit","name":"Crescent Avenue & Agnon Avenue","area":0}},{"type":"Feature","geometry":{"type":"Point","coordinates":[-122.422439,37.7352504]},"properties":{"id":6391729632,"category":"transit","name":"Crescent Avenue & Leese Street","area":0}},{"type":"Feature","geometry":{"type":"Point","coordinates":[-122.424102,37.7352598]},"properties":{"id":6391729633,"category":"transit","name":"Crescent Avenue & College Avenue","area":0}},{"type":"Feature","geometry":{"type":"Point","coordinates":[-122.424506,37.7354307]},"properties":{"id":6391729634,"category":"transit","name":"Crescent Avenue & Mission Street","area":0}},{"type":"Feature","geometry":{"type":"Point","coordinates":[-122.4313138,37.7332003]},"properties":{"id":6391729635,"category":"transit","name":"Bosworth Street & Rotteck Street","area":0}},{"type":"Feature","geometry":{"type":"Point","coordinates":[-122.4295146,37.7333231]},"properties":{"id":6391729636,"category":"transit","name":"Bosworth Street & Milton Street","area":0}},{"type":"Feature","geometry":{"type":"Point","coordinates":[-122.4293591,37.7334738]},"properties":{"id":6391729637,"category":"transit","name":"Bosworth Street & Milton Street","area":0}},{"type":"Feature","geometry":{"type":"Point","coordinates":[-122.427972,37.7334815]},"properties":{"id":6391729638,"category":"transit","name":"Bosworth Street & Marsily Street","area":0}},{"type":"Feature","geometry":{"type":"Point","coordinates":[-122.426705,37.733736]},"properties":{"id":6391729639,"category":"transit","name":"Bosworth Street & Mission Street","area":0}},{"type":"Feature","geometry":{"type":"Point","coordinates":[-122.459013,37.7307371]},"properties":{"id":6391729640,"category":"transit","name":"Monterey Boulevard & Faxon Avenue","area":0}},{"type":"Feature","geometry":{"type":"Point","coordinates":[-122.460459,37.7306092]},"properties":{"id":6391729641,"category":"transit","name":"Monterey Boulevard & Saint Elmo Way","area":0}},{"type":"Feature","geometry":{"type":"Point","coordinates":[-122.461514,37.7301246]},"properties":{"id":6391729642,"category":"transit","name":"Monterey Boulevard & El Verano Way","area":0}},{"type":"Feature","geometry":{"type":"Point","coordinates":[-122.461889,37.7299498]},"properties":{"id":6391729643,"category":"transit","name":"Monterey Boulevard & Northgate Drive","area":0}},{"type":"Feature","geometry":{"type":"Point","coordinates":[-122.463979,37.7320511]},"properties":{"id":6391729644,"category":"transit","name":"Monterey Boulevard & San Jacinto Way","area":0}},{"type":"Feature","geometry":{"type":"Point","coordinates":[-122.464603,37.7322838]},"properties":{"id":6391729645,"category":"transit","name":"Monterey Boulevard & San Aleso Avenue","area":0}},{"type":"Feature","geometry":{"type":"Point","coordinates":[-122.465438,37.7331368]},"properties":{"id":6391729646,"category":"transit","name":"Monterey Boulevard & San Anselmo Avenue","area":0}},{"type":"Feature","geometry":{"type":"Point","coordinates":[-122.465861,37.7332962]},"properties":{"id":6391729647,"category":"transit","name":"Santa Clara Avenue & Monterey Boulevard","area":0}},{"type":"Feature","geometry":{"type":"Point","coordinates":[-122.466172,37.7348487]},"properties":{"id":6391729648,"category":"transit","name":"Santa Clara Avenue & Saint Francis Boulevard","area":0}},{"type":"Feature","geometry":{"type":"Point","coordinates":[-122.466405,37.7348787]},"properties":{"id":6391729649,"category":"transit","name":"Saint Francis Boulevard & Santa Clara Avenue","area":0}},{"type":"Feature","geometry":{"type":"Point","coordinates":[-122.468252,37.7348062]},"properties":{"id":6391729650,"category":"transit","name":"Saint Francis Boulevard & Santa Ana Avenue","area":0}},{"type":"Feature","geometry":{"type":"Point","coordinates":[-122.467754,37.7349551]},"properties":{"id":6391729651,"category":"transit","name":"Saint Francis Boulevard & Santa Ana Avenue","area":0}},{"type":"Feature","geometry":{"type":"Point","coordinates":[-122.469814,37.7347358]},"properties":{"id":6391729652,"category":"transit","name":"Saint Francis Boulevard & San Fernando Way","area":0}},{"type":"Feature","geometry":{"type":"Point","coordinates":[-122.469622,37.7348844]},"properties":{"id":6391729653,"category":"transit","name":"Saint Francis Boulevard & San Fernando Way","area":0}},{"type":"Feature","geometry":{"type":"Point","coordinates":[-122.4821314,37.7342706]},"properties":{"id":6391729654,"category":"transit","name":"Sloat Boulevard & 26th Avenue","area":0}},{"type":"Feature","geometry":{"type":"Point","coordinates":[-122.4822788,37.7345898]},"properties":{"id":6391729655,"category":"transit","name":"Sloat Boulevard & Paraiso Place","area":0}},{"type":"Feature","geometry":{"type":"Point","coordinates":[-122.475345,37.7344855]},"properties":{"id":6391729656,"category":"transit","name":"Sloat Boulevard & 19th Avenue","area":0}},{"type":"Feature","geometry":{"type":"Point","coordinates":[-122.477202,37.7344672]},"properties":{"id":6391729657,"category":"transit","name":"Sloat Boulevard & 21st Avenue","area":0}},{"type":"Feature","geometry":{"type":"Point","coordinates":[-122.477434,37.7347831]},"properties":{"id":6391729658,"category":"transit","name":"Sloat Boulevard & 21st Avenue","area":0}},{"type":"Feature","geometry":{"type":"Point","coordinates":[-122.479532,37.7343882]},"properties":{"id":6391729659,"category":"transit","name":"Sloat Boulevard & 23rd Avenue","area":0}},{"type":"Feature","geometry":{"type":"Point","coordinates":[-122.480035,37.7346943]},"properties":{"id":6391729660,"category":"transit","name":"Sloat Boulevard & Crestlake Drive","area":0}},{"type":"Feature","geometry":{"type":"Point","coordinates":[-122.4838839,37.7342082]},"properties":{"id":6391729661,"category":"transit","name":"Sloat Boulevard & Forest View Drive","area":0}},{"type":"Feature","geometry":{"type":"Point","coordinates":[-122.4839081,37.7344994]},"properties":{"id":6391729662,"category":"transit","name":"Sloat Boulevard & Vale Avenue","area":0}},{"type":"Feature","geometry":{"type":"Point","coordinates":[-122.4858981,37.7340995]},"properties":{"id":6391729663,"category":"transit","name":"Sloat Boulevard & Sylvan Drive","area":0}},{"type":"Feature","geometry":{"type":"Point","coordinates":[-122.4863725,37.7344139]},"properties":{"id":6391729664,"category":"transit","name":"Sloat Boulevard & El Mirasol Place","area":0}},{"type":"Feature","geometry":{"type":"Point","coordinates":[-122.4891644,37.7342811]},"properties":{"id":6391729665,"category":"transit","name":"Sloat Boulevard & Constanso Way","area":0}},{"type":"Feature","geometry":{"type":"Point","coordinates":[-122.4916591,37.7341694]},"properties":{"id":6391729666,"category":"transit","name":"Sloat Boulevard & 34th Avenue","area":0}},{"type":"Feature","geometry":{"type":"Point","coordinates":[-122.499412,37.7346297]},"properties":{"id":6391729667,"category":"transit","name":"Sloat Boulevard & 41st Avenue","area":0}},{"type":"Feature","geometry":{"type":"Point","coordinates":[-122.500971,37.7349518]},"properties":{"id":6391729668,"category":"transit","name":"Sloat Boulevard & 43rd Avenue","area":0}},{"type":"Feature","geometry":{"type":"Point","coordinates":[-122.5035477,37.7356428]},"properties":{"id":6391729669,"category":"transit","name":"Sloat Boulevard & 45th Avenue","area":0}},{"type":"Feature","geometry":{"type":"Point","coordinates":[-122.50573,37.7356467]},"properties":{"id":6391729670,"category":"transit","name":"Sloat Boulevard & 47th Avenue","area":0}},{"type":"Feature","geometry":{"type":"Point","coordinates":[-122.4947679,37.7337166]},"properties":{"id":6391729671,"category":"transit","name":"Sloat Boulevard & 37th Avenue","area":0}},{"type":"Feature","geometry":{"type":"Point","coordinates":[-122.457697,37.7308378]},"properties":{"id":6391729672,"category":"transit","name":"Monterey Boulevard & Plymouth Avenue","area":0}},{"type":"Feature","geometry":{"type":"Point","coordinates":[-122.394069,37.7368743]},"properties":{"id":6391729673,"category":"transit","name":"Phelps Street & Oakdale Avenue","area":0}},{"type":"Feature","geometry":{"type":"Point","coordinates":[-122.394118,37.7366006]},"properties":{"id":6391729674,"category":"transit","name":"Phelps Street & Oakdale Avenue","area":0}},{"type":"Feature","geometry":{"type":"Point","coordinates":[-122.394641,37.7362304]},"properties":{"id":6391729675,"category":"transit","name":"Phelps Street & Palou Avenue","area":0}},{"type":"Feature","geometry":{"type":"Point","coordinates":[-122.381418,37.7286897]},"properties":{"id":6391729676,"category":"transit","name":"Palou Avenue & Hawes Street","area":0}},{"type":"Feature","geometry":{"type":"Point","coordinates":[-122.380191,37.7280004]},"properties":{"id":6391729677,"category":"transit","name":"Palou Avenue & Crisp Road","area":0}},{"type":"Feature","geometry":{"type":"Point","coordinates":[-122.37933,37.7282247]},"properties":{"id":6391729678,"category":"transit","name":"Oakdale Avenue & Griffith Street","area":0}},{"type":"Feature","geometry":{"type":"Point","coordinates":[-122.381429,37.7294282]},"properties":{"id":6391729679,"category":"transit","name":"Oakdale Avenue & Baldwin Court","area":0}},{"type":"Feature","geometry":{"type":"Point","coordinates":[-122.382609,37.7301224]},"properties":{"id":6391729680,"category":"transit","name":"Oakdale Avenue & Ingalls Street","area":0}},{"type":"Feature","geometry":{"type":"Point","coordinates":[-122.382736,37.7294369]},"properties":{"id":6391729681,"category":"transit","name":"Palou Avenue & Ingalls Street","area":0}},{"type":"Feature","geometry":{"type":"Point","coordinates":[-122.38361,37.7297276]},"properties":{"id":6391729682,"category":"transit","name":"Palou Avenue & Ingalls Street","area":0}},{"type":"Feature","geometry":{"type":"Point","coordinates":[-122.385155,37.7308145]},"properties":{"id":6391729683,"category":"transit","name":"Palou Avenue & Jennings Street","area":0}},{"type":"Feature","geometry":{"type":"Point","coordinates":[-122.385472,37.7307991]},"properties":{"id":6391729684,"category":"transit","name":"Palou Avenue & Jennings Street","area":0}},{"type":"Feature","geometry":{"type":"Point","coordinates":[-122.392968,37.7380712]},"properties":{"id":6391735632,"category":"transit","name":"Phelps Street & McKinnon Avenue","area":0}},{"type":"Feature","geometry":{"type":"Point","coordinates":[-122.392982,37.7378681]},"properties":{"id":6391735633,"category":"transit","name":"Phelps Street & McKinnon Avenue","area":0}},{"type":"Feature","geometry":{"type":"Point","coordinates":[-122.391302,37.7397289]},"properties":{"id":6391735634,"category":"transit","name":"Phelps Street & Jerrold Avenue","area":0}},{"type":"Feature","geometry":{"type":"Point","coordinates":[-122.39145,37.7398403]},"properties":{"id":6391735635,"category":"transit","name":"Jerrold Avenue & Phelps Street","area":0}},{"type":"Feature","geometry":{"type":"Point","coordinates":[-122.393006,37.7407084]},"properties":{"id":6391735636,"category":"transit","name":"Jerrold Avenue & Quint Street","area":0}},{"type":"Feature","geometry":{"type":"Point","coordinates":[-122.393143,37.7410262]},"properties":{"id":6391735637,"category":"transit","name":"Jerrold Avenue & Quint Street","area":0}},{"type":"Feature","geometry":{"type":"Point","coordinates":[-122.394985,37.7421065]},"properties":{"id":6391735638,"category":"transit","name":"Jerrold Avenue & Rankin Street","area":0}},{"type":"Feature","geometry":{"type":"Point","coordinates":[-122.39492,37.7418092]},"properties":{"id":6391735639,"category":"transit","name":"Jerrold Avenue & Rankin Street","area":0}},{"type":"Feature","geometry":{"type":"Point","coordinates":[-122.396797,37.7432635]},"properties":{"id":6391735640,"category":"transit","name":"Jerrold Avenue & Selby Street","area":0}},{"type":"Feature","geometry":{"type":"Point","coordinates":[-122.396967,37.7427976]},"properties":{"id":6391735641,"category":"transit","name":"Jerrold Avenue & Selby Street","area":0}},{"type":"Feature","geometry":{"type":"Point","coordinates":[-122.399104,37.7438559]},"properties":{"id":6391735643,"category":"transit","name":"Toland Street & Jerrold Avenue","area":0}},{"type":"Feature","geometry":{"type":"Point","coordinates":[-122.398838,37.7438841]},"properties":{"id":6391735644,"category":"transit","name":"Toland Street & Jerrold Avenue","area":0}},{"type":"Feature","geometry":{"type":"Point","coordinates":[-122.400449,37.7423616]},"properties":{"id":6391735645,"category":"transit","name":"Toland Street & McKinnon Avenue","area":0}},{"type":"Feature","geometry":{"type":"Point","coordinates":[-122.400975,37.7415061]},"properties":{"id":6391735646,"category":"transit","name":"Toland Street & Newcomb Avenue","area":0}},{"type":"Feature","geometry":{"type":"Point","coordinates":[-122.401572,37.7411031]},"properties":{"id":6391735647,"category":"transit","name":"Toland Street & Oakdale Avenue","area":0}},{"type":"Feature","geometry":{"type":"Point","coordinates":[-122.403436,37.7419116]},"properties":{"id":6391735648,"category":"transit","name":"Oakdale Avenue & Barneveld Avenue","area":0}},{"type":"Feature","geometry":{"type":"Point","coordinates":[-122.40419,37.7425604]},"properties":{"id":6391735649,"category":"transit","name":"Oakdale Avenue & Loomis Street","area":0}},{"type":"Feature","geometry":{"type":"Point","coordinates":[-122.407296,37.7381946]},"properties":{"id":6391735650,"category":"transit","name":"Bayshore Boulevard & Alemany Boulevard","area":0}},{"type":"Feature","geometry":{"type":"Point","coordinates":[-122.411657,37.7348442]},"properties":{"id":6391735651,"category":"transit","name":"Crescent Avenue & Putnam Street","area":0}},{"type":"Feature","geometry":{"type":"Point","coordinates":[-122.413615,37.7347992]},"properties":{"id":6391735652,"category":"transit","name":"Crescent Avenue & Folsom Street","area":0}},{"type":"Feature","geometry":{"type":"Point","coordinates":[-122.413794,37.7346717]},"properties":{"id":6391735653,"category":"transit","name":"Crescent Avenue & Folsom Street","area":0}},{"type":"Feature","geometry":{"type":"Point","coordinates":[-122.415066,37.7347442]},"properties":{"id":6391735654,"category":"transit","name":"Crescent Avenue & Ellsworth Street","area":0}},{"type":"Feature","geometry":{"type":"Point","coordinates":[-122.415831,37.7349128]},"properties":{"id":6391735655,"category":"transit","name":"Crescent Avenue & Anderson Street","area":0}},{"type":"Feature","geometry":{"type":"Point","coordinates":[-122.416727,37.7349622]},"properties":{"id":6391735656,"category":"transit","name":"Crescent Avenue & Andover Street","area":0}},{"type":"Feature","geometry":{"type":"Point","coordinates":[-122.417015,37.7348458]},"properties":{"id":6391735657,"category":"transit","name":"Crescent Avenue & Andover Street","area":0}},{"type":"Feature","geometry":{"type":"Point","coordinates":[-122.418219,37.7349035]},"properties":{"id":6391735658,"category":"transit","name":"Crescent Avenue & Porter Street","area":0}},{"type":"Feature","geometry":{"type":"Point","coordinates":[-122.41876,37.7350732]},"properties":{"id":6391735659,"category":"transit","name":"Crescent Avenue & Roscoe Street","area":0}},{"type":"Feature","geometry":{"type":"Point","coordinates":[-122.419871,37.7349996]},"properties":{"id":6391735660,"category":"transit","name":"Crescent Avenue & Arnold Avenue","area":0}},{"type":"Feature","geometry":{"type":"Point","coordinates":[-122.42013,37.7351325]},"properties":{"id":6391735661,"category":"transit","name":"Crescent Avenue & Murray Street","area":0}},{"type":"Feature","geometry":{"type":"Point","coordinates":[-122.387026,37.7318698]},"properties":{"id":6391736285,"category":"transit","name":"Palou Avenue & Keith Street","area":0}},{"type":"Feature","geometry":{"type":"Point","coordinates":[-122.506176,37.7624618]},"properties":{"id":6391813602,"category":"transit","name":"46th Avenue & Irving Street","area":0}},{"type":"Feature","geometry":{"type":"Point","coordinates":[-122.50612,37.7640414]},"properties":{"id":6391813603,"category":"transit","name":"46th Avenue & Lincoln Way","area":0}},{"type":"Feature","geometry":{"type":"Point","coordinates":[-122.50628,37.7639177]},"properties":{"id":6391813604,"category":"transit","name":"46th Avenue & Lincoln Way","area":0}},{"type":"Feature","geometry":{"type":"Point","coordinates":[-122.5101528,37.764153]},"properties":{"id":6391813605,"category":"transit","name":"Lincoln Way & Great Highway","area":0}},{"type":"Feature","geometry":{"type":"Point","coordinates":[-122.5095683,37.7639328]},"properties":{"id":6391813606,"category":"transit","name":"Lincoln Way & La Playa Street","area":0}},{"type":"Feature","geometry":{"type":"Point","coordinates":[-122.507519,37.7642144]},"properties":{"id":6391813607,"category":"transit","name":"Lincoln Way & 47th Avenue","area":0}},{"type":"Feature","geometry":{"type":"Point","coordinates":[-122.510741,37.7714467]},"properties":{"id":6391813608,"category":"transit","name":"Fulton Street & Great Highway","area":0}},{"type":"Feature","geometry":{"type":"Point","coordinates":[-122.4929895,37.7761829]},"properties":{"id":6391813609,"category":"transit","name":"33rd Avenue & Balboa Street","area":0}},{"type":"Feature","geometry":{"type":"Point","coordinates":[-122.4930869,37.777664]},"properties":{"id":6391813610,"category":"transit","name":"33rd Avenue & Anza Street","area":0}},{"type":"Feature","geometry":{"type":"Point","coordinates":[-122.4944043,37.7816712]},"properties":{"id":6391813611,"category":"transit","name":"Clement Street & Legion of Honor Drive","area":0}},{"type":"Feature","geometry":{"type":"Point","coordinates":[-122.4946212,37.7816926]},"properties":{"id":6391813612,"category":"transit","name":"Legion of Honor Drive & Clement Street","area":0}},{"type":"Feature","geometry":{"type":"Point","coordinates":[-122.4787498,37.7279202]},"properties":{"id":6391814712,"category":"transit","name":"Winston Drive & Buckingham Way","area":0}},{"type":"Feature","geometry":{"type":"Point","coordinates":[-122.478516,37.7280955]},"properties":{"id":6391814713,"category":"transit","name":"Winston Drive & Buckingham Way","area":0}},{"type":"Feature","geometry":{"type":"Point","coordinates":[-122.4864017,37.7294181]},"properties":{"id":6391814714,"category":"transit","name":"Lake Merced Boulevard & Middlefield Drive","area":0}},{"type":"Feature","geometry":{"type":"Point","coordinates":[-122.4864417,37.7296773]},"properties":{"id":6391814715,"category":"transit","name":"Lake Merced Boulevard & Middlefield Drive","area":0}},{"type":"Feature","geometry":{"type":"Point","coordinates":[-122.494293,37.7295025]},"properties":{"id":6391814716,"category":"transit","name":"Lake Merced Boulevard & Lakeshore Drive","area":0}},{"type":"Feature","geometry":{"type":"Point","coordinates":[-122.494287,37.7293152]},"properties":{"id":6391814717,"category":"transit","name":"Lake Merced Boulevard & Lakeshore Drive","area":0}},{"type":"Feature","geometry":{"type":"Point","coordinates":[-122.50415,37.7360861]},"properties":{"id":6391814718,"category":"transit","name":"46th Avenue & Wawona Street","area":0}},{"type":"Feature","geometry":{"type":"Point","coordinates":[-122.505388,37.7359085]},"properties":{"id":6391814719,"category":"transit","name":"47th Avenue & Wawona Street","area":0}},{"type":"Feature","geometry":{"type":"Point","coordinates":[-122.505313,37.7381015]},"properties":{"id":6391814720,"category":"transit","name":"Vicente Street & 47th Avenue","area":0}},{"type":"Feature","geometry":{"type":"Point","coordinates":[-122.504677,37.7435156]},"properties":{"id":6391814721,"category":"transit","name":"46th Avenue & Santiago Street","area":0}},{"type":"Feature","geometry":{"type":"Point","coordinates":[-122.504867,37.7437858]},"properties":{"id":6391814722,"category":"transit","name":"46th Avenue & Santiago Street","area":0}},{"type":"Feature","geometry":{"type":"Point","coordinates":[-122.504816,37.7453853]},"properties":{"id":6391814723,"category":"transit","name":"46th Avenue & Rivera Street","area":0}},{"type":"Feature","geometry":{"type":"Point","coordinates":[-122.504991,37.7456219]},"properties":{"id":6391814724,"category":"transit","name":"46th Avenue & Rivera Street","area":0}},{"type":"Feature","geometry":{"type":"Point","coordinates":[-122.505119,37.7474854]},"properties":{"id":6391814726,"category":"transit","name":"46th Avenue & Quintara Street","area":0}},{"type":"Feature","geometry":{"type":"Point","coordinates":[-122.505069,37.7491267]},"properties":{"id":6391814727,"category":"transit","name":"46th Avenue & Pacheco Street","area":0}},{"type":"Feature","geometry":{"type":"Point","coordinates":[-122.505279,37.7493667]},"properties":{"id":6391814728,"category":"transit","name":"46th Avenue & Pacheco Street","area":0}},{"type":"Feature","geometry":{"type":"Point","coordinates":[-122.50521,37.7509952]},"properties":{"id":6391814729,"category":"transit","name":"46th Avenue & Ortega Street","area":0}},{"type":"Feature","geometry":{"type":"Point","coordinates":[-122.505392,37.7512171]},"properties":{"id":6391814730,"category":"transit","name":"46th Avenue & Ortega Street","area":0}},{"type":"Feature","geometry":{"type":"Point","coordinates":[-122.505327,37.7528151]},"properties":{"id":6391814731,"category":"transit","name":"46th Avenue & Noriega Street","area":0}},{"type":"Feature","geometry":{"type":"Point","coordinates":[-122.505493,37.7527179]},"properties":{"id":6391814732,"category":"transit","name":"46th Avenue & Noriega Street","area":0}},{"type":"Feature","geometry":{"type":"Point","coordinates":[-122.505471,37.7547233]},"properties":{"id":6391814733,"category":"transit","name":"46th Avenue & Moraga Street","area":0}},{"type":"Feature","geometry":{"type":"Point","coordinates":[-122.505646,37.7549507]},"properties":{"id":6391814734,"category":"transit","name":"46th Avenue & Moraga Street","area":0}},{"type":"Feature","geometry":{"type":"Point","coordinates":[-122.505593,37.7565791]},"properties":{"id":6391814735,"category":"transit","name":"46th Avenue & Lawton Street","area":0}},{"type":"Feature","geometry":{"type":"Point","coordinates":[-122.505786,37.7568282]},"properties":{"id":6391814736,"category":"transit","name":"46th Avenue & Lawton Street","area":0}},{"type":"Feature","geometry":{"type":"Point","coordinates":[-122.505913,37.7586784]},"properties":{"id":6391814737,"category":"transit","name":"46th Avenue & Kirkham Street","area":0}},{"type":"Feature","geometry":{"type":"Point","coordinates":[-122.505717,37.7584511]},"properties":{"id":6391814738,"category":"transit","name":"46th Avenue & Kirkham Street","area":0}},{"type":"Feature","geometry":{"type":"Point","coordinates":[-122.50585,37.7602758]},"properties":{"id":6391814739,"category":"transit","name":"46th Avenue & Judah Street","area":0}},{"type":"Feature","geometry":{"type":"Point","coordinates":[-122.506047,37.7605974]},"properties":{"id":6391814740,"category":"transit","name":"46th Avenue & Judah Street","area":0}},{"type":"Feature","geometry":{"type":"Point","coordinates":[-122.505991,37.762176]},"properties":{"id":6391814741,"category":"transit","name":"46th Avenue & Irving Street","area":0}},{"type":"Feature","geometry":{"type":"Point","coordinates":[-122.4840242,37.7723685]},"properties":{"id":6391868162,"category":"transit","name":"Crossover Drive & Fulton Street","area":0}},{"type":"Feature","geometry":{"type":"Point","coordinates":[-122.4843232,37.7727035]},"properties":{"id":6391868163,"category":"transit","name":"25th Avenue & Fulton Street","area":0}},{"type":"Feature","geometry":{"type":"Point","coordinates":[-122.4843607,37.7761564]},"properties":{"id":6391868164,"category":"transit","name":"25th Avenue & Balboa Street","area":0}},{"type":"Feature","geometry":{"type":"Point","coordinates":[-122.484604,37.7764639]},"properties":{"id":6391868165,"category":"transit","name":"25th Avenue & Balboa Street","area":0}},{"type":"Feature","geometry":{"type":"Point","coordinates":[-122.4847826,37.7819157]},"properties":{"id":6391868166,"category":"transit","name":"25th Avenue & Clement Street","area":0}},{"type":"Feature","geometry":{"type":"Point","coordinates":[-122.4849995,37.7821464]},"properties":{"id":6391868167,"category":"transit","name":"25th Avenue & Clement Street","area":0}},{"type":"Feature","geometry":{"type":"Point","coordinates":[-122.4849279,37.7837782]},"properties":{"id":6391868168,"category":"transit","name":"25th Avenue & California Street","area":0}},{"type":"Feature","geometry":{"type":"Point","coordinates":[-122.485159,37.7840731]},"properties":{"id":6391868169,"category":"transit","name":"25th Avenue & California Street","area":0}},{"type":"Feature","geometry":{"type":"Point","coordinates":[-122.4850552,37.785642]},"properties":{"id":6391868170,"category":"transit","name":"25th Avenue & Lake Street","area":0}},{"type":"Feature","geometry":{"type":"Point","coordinates":[-122.4852751,37.7858675]},"properties":{"id":6391868171,"category":"transit","name":"25th Avenue & Lake Street","area":0}},{"type":"Feature","geometry":{"type":"Point","coordinates":[-122.4853738,37.7873514]},"properties":{"id":6391868172,"category":"transit","name":"25th Avenue & El Camino Del Mar","area":0}},{"type":"Feature","geometry":{"type":"Point","coordinates":[-122.4851725,37.7875021]},"properties":{"id":6391868173,"category":"transit","name":"25th Avenue & El Camino Del Mar","area":0}},{"type":"Feature","geometry":{"type":"Point","coordinates":[-122.4823706,37.7884902]},"properties":{"id":6391868174,"category":"transit","name":"Lincoln Boulevard & Bowley Street","area":0}},{"type":"Feature","geometry":{"type":"Point","coordinates":[-122.4824908,37.7886328]},"properties":{"id":6391868175,"category":"transit","name":"Lincoln Boulevard & Bowley Street","area":0}},{"type":"Feature","geometry":{"type":"Point","coordinates":[-122.4822645,37.790329]},"properties":{"id":6391868176,"category":"transit","name":"Baker Beach Parking Lot","area":0}},{"type":"Feature","geometry":{"type":"Point","coordinates":[-122.495089,37.7532394]},"properties":{"id":6391868177,"category":"transit","name":"Sunset Boulevard & Noriega Street","area":0}},{"type":"Feature","geometry":{"type":"Point","coordinates":[-122.4221484,37.7179808]},"properties":{"id":6391939353,"category":"transit","name":"Mansell Street & Brazil Avenue","area":0}},{"type":"Feature","geometry":{"type":"Point","coordinates":[-122.431068,37.7208587]},"properties":{"id":6391939354,"category":"transit","name":"Persia Avenue & Naples Street","area":0}},{"type":"Feature","geometry":{"type":"Point","coordinates":[-122.431394,37.7208694]},"properties":{"id":6391939355,"category":"transit","name":"Persia Avenue & Naples Street","area":0}},{"type":"Feature","geometry":{"type":"Point","coordinates":[-122.432629,37.7216497]},"properties":{"id":6391939356,"category":"transit","name":"Persia Avenue & Madrid Street","area":0}},{"type":"Feature","geometry":{"type":"Point","coordinates":[-122.432971,37.721619]},"properties":{"id":6391939357,"category":"transit","name":"Persia Avenue & Madrid Street","area":0}},{"type":"Feature","geometry":{"type":"Point","coordinates":[-122.434278,37.722387]},"properties":{"id":6391939358,"category":"transit","name":"Persia Avenue & Paris Street","area":0}},{"type":"Feature","geometry":{"type":"Point","coordinates":[-122.43457,37.7223923]},"properties":{"id":6391939359,"category":"transit","name":"Persia Avenue & Paris Street","area":0}},{"type":"Feature","geometry":{"type":"Point","coordinates":[-122.43571,37.7229241]},"properties":{"id":6391939360,"category":"transit","name":"Persia Avenue & Mission Street","area":0}},{"type":"Feature","geometry":{"type":"Point","coordinates":[-122.435808,37.723112]},"properties":{"id":6391939361,"category":"transit","name":"Persia Avenue & Mission Street","area":0}},{"type":"Feature","geometry":{"type":"Point","coordinates":[-122.456257,37.7219468]},"properties":{"id":6391939362,"category":"transit","name":"Plymouth Avenue & Holloway Avenue","area":0}},{"type":"Feature","geometry":{"type":"Point","coordinates":[-122.4560794,37.7217579]},"properties":{"id":6391939363,"category":"transit","name":"Plymouth Avenue & Holloway Avenue","area":0}},{"type":"Feature","geometry":{"type":"Point","coordinates":[-122.457296,37.719974]},"properties":{"id":6391939364,"category":"transit","name":"Grafton Avenue & Granada Avenue","area":0}},{"type":"Feature","geometry":{"type":"Point","coordinates":[-122.457048,37.7200939]},"properties":{"id":6391939365,"category":"transit","name":"Grafton Avenue & Granada Avenue","area":0}},{"type":"Feature","geometry":{"type":"Point","coordinates":[-122.45937,37.7199739]},"properties":{"id":6391939366,"category":"transit","name":"Grafton Avenue & Capitol Avenue","area":0}},{"type":"Feature","geometry":{"type":"Point","coordinates":[-122.459098,37.7200919]},"properties":{"id":6391939367,"category":"transit","name":"Grafton Avenue & Capitol Avenue","area":0}},{"type":"Feature","geometry":{"type":"Point","coordinates":[-122.461391,37.719956]},"properties":{"id":6391939368,"category":"transit","name":"Grafton Avenue & Jules Avenue","area":0}},{"type":"Feature","geometry":{"type":"Point","coordinates":[-122.461128,37.7200792]},"properties":{"id":6391939369,"category":"transit","name":"Grafton Avenue & Jules Avenue","area":0}},{"type":"Feature","geometry":{"type":"Point","coordinates":[-122.463675,37.7197891]},"properties":{"id":6391939370,"category":"transit","name":"Garfield Street & Bright Street","area":0}},{"type":"Feature","geometry":{"type":"Point","coordinates":[-122.463485,37.719998]},"properties":{"id":6391939371,"category":"transit","name":"Garfield Street & Bright Street","area":0}},{"type":"Feature","geometry":{"type":"Point","coordinates":[-122.4652672,37.7197583]},"properties":{"id":6391939372,"category":"transit","name":"Garfield Street & Victoria Street","area":0}},{"type":"Feature","geometry":{"type":"Point","coordinates":[-122.4654889,37.7196208]},"properties":{"id":6391939373,"category":"transit","name":"Garfield Street & Victoria Street","area":0}},{"type":"Feature","geometry":{"type":"Point","coordinates":[-122.4679758,37.7197403]},"properties":{"id":6391939374,"category":"transit","name":"Garfield Street & Vernon Street","area":0}},{"type":"Feature","geometry":{"type":"Point","coordinates":[-122.4681602,37.7195939]},"properties":{"id":6391939375,"category":"transit","name":"Garfield Street & Vernon Street","area":0}},{"type":"Feature","geometry":{"type":"Point","coordinates":[-122.4699723,37.7195958]},"properties":{"id":6391939376,"category":"transit","name":"Garfield Street & Byxbee Street","area":0}},{"type":"Feature","geometry":{"type":"Point","coordinates":[-122.4697655,37.7197277]},"properties":{"id":6391939377,"category":"transit","name":"Garfield Street & Byxbee Street","area":0}},{"type":"Feature","geometry":{"type":"Point","coordinates":[-122.471561,37.7197079]},"properties":{"id":6391939378,"category":"transit","name":"Garfield Street & Beverly Street","area":0}},{"type":"Feature","geometry":{"type":"Point","coordinates":[-122.471738,37.7197329]},"properties":{"id":6391939379,"category":"transit","name":"Beverly Street & Garfield Street","area":0}},{"type":"Feature","geometry":{"type":"Point","coordinates":[-122.471797,37.7215875]},"properties":{"id":6391939380,"category":"transit","name":"Holloway Avenue & Beverly Street","area":0}},{"type":"Feature","geometry":{"type":"Point","coordinates":[-122.47284,37.7214386]},"properties":{"id":6391939381,"category":"transit","name":"Holloway Avenue & Junipero Serra Boulevard","area":0}},{"type":"Feature","geometry":{"type":"Point","coordinates":[-122.472899,37.721623]},"properties":{"id":6391939382,"category":"transit","name":"Holloway Avenue & Junipero Serra Boulevard","area":0}},{"type":"Feature","geometry":{"type":"Point","coordinates":[-122.475966,37.7201147]},"properties":{"id":6391939384,"category":"transit","name":"Crespi Drive & Varela Avenue","area":0}},{"type":"Feature","geometry":{"type":"Point","coordinates":[-122.3893839,37.7171182]},"properties":{"id":6391939410,"category":"transit","name":"Ingerson Avenue & Griffith Street","area":0}},{"type":"Feature","geometry":{"type":"Point","coordinates":[-122.3870409,37.7174913]},"properties":{"id":6391939411,"category":"transit","name":"Gilman Avenue & Bill Walsh Way","area":0}},{"type":"Feature","geometry":{"type":"Point","coordinates":[-122.3883172,37.7182444]},"properties":{"id":6391939412,"category":"transit","name":"Gilman Avenue & Griffith Street","area":0}},{"type":"Feature","geometry":{"type":"Point","coordinates":[-122.3910132,37.7180694]},"properties":{"id":6391939413,"category":"transit","name":"Ingerson Avenue & Hawes Street","area":0}},{"type":"Feature","geometry":{"type":"Point","coordinates":[-122.390062,37.7191584]},"properties":{"id":6391939414,"category":"transit","name":"Hawes Street & Gilman Avenue","area":0}},{"type":"Feature","geometry":{"type":"Point","coordinates":[-122.393612,37.7214414]},"properties":{"id":6391939415,"category":"transit","name":"Gilman Avenue & Jennings Street","area":0}},{"type":"Feature","geometry":{"type":"Point","coordinates":[-122.391746,37.7203742]},"properties":{"id":6391939416,"category":"transit","name":"Gilman Avenue & Ingalls Street","area":0}},{"type":"Feature","geometry":{"type":"Point","coordinates":[-122.389607,37.719915]},"properties":{"id":6391939417,"category":"transit","name":"Fitzgerald Avenue & Hawes Street","area":0}},{"type":"Feature","geometry":{"type":"Point","coordinates":[-122.391506,37.720973]},"properties":{"id":6391939418,"category":"transit","name":"Fitzgerald Avenue & Ingalls Street","area":0}},{"type":"Feature","geometry":{"type":"Point","coordinates":[-122.393348,37.7220362]},"properties":{"id":6391939419,"category":"transit","name":"Fitzgerald Avenue & Jennings Street","area":0}},{"type":"Feature","geometry":{"type":"Point","coordinates":[-122.395422,37.722459]},"properties":{"id":6391939420,"category":"transit","name":"Gilman Avenue & 3rd Street","area":0}},{"type":"Feature","geometry":{"type":"Point","coordinates":[-122.400597,37.7236472]},"properties":{"id":6391939421,"category":"transit","name":"Paul Avenue & Bayshore Boulevard","area":0}},{"type":"Feature","geometry":{"type":"Point","coordinates":[-122.400206,37.7234308]},"properties":{"id":6391939422,"category":"transit","name":"Paul Avenue & Wheat Street","area":0}},{"type":"Feature","geometry":{"type":"Point","coordinates":[-122.401639,37.7239351]},"properties":{"id":6391939423,"category":"transit","name":"Paul Avenue & San Bruno Avenue","area":0}},{"type":"Feature","geometry":{"type":"Point","coordinates":[-122.4018641,37.7236692]},"properties":{"id":6391939424,"category":"transit","name":"San Bruno Avenue & Paul Avenue","area":0}},{"type":"Feature","geometry":{"type":"Point","coordinates":[-122.401457,37.7216436]},"properties":{"id":6391939425,"category":"transit","name":"Mansell Street & San Bruno Avenue","area":0}},{"type":"Feature","geometry":{"type":"Point","coordinates":[-122.401168,37.7213638]},"properties":{"id":6391939426,"category":"transit","name":"Mansell Street & San Bruno Avenue","area":0}},{"type":"Feature","geometry":{"type":"Point","coordinates":[-122.403081,37.7208616]},"properties":{"id":6391939427,"category":"transit","name":"Mansell Street & Brussels Street","area":0}},{"type":"Feature","geometry":{"type":"Point","coordinates":[-122.403289,37.7211429]},"properties":{"id":6391939428,"category":"transit","name":"Mansell Street & Brussels Street","area":0}},{"type":"Feature","geometry":{"type":"Point","coordinates":[-122.404288,37.7209]},"properties":{"id":6391939429,"category":"transit","name":"Mansell Street & Goettingen Street","area":0}},{"type":"Feature","geometry":{"type":"Point","coordinates":[-122.404076,37.7205972]},"properties":{"id":6391939430,"category":"transit","name":"Mansell Street & Goettingen Street","area":0}},{"type":"Feature","geometry":{"type":"Point","coordinates":[-122.405129,37.7206859]},"properties":{"id":6391939431,"category":"transit","name":"Mansell Street & Somerset Street","area":0}},{"type":"Feature","geometry":{"type":"Point","coordinates":[-122.405061,37.7203398]},"properties":{"id":6391939432,"category":"transit","name":"Mansell Street & Somerset Street","area":0}},{"type":"Feature","geometry":{"type":"Point","coordinates":[-122.407067,37.7198138]},"properties":{"id":6391939433,"category":"transit","name":"Mansell Street & Hamilton Street","area":0}},{"type":"Feature","geometry":{"type":"Point","coordinates":[-122.406962,37.7202049]},"properties":{"id":6391939434,"category":"transit","name":"Mansell Street & Hamilton Street","area":0}},{"type":"Feature","geometry":{"type":"Point","coordinates":[-122.408921,37.7196782]},"properties":{"id":6391939435,"category":"transit","name":"Mansell Street & Dartmouth Street","area":0}},{"type":"Feature","geometry":{"type":"Point","coordinates":[-122.409096,37.7192873]},"properties":{"id":6391939436,"category":"transit","name":"Mansell Street & Dartmouth Street","area":0}},{"type":"Feature","geometry":{"type":"Point","coordinates":[-122.411341,37.7187079]},"properties":{"id":6391939437,"category":"transit","name":"Mansell Street & Visitacion Avenue","area":0}},{"type":"Feature","geometry":{"type":"Point","coordinates":[-122.411221,37.7191091]},"properties":{"id":6391939438,"category":"transit","name":"Mansell Street & University Street","area":0}},{"type":"Feature","geometry":{"type":"Point","coordinates":[-122.422664,37.7178191]},"properties":{"id":6391939439,"category":"transit","name":"Persia Avenue & Brazil Avenue","area":0}},{"type":"Feature","geometry":{"type":"Point","coordinates":[-122.493488,37.7303892]},"properties":{"id":6391939485,"category":"transit","name":"Sunset Boulevard & Lake Merced Boulevard","area":0}},{"type":"Feature","geometry":{"type":"Point","coordinates":[-122.493783,37.7303634]},"properties":{"id":6391939486,"category":"transit","name":"Sunset Boulevard & Lake Merced Boulevard","area":0}},{"type":"Feature","geometry":{"type":"Point","coordinates":[-122.493898,37.7320265]},"properties":{"id":6391939487,"category":"transit","name":"Sunset Boulevard & Ocean Avenue","area":0}},{"type":"Feature","geometry":{"type":"Point","coordinates":[-122.4935813,37.7317472]},"properties":{"id":6391939488,"category":"transit","name":"Sunset Boulevard & Ocean Avenue","area":0}},{"type":"Feature","geometry":{"type":"Point","coordinates":[-122.494222,37.7367548]},"properties":{"id":6391939489,"category":"transit","name":"Sunset Boulevard & Wawona Street","area":0}},{"type":"Feature","geometry":{"type":"Point","coordinates":[-122.493923,37.7365416]},"properties":{"id":6391939490,"category":"transit","name":"Sunset Boulevard & Wawona Street","area":0}},{"type":"Feature","geometry":{"type":"Point","coordinates":[-122.494049,37.7383465]},"properties":{"id":6391939491,"category":"transit","name":"Sunset Boulevard & Vicente Street","area":0}},{"type":"Feature","geometry":{"type":"Point","coordinates":[-122.494361,37.7386671]},"properties":{"id":6391939492,"category":"transit","name":"Sunset Boulevard & Vicente Street","area":0}},{"type":"Feature","geometry":{"type":"Point","coordinates":[-122.494166,37.740255]},"properties":{"id":6391939493,"category":"transit","name":"Sunset Boulevard & Ulloa Street","area":0}},{"type":"Feature","geometry":{"type":"Point","coordinates":[-122.49446,37.740142]},"properties":{"id":6391939494,"category":"transit","name":"Sunset Boulevard & Ulloa Street","area":0}},{"type":"Feature","geometry":{"type":"Point","coordinates":[-122.494438,37.7439797]},"properties":{"id":6391939495,"category":"transit","name":"Sunset Boulevard & Santiago Street","area":0}},{"type":"Feature","geometry":{"type":"Point","coordinates":[-122.494759,37.7442196]},"properties":{"id":6391939496,"category":"transit","name":"Sunset Boulevard & Santiago Street","area":0}},{"type":"Feature","geometry":{"type":"Point","coordinates":[-122.4945873,37.7460717]},"properties":{"id":6391939497,"category":"transit","name":"Sunset Boulevard & Rivera Street","area":0}},{"type":"Feature","geometry":{"type":"Point","coordinates":[-122.49472,37.7480378]},"properties":{"id":6391939498,"category":"transit","name":"Sunset Boulevard & Quintara Street","area":0}},{"type":"Feature","geometry":{"type":"Point","coordinates":[-122.494825,37.749568]},"properties":{"id":6391939499,"category":"transit","name":"Sunset Boulevard & Pacheco Street","area":0}},{"type":"Feature","geometry":{"type":"Point","coordinates":[-122.495139,37.7498193]},"properties":{"id":6391939500,"category":"transit","name":"Sunset Boulevard & Pacheco Street","area":0}},{"type":"Feature","geometry":{"type":"Point","coordinates":[-122.494983,37.7517906]},"properties":{"id":6391939501,"category":"transit","name":"Sunset Boulevard & Ortega Street","area":0}},{"type":"Feature","geometry":{"type":"Point","coordinates":[-122.495247,37.7513145]},"properties":{"id":6391939502,"category":"transit","name":"Sunset Boulevard & Ortega Street","area":0}},{"type":"Feature","geometry":{"type":"Point","coordinates":[-122.495219,37.755161]},"properties":{"id":6391939503,"category":"transit","name":"Sunset Boulevard & Moraga Street","area":0}},{"type":"Feature","geometry":{"type":"Point","coordinates":[-122.495531,37.7554265]},"properties":{"id":6391939504,"category":"transit","name":"Sunset Boulevard & Moraga Street","area":0}},{"type":"Feature","geometry":{"type":"Point","coordinates":[-122.495329,37.7570264]},"properties":{"id":6391939505,"category":"transit","name":"Sunset Boulevard & Lawton Street","area":0}},{"type":"Feature","geometry":{"type":"Point","coordinates":[-122.49567,37.7572626]},"properties":{"id":6391939506,"category":"transit","name":"Sunset Boulevard & Lawton Street","area":0}},{"type":"Feature","geometry":{"type":"Point","coordinates":[-122.495467,37.7588942]},"properties":{"id":6391939507,"category":"transit","name":"Sunset Boulevard & Kirkham Street","area":0}},{"type":"Feature","geometry":{"type":"Point","coordinates":[-122.495795,37.7591465]},"properties":{"id":6391939508,"category":"transit","name":"Sunset Boulevard & Kirkham Street","area":0}},{"type":"Feature","geometry":{"type":"Point","coordinates":[-122.495606,37.7607075]},"properties":{"id":6391939509,"category":"transit","name":"Sunset Boulevard & Judah Street","area":0}},{"type":"Feature","geometry":{"type":"Point","coordinates":[-122.495936,37.7610423]},"properties":{"id":6391939510,"category":"transit","name":"Sunset Boulevard & Judah Street","area":0}},{"type":"Feature","geometry":{"type":"Point","coordinates":[-122.496024,37.7624907]},"properties":{"id":6391939511,"category":"transit","name":"Sunset Boulevard & Irving Street","area":0}},{"type":"Feature","geometry":{"type":"Point","coordinates":[-122.495747,37.7626289]},"properties":{"id":6391939512,"category":"transit","name":"Sunset Boulevard & Irving Street","area":0}},{"type":"Feature","geometry":{"type":"Point","coordinates":[-122.481758,37.765161]},"properties":{"id":6391939585,"category":"transit","name":"Lincoln Way & 23rd Avenue","area":0}},{"type":"Feature","geometry":{"type":"Point","coordinates":[-122.483339,37.7650891]},"properties":{"id":6391939586,"category":"transit","name":"Lincoln Way & 25th Avenue","area":0}},{"type":"Feature","geometry":{"type":"Point","coordinates":[-122.485567,37.7649879]},"properties":{"id":6391939587,"category":"transit","name":"Lincoln Way & 27th Avenue","area":0}},{"type":"Feature","geometry":{"type":"Point","coordinates":[-122.488744,37.7648576]},"properties":{"id":6391939588,"category":"transit","name":"Lincoln Way & 30th Avenue","area":0}},{"type":"Feature","geometry":{"type":"Point","coordinates":[-122.4929846,37.7646707]},"properties":{"id":6391939589,"category":"transit","name":"Lincoln Way & 34th Avenue","area":0}},{"type":"Feature","geometry":{"type":"Point","coordinates":[-122.495391,37.7644579]},"properties":{"id":6391939590,"category":"transit","name":"36th Avenue & Lincoln Way","area":0}},{"type":"Feature","geometry":{"type":"Point","coordinates":[-122.496625,37.7642901]},"properties":{"id":6391939591,"category":"transit","name":"37th Avenue & Lincoln Way","area":0}},{"type":"Feature","geometry":{"type":"Point","coordinates":[-122.494664,37.7647843]},"properties":{"id":6391939592,"category":"transit","name":"Lincoln Way & 35th Avenue","area":0}},{"type":"Feature","geometry":{"type":"Point","coordinates":[-122.492542,37.7648808]},"properties":{"id":6391939593,"category":"transit","name":"Lincoln Way & 33rd Avenue","area":0}},{"type":"Feature","geometry":{"type":"Point","coordinates":[-122.490397,37.7649718]},"properties":{"id":6391939594,"category":"transit","name":"Lincoln Way & 31st Avenue","area":0}},{"type":"Feature","geometry":{"type":"Point","coordinates":[-122.488246,37.7650631]},"properties":{"id":6391939595,"category":"transit","name":"Lincoln Way & 29th Avenue","area":0}},{"type":"Feature","geometry":{"type":"Point","coordinates":[-122.486131,37.7651607]},"properties":{"id":6391939596,"category":"transit","name":"Lincoln Way & 27th Avenue","area":0}},{"type":"Feature","geometry":{"type":"Point","coordinates":[-122.484024,37.7652524]},"properties":{"id":6391939597,"category":"transit","name":"Lincoln Way & 25th Avenue","area":0}},{"type":"Feature","geometry":{"type":"Point","coordinates":[-122.481887,37.7653517]},"properties":{"id":6391939598,"category":"transit","name":"Lincoln Way & 23rd Avenue","area":0}},{"type":"Feature","geometry":{"type":"Point","coordinates":[-122.401925,37.7266754]},"properties":{"id":6392118009,"category":"transit","name":"Bayshore Boulevard & Fitzgerald Avenue","area":0}},{"type":"Feature","geometry":{"type":"Point","coordinates":[-122.401688,37.7266513]},"properties":{"id":6392118010,"category":"transit","name":"Bayshore Boulevard & Fitzgerald Avenue","area":0}},{"type":"Feature","geometry":{"type":"Point","coordinates":[-122.409436,37.7700018]},"properties":{"id":6392118011,"category":"transit","name":"10th Street & Bryant Street","area":0}},{"type":"Feature","geometry":{"type":"Point","coordinates":[-122.410327,37.7728705]},"properties":{"id":6392118012,"category":"transit","name":"9th Street & Harrison Street","area":0}},{"type":"Feature","geometry":{"type":"Point","coordinates":[-122.411791,37.7740352]},"properties":{"id":6392118013,"category":"transit","name":"9th Street & Folsom Street","area":0}},{"type":"Feature","geometry":{"type":"Point","coordinates":[-122.414014,37.7736448]},"properties":{"id":6392118014,"category":"transit","name":"10th Street & Howard Street","area":0}},{"type":"Feature","geometry":{"type":"Point","coordinates":[-122.3954251,37.7890962]},"properties":{"id":6392118015,"category":"transit","name":"Howard Street & Fremont Street","area":0}},{"type":"Feature","geometry":{"type":"Point","coordinates":[-122.4127355,37.7807934]},"properties":{"id":6392118018,"category":"transit","name":"7th Street & Market Street","area":0}},{"type":"Feature","geometry":{"type":"Point","coordinates":[-122.418987,37.7803462]},"properties":{"id":6392118019,"category":"transit","name":"McAllister Street & Polk Street","area":0}},{"type":"Feature","geometry":{"type":"Point","coordinates":[-122.427154,37.7801097]},"properties":{"id":6392118020,"category":"transit","name":"Golden Gate Avenue & Laguna Street","area":0}},{"type":"Feature","geometry":{"type":"Point","coordinates":[-122.401228,37.7939208]},"properties":{"id":6392118021,"category":"transit","name":"Sansome Street & Halleck Street","area":0}},{"type":"Feature","geometry":{"type":"Point","coordinates":[-122.397374,37.7911158]},"properties":{"id":6392118022,"category":"transit","name":"Fremont Street & Mission Street","area":0}},{"type":"Feature","geometry":{"type":"Point","coordinates":[-122.397531,37.7912407]},"properties":{"id":6392118023,"category":"transit","name":"Fremont Street & Mission Street","area":0}},{"type":"Feature","geometry":{"type":"Point","coordinates":[-122.397196,37.7909748]},"properties":{"id":6392118024,"category":"transit","name":"Fremont Street & Mission Street","area":0}},{"type":"Feature","geometry":{"type":"Point","coordinates":[-122.396926,37.7907606]},"properties":{"id":6392118025,"category":"transit","name":"Fremont Street & Mission Street","area":0}},{"type":"Feature","geometry":{"type":"Point","coordinates":[-122.394503,37.7888499]},"properties":{"id":6392118026,"category":"transit","name":"Fremont Street & Howard Street","area":0}},{"type":"Feature","geometry":{"type":"Point","coordinates":[-122.3970048,37.7819747]},"properties":{"id":6392118027,"category":"transit","name":"Perry Street & 3rd Street","area":0}},{"type":"Feature","geometry":{"type":"Point","coordinates":[-122.398609,37.7866582]},"properties":{"id":6392118029,"category":"transit","name":"Howard Street & 2nd Street","area":0}},{"type":"Feature","geometry":{"type":"Point","coordinates":[-122.398738,37.790583]},"properties":{"id":6392118030,"category":"transit","name":"1st Street & Stevenson Street","area":0}},{"type":"Feature","geometry":{"type":"Point","coordinates":[-122.399804,37.791963]},"properties":{"id":6392118031,"category":"transit","name":"Battery Street & Pine Street","area":0}},{"type":"Feature","geometry":{"type":"Point","coordinates":[-122.399231,37.7924014]},"properties":{"id":6392118032,"category":"transit","name":"Pine Street & Battery Street","area":0}},{"type":"Feature","geometry":{"type":"Point","coordinates":[-122.399453,37.7923727]},"properties":{"id":6392118033,"category":"transit","name":"Pine Street & Battery Street","area":0}},{"type":"Feature","geometry":{"type":"Point","coordinates":[-122.399664,37.7923456]},"properties":{"id":6392118034,"category":"transit","name":"Pine Street & Battery Street","area":0}},{"type":"Feature","geometry":{"type":"Point","coordinates":[-122.401359,37.7945489]},"properties":{"id":6392118035,"category":"transit","name":"Sansome Street & Commercial Street","area":0}},{"type":"Feature","geometry":{"type":"Point","coordinates":[-122.401466,37.7950613]},"properties":{"id":6392118036,"category":"transit","name":"Sansome Street & Clay Street","area":0}},{"type":"Feature","geometry":{"type":"Point","coordinates":[-122.401392,37.7947077]},"properties":{"id":6392118037,"category":"transit","name":"Sansome Street & Commercial Street","area":0}},{"type":"Feature","geometry":{"type":"Point","coordinates":[-122.401185,37.7937148]},"properties":{"id":6392118038,"category":"transit","name":"Sansome Street & Halleck Street","area":0}},{"type":"Feature","geometry":{"type":"Point","coordinates":[-122.401137,37.7934844]},"properties":{"id":6392118396,"category":"transit","name":"Sansome Street & California Street","area":0}},{"type":"Feature","geometry":{"type":"Point","coordinates":[-122.400283,37.7942359]},"properties":{"id":6392118397,"category":"transit","name":"Battery Street & Sacramento Street","area":0}},{"type":"Feature","geometry":{"type":"Point","coordinates":[-122.4032325,37.8039423]},"properties":{"id":6392118398,"category":"transit","name":"Sansome Street & Lombard Street","area":0}},{"type":"Feature","geometry":{"type":"Point","coordinates":[-122.4062398,37.8066989]},"properties":{"id":6392118402,"category":"transit","name":"The Embarcadero & Bay Street","area":0}},{"type":"Feature","geometry":{"type":"Point","coordinates":[-122.477202,37.7618479]},"properties":{"id":6392169064,"category":"transit","name":"19th Avenue & Judah Street","area":0}},{"type":"Feature","geometry":{"type":"Point","coordinates":[-122.479849,37.7614927]},"properties":{"id":6392192009,"category":"transit","name":"Judah Street & 22nd Avenue","area":0}},{"type":"Feature","geometry":{"type":"Point","coordinates":[-122.48952,37.7610714]},"properties":{"id":6392192011,"category":"transit","name":"Judah Street & 31st Avenue","area":0}},{"type":"Feature","geometry":{"type":"Point","coordinates":[-122.499155,37.7606262]},"properties":{"id":6392192015,"category":"transit","name":"Judah Street & 40th Avenue","area":0}},{"type":"Feature","geometry":{"type":"Point","coordinates":[-122.389642,37.779548]},"properties":{"id":6392302633,"category":"transit","name":"King Street & 2nd Street","area":0}},{"type":"Feature","geometry":{"type":"Point","coordinates":[-122.390028,37.7797802]},"properties":{"id":6392302634,"category":"transit","name":"King Street & 2nd Street","area":0}},{"type":"Feature","geometry":{"type":"Point","coordinates":[-122.387848,37.7845446]},"properties":{"id":6392302635,"category":"transit","name":"The Embarcadero & Brannan Street","area":0}},{"type":"Feature","geometry":{"type":"Point","coordinates":[-122.38839,37.7834477]},"properties":{"id":6392302636,"category":"transit","name":"The Embarcadero & Townsend Street","area":0}},{"type":"Feature","geometry":{"type":"Point","coordinates":[-122.389945,37.7905238]},"properties":{"id":6392302637,"category":"transit","name":"The Embarcadero & Folsom Street","area":0}},{"type":"Feature","geometry":{"type":"Point","coordinates":[-122.3896701,37.7908421]},"properties":{"id":6392302638,"category":"transit","name":"The Embarcadero & Folsom Street","area":0}},{"type":"Feature","geometry":{"type":"Point","coordinates":[-122.39118,37.7920213]},"properties":{"id":6392302639,"category":"transit","name":"The Embarcadero & Howard Street","area":0}},{"type":"Feature","geometry":{"type":"Point","coordinates":[-122.391145,37.7928314]},"properties":{"id":6392302640,"category":"transit","name":"The Embarcadero & Howard Street","area":0}},{"type":"Feature","geometry":{"type":"Point","coordinates":[-122.4500782,37.7659005]},"properties":{"id":6392302652,"category":"transit","name":"Cole Street & Carl Street","area":0}},{"type":"Feature","geometry":{"type":"Point","coordinates":[-122.4290283,37.7692466]},"properties":{"id":6392302654,"category":"transit","name":"Church Street & Duboce Street","area":0}},{"type":"Feature","geometry":{"type":"Point","coordinates":[-122.430495,37.7718778]},"properties":{"id":6392302655,"category":"transit","name":"Fillmore Street & Haight Street","area":0}},{"type":"Feature","geometry":{"type":"Point","coordinates":[-122.4529603,37.7653775]},"properties":{"id":6392302660,"category":"transit","name":"Carl Street & Stanyan Street","area":0}},{"type":"Feature","geometry":{"type":"Point","coordinates":[-122.4582501,37.7643539]},"properties":{"id":6392302962,"category":"transit","name":"Irving Street & Arguello Boulevard","area":0}},{"type":"Feature","geometry":{"type":"Point","coordinates":[-122.444737,37.7471382]},"properties":{"id":6392692693,"category":"transit","name":"Portola Drive & Burnett Avenue","area":0}},{"type":"Feature","geometry":{"type":"Point","coordinates":[-122.471323,37.7307095]},"properties":{"id":6394665352,"category":"transit","name":"Ocean Avenue & Junipero Serra Boulevard","area":0}},{"type":"Feature","geometry":{"type":"Point","coordinates":[-122.465818,37.7407114]},"properties":{"id":6394665364,"category":"transit","name":"West Portal Avenue & Ulloa Street","area":0}},{"type":"Feature","geometry":{"type":"Point","coordinates":[-122.465582,37.7408591]},"properties":{"id":6394665365,"category":"transit","name":"Ulloa Street & West Portal Avenue","area":0}},{"type":"Feature","geometry":{"type":"Point","coordinates":[-122.471526,37.7314509]},"properties":{"id":6394665367,"category":"transit","name":"Junipero Serra Boulevard & Ocean Avenue","area":0}},{"type":"Feature","geometry":{"type":"Point","coordinates":[-122.446295,37.7209576]},"properties":{"id":6394808578,"category":"transit","name":"San Jose Avenue & Geneva Avenue","area":0}},{"type":"Feature","geometry":{"type":"Point","coordinates":[-122.44509,37.7227035]},"properties":{"id":6394808579,"category":"transit","name":"San Jose Avenue & Ocean Avenue","area":0}},{"type":"Feature","geometry":{"type":"Point","coordinates":[-122.4643342,37.7260677]},"properties":{"id":6394808896,"category":"transit","name":"Ocean Avenue & Victoria Street","area":0}},{"type":"Feature","geometry":{"type":"Point","coordinates":[-122.398889,37.7150736]},"properties":{"id":6394965152,"category":"transit","name":"Bayshore Boulevard & Hester Avenue","area":0}},{"type":"Feature","geometry":{"type":"Point","coordinates":[-122.399448,37.7147348]},"properties":{"id":6394965153,"category":"transit","name":"Bayshore Boulevard & Campbell Avenue","area":0}},{"type":"Feature","geometry":{"type":"Point","coordinates":[-122.391775,37.7321608]},"properties":{"id":6394965154,"category":"transit","name":"3rd Street & Bayview Street","area":0}},{"type":"Feature","geometry":{"type":"Point","coordinates":[-122.391482,37.7322433]},"properties":{"id":6394965155,"category":"transit","name":"3rd Street & Revere Avenue","area":0}},{"type":"Feature","geometry":{"type":"Point","coordinates":[-122.392434,37.7294779]},"properties":{"id":6394965158,"category":"transit","name":"3rd Street & Van Dyke Avenue","area":0}},{"type":"Feature","geometry":{"type":"Point","coordinates":[-122.392925,37.7289909]},"properties":{"id":6394965159,"category":"transit","name":"3rd Street & Williams Avenue","area":0}},{"type":"Feature","geometry":{"type":"Point","coordinates":[-122.394338,37.7257049]},"properties":{"id":6394965162,"category":"transit","name":"3rd Street & Carroll Avenue","area":0}},{"type":"Feature","geometry":{"type":"Point","coordinates":[-122.394198,37.7252848]},"properties":{"id":6394965163,"category":"transit","name":"3rd Street & Carroll Avenue","area":0}},{"type":"Feature","geometry":{"type":"Point","coordinates":[-122.395895,37.7222618]},"properties":{"id":6394965166,"category":"transit","name":"3rd Street & Paul Avenue","area":0}},{"type":"Feature","geometry":{"type":"Point","coordinates":[-122.39523,37.7230165]},"properties":{"id":6394965167,"category":"transit","name":"3rd Street & Fitzgerald Avenue","area":0}},{"type":"Feature","geometry":{"type":"Point","coordinates":[-122.397481,37.7186582]},"properties":{"id":6394965170,"category":"transit","name":"3rd Street & Le Conte Avenue","area":0}},{"type":"Feature","geometry":{"type":"Point","coordinates":[-122.404304,37.7100431]},"properties":{"id":6394965178,"category":"transit","name":"Bayshore Boulevard & Sunnydale Avenue","area":0}},{"type":"Feature","geometry":{"type":"Point","coordinates":[-122.387647,37.7491442]},"properties":{"id":6394992435,"category":"transit","name":"3rd Street & Marin Street","area":0}},{"type":"Feature","geometry":{"type":"Point","coordinates":[-122.387317,37.7488784]},"properties":{"id":6394992436,"category":"transit","name":"3rd Street & Marin Street","area":0}},{"type":"Feature","geometry":{"type":"Point","coordinates":[-122.388151,37.7551116]},"properties":{"id":6394992439,"category":"transit","name":"3rd Street & 23rd Street","area":0}},{"type":"Feature","geometry":{"type":"Point","coordinates":[-122.387892,37.7556555]},"properties":{"id":6394992440,"category":"transit","name":"3rd Street & 23rd Street","area":0}},{"type":"Feature","geometry":{"type":"Point","coordinates":[-122.388446,37.7607502]},"properties":{"id":6394992443,"category":"transit","name":"3rd Street & 20th Street","area":0}},{"type":"Feature","geometry":{"type":"Point","coordinates":[-122.3887358,37.7606191]},"properties":{"id":6394992444,"category":"transit","name":"3rd Street & 20th Street","area":0}},{"type":"Feature","geometry":{"type":"Point","coordinates":[-122.388741,37.7645549]},"properties":{"id":6394992445,"category":"transit","name":"3rd Street & Mariposa Street","area":0}},{"type":"Feature","geometry":{"type":"Point","coordinates":[-122.389006,37.7641179]},"properties":{"id":6394992446,"category":"transit","name":"3rd Street & Mariposa Street","area":0}},{"type":"Feature","geometry":{"type":"Point","coordinates":[-122.389559,37.7731454]},"properties":{"id":6394992450,"category":"transit","name":"3rd Street & Mission Rock Street","area":0}},{"type":"Feature","geometry":{"type":"Point","coordinates":[-122.389849,37.7727142]},"properties":{"id":6394992451,"category":"transit","name":"3rd Street & Mission Rock Street","area":0}},{"type":"Feature","geometry":{"type":"Point","coordinates":[-122.393702,37.7762571]},"properties":{"id":6394992454,"category":"transit","name":"4th Street & King Street","area":0}},{"type":"Feature","geometry":{"type":"Point","coordinates":[-122.393859,37.776003]},"properties":{"id":6394992455,"category":"transit","name":"4th Street & King Street","area":0}},{"type":"Feature","geometry":{"type":"Point","coordinates":[-122.387712,37.7429596]},"properties":{"id":6394992458,"category":"transit","name":"3rd Street & Evans Avenue","area":0}},{"type":"Feature","geometry":{"type":"Point","coordinates":[-122.388173,37.7424854]},"properties":{"id":6394992459,"category":"transit","name":"3rd Street & Evans Avenue","area":0}},{"type":"Feature","geometry":{"type":"Point","coordinates":[-122.386694,37.7457668]},"properties":{"id":6394993266,"category":"transit","name":"Cargo Way & 3rd Street","area":0}},{"type":"Feature","geometry":{"type":"Point","coordinates":[-122.387029,37.7462464]},"properties":{"id":6394993267,"category":"transit","name":"Cargo Way & 3rd Street","area":0}},{"type":"Feature","geometry":{"type":"Point","coordinates":[-122.38346,37.743712]},"properties":{"id":6394993268,"category":"transit","name":"Mendell Street & Cargo Way","area":0}},{"type":"Feature","geometry":{"type":"Point","coordinates":[-122.383175,37.7436745]},"properties":{"id":6394993269,"category":"transit","name":"Mendell Street & Cargo Way","area":0}},{"type":"Feature","geometry":{"type":"Point","coordinates":[-122.383674,37.7426326]},"properties":{"id":6394993270,"category":"transit","name":"Mendell Street & Newhall Street","area":0}},{"type":"Feature","geometry":{"type":"Point","coordinates":[-122.383969,37.7425457]},"properties":{"id":6394993271,"category":"transit","name":"Mendell Street & Newhall Street","area":0}},{"type":"Feature","geometry":{"type":"Point","coordinates":[-122.384361,37.7411409]},"properties":{"id":6394993272,"category":"transit","name":"Mendell Street & Evans Avenue","area":0}},{"type":"Feature","geometry":{"type":"Point","coordinates":[-122.384669,37.7411681]},"properties":{"id":6394993273,"category":"transit","name":"Mendell Street & Evans Avenue","area":0}},{"type":"Feature","geometry":{"type":"Point","coordinates":[-122.4691863,37.7057363]},"properties":{"id":6424477589,"category":"transit","name":"Daly City BART","area":0}},{"type":"Feature","geometry":{"type":"Point","coordinates":[-122.4695044,37.7059924]},"properties":{"id":6424477590,"category":"transit","name":"Daly City BART","area":0}},{"type":"Feature","geometry":{"type":"Point","coordinates":[-122.4692687,37.7062762]},"properties":{"id":6424477592,"category":"transit","name":"Daly City BART","area":0}},{"type":"Feature","geometry":{"type":"Point","coordinates":[-122.3966891,37.7756383]},"properties":{"id":6428857996,"category":"transit","name":"Townsend Street & 5th Street","area":0}},{"type":"Feature","geometry":{"type":"Point","coordinates":[-122.393211,37.7905808]},"properties":{"id":6431336872,"category":"transit","name":"Main Street & Howard Street","area":0}},{"type":"Feature","geometry":{"type":"Point","coordinates":[-122.403416,37.7852802]},"properties":{"id":6431568995,"category":"transit","name":"Mission Street & 3rd Street","area":0}},{"type":"Feature","geometry":{"type":"Point","coordinates":[-122.483132,37.8380078]},"properties":{"id":6433144720,"category":"transit","name":"Alexander Avenue & Danes Drive","area":0}},{"type":"Feature","geometry":{"type":"Point","coordinates":[-122.4002435,37.7670391]},"properties":{"id":6456587020,"category":"transit","name":"1111 8th Street","area":0}},{"type":"Feature","geometry":{"type":"Point","coordinates":[-122.3885744,37.7706935]},"properties":{"id":6456587021,"category":"transit","name":"455 Mission Bay Boulevard South","area":0}},{"type":"Feature","geometry":{"type":"Point","coordinates":[-122.3935323,37.7719433]},"properties":{"id":6456587022,"category":"transit","name":"Long Bridge Street & Corinne Woods Way","area":0}},{"type":"Feature","geometry":{"type":"Point","coordinates":[-122.398413,37.7718851]},"properties":{"id":6456587023,"category":"transit","name":"Berry Street & King Street","area":0}},{"type":"Feature","geometry":{"type":"Point","coordinates":[-122.398229,37.7718504]},"properties":{"id":6456587024,"category":"transit","name":"Berry Street & King Street","area":0}},{"type":"Feature","geometry":{"type":"Point","coordinates":[-122.3948221,37.7683345]},"properties":{"id":6456587027,"category":"transit","name":"Owens Street & Gene Friend Way","area":0}},{"type":"Feature","geometry":{"type":"Point","coordinates":[-122.3944533,37.7682685]},"properties":{"id":6456587028,"category":"transit","name":"Owens Street & Gene Friend Way","area":0}},{"type":"Feature","geometry":{"type":"Point","coordinates":[-122.3932033,37.7755263]},"properties":{"id":6456587031,"category":"transit","name":"4th Street & Berry Street","area":0}},{"type":"Feature","geometry":{"type":"Point","coordinates":[-122.3934783,37.7756087]},"properties":{"id":6456587032,"category":"transit","name":"Berry Street & 4th Street","area":0}},{"type":"Feature","geometry":{"type":"Point","coordinates":[-122.3955001,37.7741816]},"properties":{"id":6456587033,"category":"transit","name":"Berry Street & 5th Street","area":0}},{"type":"Feature","geometry":{"type":"Point","coordinates":[-122.3955461,37.7896303]},"properties":{"id":6456587035,"category":"transit","name":"181 Fremont Street","area":0}},{"type":"Feature","geometry":{"type":"Point","coordinates":[-122.46554,37.7406753]},"properties":{"id":6582300426,"category":"transit","name":"Ulloa Street & West Portal Avenue","area":0}},{"type":"Feature","geometry":{"type":"Point","coordinates":[-122.4047548,37.7717651]},"properties":{"id":6582318641,"category":"transit","name":"Brannan Street & 8th Street","area":0}},{"type":"Feature","geometry":{"type":"Point","coordinates":[-122.485166,37.7242041]},"properties":{"id":6587926834,"category":"transit","name":"Lake Merced Boulevard & Font Boulevard","area":0}},{"type":"Feature","geometry":{"type":"Point","coordinates":[-122.4623223,37.7052857]},"properties":{"id":6587926838,"category":"transit","name":"Mission Street & John Daly Boulevard","area":0}},{"type":"Feature","geometry":{"type":"Point","coordinates":[-122.4615701,37.7060734]},"properties":{"id":6587926840,"category":"transit","name":"Mission Street & Bepler Street","area":0}},{"type":"Feature","geometry":{"type":"Point","coordinates":[-122.4613869,37.705738]},"properties":{"id":6587926842,"category":"transit","name":"Mission Street & Wellington Avenue","area":0}},{"type":"Feature","geometry":{"type":"Point","coordinates":[-122.458531,37.7067058]},"properties":{"id":6587926844,"category":"transit","name":"Mission Street & Crocker Avenue","area":0}},{"type":"Feature","geometry":{"type":"Point","coordinates":[-122.440762,37.7083629]},"properties":{"id":6587926847,"category":"transit","name":"Bellevue Avenue & Pope Street","area":0}},{"type":"Feature","geometry":{"type":"Point","coordinates":[-122.440703,37.7082103]},"properties":{"id":6587926848,"category":"transit","name":"Bellevue Avenue & Pope Street","area":0}},{"type":"Feature","geometry":{"type":"Point","coordinates":[-122.43296,37.7063471]},"properties":{"id":6587926855,"category":"transit","name":"Oakridge Drive & South Hill Boulevard","area":0}},{"type":"Feature","geometry":{"type":"Point","coordinates":[-122.441145,37.7073992]},"properties":{"id":6587926856,"category":"transit","name":"Pope Street & Bellevue Avenue","area":0}},{"type":"Feature","geometry":{"type":"Point","coordinates":[-122.4858065,37.7036457]},"properties":{"id":6587947127,"category":"transit","name":"Westlake Park","area":0}},{"type":"Feature","geometry":{"type":"Point","coordinates":[-122.4861109,37.704885]},"properties":{"id":6587947129,"category":"transit","name":"Westlake Park","area":0}},{"type":"Feature","geometry":{"type":"Point","coordinates":[-122.485239,37.7184316]},"properties":{"id":6587947131,"category":"transit","name":"Lake Merced Boulevard & Higuera Avenue","area":0}},{"type":"Feature","geometry":{"type":"Point","coordinates":[-122.484996,37.7188337]},"properties":{"id":6587947133,"category":"transit","name":"Lake Merced Boulevard & Higuera Avenue","area":0}},{"type":"Feature","geometry":{"type":"Point","coordinates":[-122.4851386,37.7134917]},"properties":{"id":6587947134,"category":"transit","name":"Lake Merced Boulevard & Brotherhood Way","area":0}},{"type":"Feature","geometry":{"type":"Point","coordinates":[-122.4854521,37.7139629]},"properties":{"id":6587947136,"category":"transit","name":"Lake Merced Boulevard & Brotherhood Way","area":0}},{"type":"Feature","geometry":{"type":"Point","coordinates":[-122.4626096,37.704934]},"properties":{"id":6601492024,"category":"transit","name":"John Daly Boulevard & Mission Street","area":0}},{"type":"Feature","geometry":{"type":"Point","coordinates":[-122.4628022,37.7052198]},"properties":{"id":6601492025,"category":"transit","name":"John Daly Boulevard & Mission Street","area":0}},{"type":"Feature","geometry":{"type":"Point","coordinates":[-122.4629387,37.7024706]},"properties":{"id":6603438345,"category":"transit","name":"El Camino Real & Alp Avenue","area":0}},{"type":"Feature","geometry":{"type":"Point","coordinates":[-122.4634698,37.7018056]},"properties":{"id":6603438346,"category":"transit","name":"El Camino Real & Parkview Avenue","area":0}},{"type":"Feature","geometry":{"type":"Point","coordinates":[-122.4086851,37.7010813]},"properties":{"id":6604223198,"category":"transit","name":"Bayshore Boulevard & Industrial Way","area":0}},{"type":"Feature","geometry":{"type":"Point","coordinates":[-122.4083182,37.7014674]},"properties":{"id":6604223200,"category":"transit","name":"Bayshore Boulevard & Industrial Way","area":0}},{"type":"Feature","geometry":{"type":"Point","coordinates":[-122.4075343,37.7040426]},"properties":{"id":6604223217,"category":"transit","name":"Bayshore Boulevard & Geneva Avenue","area":0}},{"type":"Feature","geometry":{"type":"Point","coordinates":[-122.4066357,37.7050569]},"properties":{"id":6604223219,"category":"transit","name":"Bayshore Boulevard & Geneva Avenue","area":0}},{"type":"Feature","geometry":{"type":"Point","coordinates":[-122.4054,37.708788]},"properties":{"id":6604223221,"category":"transit","name":"Bayshore Boulevard & Sunnydale Avenue","area":0}},{"type":"Feature","geometry":{"type":"Point","coordinates":[-122.4856223,37.7010371]},"properties":{"id":6617320213,"category":"transit","name":"John Daly Boulevard & Lake Merced Boulevard","area":0}},{"type":"Feature","geometry":{"type":"Point","coordinates":[-122.4861585,37.7011646]},"properties":{"id":6617320214,"category":"transit","name":"John Daly Boulevard & Lake Merced Boulevard","area":0}},{"type":"Feature","geometry":{"type":"Point","coordinates":[-122.4828465,37.7021174]},"properties":{"id":6617320215,"category":"transit","name":"John Daly Boulevard & Cliffside Drive","area":0}},{"type":"Feature","geometry":{"type":"Point","coordinates":[-122.4815284,37.7022276]},"properties":{"id":6617320216,"category":"transit","name":"John Daly Boulevard & Park Plaza Drive","area":0}},{"type":"Feature","geometry":{"type":"Point","coordinates":[-122.4759995,37.7041445]},"properties":{"id":6617320217,"category":"transit","name":"John Daly Boulevard & Sheffield Drive","area":0}},{"type":"Feature","geometry":{"type":"Point","coordinates":[-122.4761217,37.7038157]},"properties":{"id":6617320218,"category":"transit","name":"John Daly Boulevard & Poncetta Drive","area":0}},{"type":"Feature","geometry":{"type":"Point","coordinates":[-122.4709725,37.7030101]},"properties":{"id":6617320411,"category":"transit","name":"1901 Junipero Serra Boulevard","area":0}},{"type":"Feature","geometry":{"type":"Point","coordinates":[-122.4706735,37.7030346]},"properties":{"id":6617320412,"category":"transit","name":"1901 Junipero Serra Boulevard","area":0}},{"type":"Feature","geometry":{"type":"Point","coordinates":[-122.5035358,37.7826641]},"properties":{"id":6617882733,"category":"transit","name":null,"area":0}},{"type":"Feature","geometry":{"type":"Point","coordinates":[-122.4847383,37.7008573]},"properties":{"id":6618158080,"category":"transit","name":"Lake Merced Boulevard & John Daly Boulevard","area":0}},{"type":"Feature","geometry":{"type":"Point","coordinates":[-122.4845298,37.701105]},"properties":{"id":6618185340,"category":"transit","name":"Lake Merced Boulevard & John Daly Boulevard","area":0}},{"type":"Feature","geometry":{"type":"Point","coordinates":[-122.4817474,37.7009484]},"properties":{"id":6618185341,"category":"transit","name":"Park Plaza Drive & John Daly Boulevard","area":0}},{"type":"Feature","geometry":{"type":"Point","coordinates":[-122.462032,37.7044751]},"properties":{"id":6625120203,"category":"transit","name":"Hillside Boulevard & Brunswick Street","area":0}},{"type":"Feature","geometry":{"type":"Point","coordinates":[-122.4621843,37.704224]},"properties":{"id":6625120204,"category":"transit","name":"Hillside Boulevard & Brunswick Street","area":0}},{"type":"Feature","geometry":{"type":"Point","coordinates":[-122.4622085,37.7022012]},"properties":{"id":6625120205,"category":"transit","name":"Hillside Boulevard & Cottonwood Drive","area":0}},{"type":"Feature","geometry":{"type":"Point","coordinates":[-122.4623405,37.7017358]},"properties":{"id":6625120206,"category":"transit","name":"Hillside Boulevard & Alp Avenue","area":0}},{"type":"Feature","geometry":{"type":"Point","coordinates":[-122.4418766,37.7041151]},"properties":{"id":6625209690,"category":"transit","name":"Alta Vista Way & South Hill Boulevard","area":0}},{"type":"Feature","geometry":{"type":"Point","coordinates":[-122.4387134,37.7044398]},"properties":{"id":6625209692,"category":"transit","name":"Alta Vista Way & Ardendale Drive","area":0}},{"type":"Feature","geometry":{"type":"Point","coordinates":[-122.436246,37.7047147]},"properties":{"id":6625209693,"category":"transit","name":"146 Alta Vista Way","area":0}},{"type":"Feature","geometry":{"type":"Point","coordinates":[-122.433936,37.7047932]},"properties":{"id":6625209694,"category":"transit","name":"Alta Vista Way & Caroline Way","area":0}},{"type":"Feature","geometry":{"type":"Point","coordinates":[-122.431792,37.7047369]},"properties":{"id":6625209705,"category":"transit","name":"58 Alta Vista Way","area":0}},{"type":"Feature","geometry":{"type":"Point","coordinates":[-122.428805,37.7052453]},"properties":{"id":6625209706,"category":"transit","name":"Oakridge Drive & Alta Vista Way","area":0}},{"type":"Feature","geometry":{"type":"Point","coordinates":[-122.429503,37.7068617]},"properties":{"id":6625209707,"category":"transit","name":"Oakridge Drive & Mira Vista Court","area":0}},{"type":"Feature","geometry":{"type":"Point","coordinates":[-122.431343,37.7068408]},"properties":{"id":6625209708,"category":"transit","name":"Oakridge Drive & Southridge Way","area":0}},{"type":"Feature","geometry":{"type":"Point","coordinates":[-122.4370674,37.7062824]},"properties":{"id":6625209709,"category":"transit","name":"South Hill Boulevard & Bellevue Avenue","area":0}},{"type":"Feature","geometry":{"type":"Point","coordinates":[-122.4370927,37.7065373]},"properties":{"id":6625209710,"category":"transit","name":"Bellevue Avenue & South Hill Boulevard","area":0}},{"type":"Feature","geometry":{"type":"Point","coordinates":[-122.439118,37.7077624]},"properties":{"id":6625209711,"category":"transit","name":"Bellevue Avenue & Waverly Way","area":0}},{"type":"Feature","geometry":{"type":"Point","coordinates":[-122.438556,37.70742]},"properties":{"id":6625209712,"category":"transit","name":"Bellevue Avenue & Waverly Way","area":0}},{"type":"Feature","geometry":{"type":"Point","coordinates":[-122.442263,37.7080635]},"properties":{"id":6625209713,"category":"transit","name":"Bellevue Avenue & Guttenberg Street","area":0}},{"type":"Feature","geometry":{"type":"Point","coordinates":[-122.442106,37.7079926]},"properties":{"id":6625209714,"category":"transit","name":"Bellevue Avenue & Guttenberg Street","area":0}},{"type":"Feature","geometry":{"type":"Point","coordinates":[-122.444608,37.707267]},"properties":{"id":6625209715,"category":"transit","name":"Bellevue Avenue & Lowell Street","area":0}},{"type":"Feature","geometry":{"type":"Point","coordinates":[-122.446427,37.7065268]},"properties":{"id":6625209716,"category":"transit","name":"Bellevue Avenue & Whittier Street","area":0}},{"type":"Feature","geometry":{"type":"Point","coordinates":[-122.446614,37.7065825]},"properties":{"id":6625209717,"category":"transit","name":"Bellevue Avenue & Whittier Street","area":0}},{"type":"Feature","geometry":{"type":"Point","coordinates":[-122.450273,37.7053374]},"properties":{"id":6625209718,"category":"transit","name":"Bellevue Avenue & Acton Street","area":0}},{"type":"Feature","geometry":{"type":"Point","coordinates":[-122.450407,37.7051643]},"properties":{"id":6625209719,"category":"transit","name":"Bellevue Avenue & Acton Street","area":0}},{"type":"Feature","geometry":{"type":"Point","coordinates":[-122.452719,37.7060001]},"properties":{"id":6625209720,"category":"transit","name":"Templeton Avenue & Hanover Street","area":0}},{"type":"Feature","geometry":{"type":"Point","coordinates":[-122.453687,37.7067997]},"properties":{"id":6625209721,"category":"transit","name":"Templeton Avenue & Brunswick Street","area":0}},{"type":"Feature","geometry":{"type":"Point","coordinates":[-122.453632,37.7069393]},"properties":{"id":6625209722,"category":"transit","name":"Templeton Avenue & Brunswick Street","area":0}},{"type":"Feature","geometry":{"type":"Point","coordinates":[-122.4173654,37.7037604]},"properties":{"id":6630492363,"category":"transit","name":"Rio Verde Street & Partridge Street","area":0}},{"type":"Feature","geometry":{"type":"Point","coordinates":[-122.4140023,37.7045046]},"properties":{"id":6630492365,"category":"transit","name":"Schwerin Street & Ottilia Street","area":0}},{"type":"Feature","geometry":{"type":"Point","coordinates":[-122.4158421,37.7011878]},"properties":{"id":6630492367,"category":"transit","name":"Martin Street & Schwerin Street","area":0}},{"type":"Feature","geometry":{"type":"Point","coordinates":[-122.4248121,37.7069011]},"properties":{"id":6630492371,"category":"transit","name":"Carter Street & Saddleback Drive","area":0}},{"type":"Feature","geometry":{"type":"Point","coordinates":[-122.4190715,37.7019272]},"properties":{"id":6630501096,"category":"transit","name":"Bayshore Community Center","area":0}},{"type":"Feature","geometry":{"type":"Point","coordinates":[-122.4015524,37.7087251]},"properties":{"id":6634207136,"category":"transit","name":"Bayshore Caltrain","area":0}},{"type":"Feature","geometry":{"type":"Point","coordinates":[-122.394736,37.7963488]},"properties":{"id":6666769680,"category":"transit","name":"San Francisco Ferry Building","area":0}},{"type":"Feature","geometry":{"type":"Point","coordinates":[-122.467009,37.7118971]},"properties":{"id":6699459597,"category":"transit","name":"Arch Street & Alemany Boulevard","area":0}},{"type":"Feature","geometry":{"type":"Point","coordinates":[-122.425325,37.7242899]},"properties":{"id":6699459598,"category":"transit","name":"Moscow Street & Avalon Avenue","area":0}},{"type":"Feature","geometry":{"type":"Point","coordinates":[-122.4264629,37.7227342]},"properties":{"id":6699459599,"category":"transit","name":"Moscow Street & Excelsior Avenue","area":0}},{"type":"Feature","geometry":{"type":"Point","coordinates":[-122.427641,37.7211755]},"properties":{"id":6699459600,"category":"transit","name":"Moscow Street & Brazil Avenue","area":0}},{"type":"Feature","geometry":{"type":"Point","coordinates":[-122.4299937,37.7180434]},"properties":{"id":6699459601,"category":"transit","name":"Moscow Street & Russia Avenue","area":0}},{"type":"Feature","geometry":{"type":"Point","coordinates":[-122.4311801,37.7165027]},"properties":{"id":6699459602,"category":"transit","name":"Moscow Street & France Avenue","area":0}},{"type":"Feature","geometry":{"type":"Point","coordinates":[-122.432359,37.7149505]},"properties":{"id":6699459603,"category":"transit","name":"Moscow Street & Italy Avenue","area":0}},{"type":"Feature","geometry":{"type":"Point","coordinates":[-122.433487,37.713419]},"properties":{"id":6699459604,"category":"transit","name":"Moscow Street & Geneva Avenue","area":0}},{"type":"Feature","geometry":{"type":"Point","coordinates":[-122.413051,37.785639]},"properties":{"id":6699459605,"category":"transit","name":"Jones Street & O'Farrell Street","area":0}},{"type":"Feature","geometry":{"type":"Point","coordinates":[-122.502311,37.8365837]},"properties":{"id":6702039358,"category":"transit","name":"Bunker Road & McCullough Road","area":0}},{"type":"Feature","geometry":{"type":"Point","coordinates":[-122.392925,37.7944319]},"properties":{"id":6724750031,"category":"transit","name":"The Embarcadero & Mission Street","area":0}},{"type":"Feature","geometry":{"type":"Point","coordinates":[-122.4357,37.7238464]},"properties":{"id":6906659792,"category":"transit","name":"Ocean Avenue & Mission Street","area":0}},{"type":"Feature","geometry":{"type":"Point","coordinates":[-122.4067053,37.7877284]},"properties":{"id":6906913390,"category":"transit","name":"Stockton Street & Geary Street / Union Square","area":0}},{"type":"Feature","geometry":{"type":"Point","coordinates":[-122.397643,37.7931279]},"properties":{"id":6907054377,"category":"transit","name":"Davis Street & Pine Street","area":0}},{"type":"Feature","geometry":{"type":"Point","coordinates":[-122.397599,37.7929066]},"properties":{"id":6907054378,"category":"transit","name":"Davis Street & Pine Street","area":0}},{"type":"Feature","geometry":{"type":"Point","coordinates":[-122.398287,37.7925392]},"properties":{"id":6907054379,"category":"transit","name":"Pine Street & Front Street","area":0}},{"type":"Feature","geometry":{"type":"Point","coordinates":[-122.398068,37.7925667]},"properties":{"id":6907054380,"category":"transit","name":"Pine Street & Front Street","area":0}},{"type":"Feature","geometry":{"type":"Point","coordinates":[-122.397848,37.7925942]},"properties":{"id":6907054381,"category":"transit","name":"Pine Street & Front Street","area":0}},{"type":"Feature","geometry":{"type":"Point","coordinates":[-122.4727451,37.7767732]},"properties":{"id":6913164285,"category":"transit","name":"Balboa Street & 14th Avenue","area":0}},{"type":"Feature","geometry":{"type":"Point","coordinates":[-122.402868,37.7123973]},"properties":{"id":6916631174,"category":"transit","name":"Arleta Avenue & San Bruno Avenue","area":0}},{"type":"Feature","geometry":{"type":"Point","coordinates":[-122.3985474,37.7688717]},"properties":{"id":6925582017,"category":"transit","name":"100 Hooper Street","area":0}},{"type":"Feature","geometry":{"type":"Point","coordinates":[-122.3886027,37.7670689]},"properties":{"id":6925616541,"category":"transit","name":"16th Street & Illinois Street","area":0}},{"type":"Feature","geometry":{"type":"Point","coordinates":[-122.3914906,37.7725857]},"properties":{"id":6925639424,"category":"transit","name":"1200 4th Street","area":0}},{"type":"Feature","geometry":{"type":"Point","coordinates":[-122.3862726,37.7672681]},"properties":{"id":6925639426,"category":"transit","name":"Terry A. François Boulevard & 16th Street","area":0}},{"type":"Feature","geometry":{"type":"Point","coordinates":[-122.3937214,37.7926835]},"properties":{"id":6925667389,"category":"transit","name":"Mission Street & Spear Street","area":0}},{"type":"Feature","geometry":{"type":"Point","coordinates":[-122.4798608,37.770622]},"properties":{"id":6948994483,"category":"transit","name":"John F. Kennedy Drive & Transverse Drive","area":0}},{"type":"Feature","geometry":{"type":"Point","coordinates":[-122.4706292,37.7714457]},"properties":{"id":6949011888,"category":"transit","name":"Rose Garden","area":0}},{"type":"Feature","geometry":{"type":"Point","coordinates":[-122.4705501,37.7712718]},"properties":{"id":6949011889,"category":"transit","name":"Rose Garden","area":0}},{"type":"Feature","geometry":{"type":"Point","coordinates":[-122.461903,37.7718309]},"properties":{"id":6949011890,"category":"transit","name":"Conservatory of Flowers","area":0}},{"type":"Feature","geometry":{"type":"Point","coordinates":[-122.46238,37.7717799]},"properties":{"id":6949011891,"category":"transit","name":"Conservatory of Flowers","area":0}},{"type":"Feature","geometry":{"type":"Point","coordinates":[-122.459072,37.7713852]},"properties":{"id":6949011892,"category":"transit","name":"Tennis Center/Dahlia Dell","area":0}},{"type":"Feature","geometry":{"type":"Point","coordinates":[-122.459372,37.7712665]},"properties":{"id":6949011893,"category":"transit","name":"Tennis Center/Dahlia Dell","area":0}},{"type":"Feature","geometry":{"type":"Point","coordinates":[-122.454742,37.7716486]},"properties":{"id":6949011895,"category":"transit","name":"McLaren Lodge","area":0}},{"type":"Feature","geometry":{"type":"Point","coordinates":[-122.394938,37.7763649]},"properties":{"id":7120275924,"category":"transit","name":"San Francisco 4th & King Street","area":0}},{"type":"Feature","geometry":{"type":"Point","coordinates":[-122.4288861,37.767115]},"properties":{"id":7207147411,"category":"transit","name":"Church Street & Market Street","area":0}},{"type":"Feature","geometry":{"type":"Point","coordinates":[-122.396989,37.7786814]},"properties":{"id":7209008685,"category":"transit","name":"Fourth/Brannan","area":0}},{"type":"Feature","geometry":{"type":"Point","coordinates":[-122.401739,37.7411677]},"properties":{"id":7248238192,"category":"transit","name":"Oakdale Avenue & Toland Street","area":0}},{"type":"Feature","geometry":{"type":"Point","coordinates":[-122.4069648,37.7702353]},"properties":{"id":7248238194,"category":"transit","name":"Brannan Street & 9th Street","area":0}},{"type":"Feature","geometry":{"type":"Point","coordinates":[-122.473916,37.7318705]},"properties":{"id":7248421836,"category":"transit","name":"Ocean Avenue & Right of Way","area":0}},{"type":"Feature","geometry":{"type":"Point","coordinates":[-122.473654,37.731971]},"properties":{"id":7248421838,"category":"transit","name":"Ocean Avenue & Right of Way","area":0}},{"type":"Feature","geometry":{"type":"Point","coordinates":[-122.4591161,37.747987]},"properties":{"id":7248421841,"category":"transit","name":"Forest Hill","area":0}},{"type":"Feature","geometry":{"type":"Point","coordinates":[-122.4336665,37.7692166]},"properties":{"id":7248555010,"category":"transit","name":"Duboce Avenue & Noe Street","area":0}},{"type":"Feature","geometry":{"type":"Point","coordinates":[-122.4337589,37.769106]},"properties":{"id":7248555011,"category":"transit","name":"Duboce Avenue & Noe Street","area":0}},{"type":"Feature","geometry":{"type":"Point","coordinates":[-122.4278932,37.7572139]},"properties":{"id":7248613911,"category":"transit","name":"Church Street & Liberty Street","area":0}},{"type":"Feature","geometry":{"type":"Point","coordinates":[-122.4281084,37.757393]},"properties":{"id":7248613912,"category":"transit","name":"Church Street & Liberty Street","area":0}},{"type":"Feature","geometry":{"type":"Point","coordinates":[-122.4278154,37.7564176]},"properties":{"id":7248613915,"category":"transit","name":"Church Street & 21st Street","area":0}},{"type":"Feature","geometry":{"type":"Point","coordinates":[-122.428006,37.7562849]},"properties":{"id":7248613916,"category":"transit","name":"Church Street & 21st Street","area":0}},{"type":"Feature","geometry":{"type":"Point","coordinates":[-122.42797,37.7580183]},"properties":{"id":7248613919,"category":"transit","name":"Church Street & 20th Street","area":0}},{"type":"Feature","geometry":{"type":"Point","coordinates":[-122.4281815,37.7581908]},"properties":{"id":7248613920,"category":"transit","name":"Church Street & 20th Street","area":0}},{"type":"Feature","geometry":{"type":"Point","coordinates":[-122.4283013,37.7615395]},"properties":{"id":7248613922,"category":"transit","name":"Church Street & 18th Street","area":0}},{"type":"Feature","geometry":{"type":"Point","coordinates":[-122.428835,37.7673014]},"properties":{"id":7248613938,"category":"transit","name":"Church Street & Market Street","area":0}},{"type":"Feature","geometry":{"type":"Point","coordinates":[-122.4158,37.8071992]},"properties":{"id":7251597854,"category":"transit","name":"Beach Street & Taylor Street","area":0}},{"type":"Feature","geometry":{"type":"Point","coordinates":[-122.420301,37.8066188]},"properties":{"id":7251597855,"category":"transit","name":"Beach Street & Hyde Street","area":0}},{"type":"Feature","geometry":{"type":"Point","coordinates":[-122.424858,37.8019565]},"properties":{"id":7251597857,"category":"transit","name":"Van Ness Avenue & Chestnut Street","area":0}},{"type":"Feature","geometry":{"type":"Point","coordinates":[-122.4051907,37.7851137]},"properties":{"id":7253649826,"category":"transit","name":"22 4th Street","area":0}},{"type":"Feature","geometry":{"type":"Point","coordinates":[-122.4123031,37.7804095]},"properties":{"id":7253649828,"category":"transit","name":"7th Street & Market Street","area":0}},{"type":"Feature","geometry":{"type":"Point","coordinates":[-122.4566799,37.8016077]},"properties":{"id":7253688528,"category":"transit","name":"Anza Avenue & Lincoln Boulevard","area":0}},{"type":"Feature","geometry":{"type":"Point","coordinates":[-122.3939657,37.7900445]},"properties":{"id":7253688536,"category":"transit","name":"Howard Street & Beale Street","area":0}},{"type":"Feature","geometry":{"type":"Point","coordinates":[-122.41899,37.8048359]},"properties":{"id":7782318233,"category":"transit","name":null,"area":0}},{"type":"Feature","geometry":{"type":"Point","coordinates":[-122.4189346,37.8045625]},"properties":{"id":7782318234,"category":"transit","name":null,"area":0}},{"type":"Feature","geometry":{"type":"Point","coordinates":[-122.3719025,37.8165472]},"properties":{"id":7930197758,"category":"transit","name":"Shoreline Access Road","area":0}},{"type":"Feature","geometry":{"type":"Point","coordinates":[-122.4544954,37.8041184]},"properties":{"id":7966872779,"category":"transit","name":"Mason Street - Tunnel Tops","area":0}},{"type":"Feature","geometry":{"type":"Point","coordinates":[-122.4488289,37.8048562]},"properties":{"id":7966872783,"category":"transit","name":"Mason Street & Yacht Road","area":0}},{"type":"Feature","geometry":{"type":"Point","coordinates":[-122.4487397,37.8050226]},"properties":{"id":7966872784,"category":"transit","name":"Mason Street & Yacht Road","area":0}},{"type":"Feature","geometry":{"type":"Point","coordinates":[-122.397044,37.7920182]},"properties":{"id":8366118770,"category":"transit","name":"Tahoe Convoy","area":0}},{"type":"Feature","geometry":{"type":"Point","coordinates":[-122.4423487,37.7483857]},"properties":{"id":8751377404,"category":"transit","name":"Clipper Street & Grand View Avenue","area":0}},{"type":"Feature","geometry":{"type":"Point","coordinates":[-122.438546,37.7487443]},"properties":{"id":8751377407,"category":"transit","name":"Clipper Street & Douglass Street","area":0}},{"type":"Feature","geometry":{"type":"Point","coordinates":[-122.438389,37.7485666]},"properties":{"id":8751377408,"category":"transit","name":"Clipper Street & Douglass Street","area":0}},{"type":"Feature","geometry":{"type":"Point","coordinates":[-122.413967,37.7826879]},"properties":{"id":8751377413,"category":"transit","name":"Leavenworth Street & Turk Street","area":0}},{"type":"Feature","geometry":{"type":"Point","coordinates":[-122.412476,37.7828266]},"properties":{"id":8751377415,"category":"transit","name":"Jones Street & Turk Street","area":0}},{"type":"Feature","geometry":{"type":"Point","coordinates":[-122.412851,37.7846972]},"properties":{"id":8751389417,"category":"transit","name":"Jones Street & Ellis Street","area":0}},{"type":"Feature","geometry":{"type":"Point","coordinates":[-122.365553,37.8229375]},"properties":{"id":8751389420,"category":"transit","name":"Avenue M & 4th Street","area":0}},{"type":"Feature","geometry":{"type":"Point","coordinates":[-122.393274,37.7601033]},"properties":{"id":8751389422,"category":"transit","name":"Pennsylvania Avenue & 20th Street","area":0}},{"type":"Feature","geometry":{"type":"Point","coordinates":[-122.393555,37.7601415]},"properties":{"id":8751389424,"category":"transit","name":"20th Street & Pennsylvania Avenue","area":0}},{"type":"Feature","geometry":{"type":"Point","coordinates":[-122.396467,37.7599677]},"properties":{"id":8751389427,"category":"transit","name":"20th Street & Missouri Street","area":0}},{"type":"Feature","geometry":{"type":"Point","coordinates":[-122.396127,37.7601108]},"properties":{"id":8751389428,"category":"transit","name":"20th Street & Missouri Street","area":0}},{"type":"Feature","geometry":{"type":"Point","coordinates":[-122.383406,37.7298965]},"properties":{"id":8751600419,"category":"transit","name":"Ingalls Street & Palou Avenue","area":0}},{"type":"Feature","geometry":{"type":"Point","coordinates":[-122.382921,37.7302402]},"properties":{"id":8751600422,"category":"transit","name":"Ingalls Street & Oakdale Avenue","area":0}},{"type":"Feature","geometry":{"type":"Point","coordinates":[-122.382846,37.7304809]},"properties":{"id":8751600423,"category":"transit","name":"Ingalls Street & Oakdale Avenue","area":0}},{"type":"Feature","geometry":{"type":"Point","coordinates":[-122.381636,37.7305513]},"properties":{"id":8751600426,"category":"transit","name":"Ingalls Street & La Salle Avenue","area":0}},{"type":"Feature","geometry":{"type":"Point","coordinates":[-122.381326,37.730645]},"properties":{"id":8751600427,"category":"transit","name":"Ingalls Street & La Salle Avenue","area":0}},{"type":"Feature","geometry":{"type":"Point","coordinates":[-122.370911,37.7282172]},"properties":{"id":8751600429,"category":"transit","name":"Jerrold Avenue & Donahue Street","area":0}},{"type":"Feature","geometry":{"type":"Point","coordinates":[-122.372996,37.7286571]},"properties":{"id":8751600431,"category":"transit","name":"Kirkwood Avenue & Earl Street","area":0}},{"type":"Feature","geometry":{"type":"Point","coordinates":[-122.444192,37.7583073]},"properties":{"id":8751666371,"category":"transit","name":"Market Street & Clayton Street","area":0}},{"type":"Feature","geometry":{"type":"Point","coordinates":[-122.3974209,37.7751131]},"properties":{"id":9228936417,"category":"transit","name":"San Francisco (5th/Townsend)","area":0}},{"type":"Feature","geometry":{"type":"Point","coordinates":[-122.4687137,37.7063583]},"properties":{"id":9267383751,"category":"transit","name":"Daly City BART","area":0}},{"type":"Feature","geometry":{"type":"Point","coordinates":[-122.3732006,37.8161599]},"properties":{"id":9335172179,"category":"transit","name":"Treasure Island Ferry Terminal","area":0}},{"type":"Feature","geometry":{"type":"Point","coordinates":[-122.423183,37.7947094]},"properties":{"id":9725363337,"category":"transit","name":"Van Ness Avenue & Pacific Street","area":0}},{"type":"Feature","geometry":{"type":"Point","coordinates":[-122.422643,37.7920843]},"properties":{"id":9725363339,"category":"transit","name":"Van Ness Avenue & Clay Street","area":0}},{"type":"Feature","geometry":{"type":"Point","coordinates":[-122.4218562,37.7883301]},"properties":{"id":9725363341,"category":"transit","name":"Van Ness Avenue & Bush Street","area":0}},{"type":"Feature","geometry":{"type":"Point","coordinates":[-122.421293,37.7855581]},"properties":{"id":9725363343,"category":"transit","name":"Van Ness Avenue & Geary Boulevard","area":0}},{"type":"Feature","geometry":{"type":"Point","coordinates":[-122.4207444,37.7827642]},"properties":{"id":9725363345,"category":"transit","name":"Van Ness Avenue & Eddy Street","area":0}},{"type":"Feature","geometry":{"type":"Point","coordinates":[-122.4201613,37.77985]},"properties":{"id":9725363347,"category":"transit","name":"Van Ness Avenue & McAllister Street","area":0}},{"type":"Feature","geometry":{"type":"Point","coordinates":[-122.4191482,37.7749381]},"properties":{"id":9725363349,"category":"transit","name":"South Van Ness Avenue & Market Street","area":0}},{"type":"Feature","geometry":{"type":"Point","coordinates":[-122.4239348,37.7984328]},"properties":{"id":9725597130,"category":"transit","name":"Van Ness Avenue & Union Street","area":0}},{"type":"Feature","geometry":{"type":"Point","coordinates":[-122.42365,37.7971309]},"properties":{"id":9725597131,"category":"transit","name":"Van Ness Avenue & Vallejo Street","area":0}},{"type":"Feature","geometry":{"type":"Point","coordinates":[-122.424079,37.7987082]},"properties":{"id":9725630042,"category":"transit","name":"Van Ness Avenue & Union Street","area":0}},{"type":"Feature","geometry":{"type":"Point","coordinates":[-122.423699,37.7968278]},"properties":{"id":9725632834,"category":"transit","name":"Van Ness Avenue & Vallejo Street","area":0}},{"type":"Feature","geometry":{"type":"Point","coordinates":[-122.4203389,37.7802591]},"properties":{"id":9725647657,"category":"transit","name":"Van Ness Avenue & McAllister Street","area":0}},{"type":"Feature","geometry":{"type":"Point","coordinates":[-122.4209086,37.7830346]},"properties":{"id":9725647659,"category":"transit","name":"Van Ness Avenue & Eddy Street","area":0}},{"type":"Feature","geometry":{"type":"Point","coordinates":[-122.4193418,37.7754144]},"properties":{"id":9725650098,"category":"transit","name":"Van Ness Avenue & Market Street","area":0}},{"type":"Feature","geometry":{"type":"Point","coordinates":[-122.4218518,37.7877001]},"properties":{"id":9725652953,"category":"transit","name":"Van Ness Avenue & Sutter Street","area":0}},{"type":"Feature","geometry":{"type":"Point","coordinates":[-122.42315,37.7940947]},"properties":{"id":9725660530,"category":"transit","name":"Van Ness Avenue & Jackson Street","area":0}},{"type":"Feature","geometry":{"type":"Point","coordinates":[-122.422631,37.7914654]},"properties":{"id":9725661946,"category":"transit","name":"Van Ness Avenue & Sacramento Street","area":0}},{"type":"Feature","geometry":{"type":"Point","coordinates":[-122.4212712,37.7848899]},"properties":{"id":9725665774,"category":"transit","name":"Van Ness Avenue & O'Farrell Street","area":0}},{"type":"Feature","geometry":{"type":"Point","coordinates":[-122.4681974,37.7725964]},"properties":{"id":9882434995,"category":"transit","name":"10th Ave/Music Concourse","area":0}},{"type":"Feature","geometry":{"type":"Point","coordinates":[-122.4688909,37.769466]},"properties":{"id":9882434999,"category":"transit","name":"Music Concourse Bandshell Accessible Parking Lot","area":0}},{"type":"Feature","geometry":{"type":"Point","coordinates":[-122.4683697,37.7724054]},"properties":{"id":9882435001,"category":"transit","name":"10th Ave/Music Concourse","area":0}},{"type":"Feature","geometry":{"type":"Point","coordinates":[-122.5105649,37.7675271]},"properties":{"id":9882462225,"category":"transit","name":"Ocean Beach Parking Lot","area":0}},{"type":"Feature","geometry":{"type":"Point","coordinates":[-122.477211,37.7707952]},"properties":{"id":9883924494,"category":"transit","name":"Blue Heron Lake Boathouse","area":0}},{"type":"Feature","geometry":{"type":"Point","coordinates":[-122.459505,37.7065164]},"properties":{"id":9938069331,"category":"transit","name":"Mission Street & Flournoy Street","area":0}},{"type":"Feature","geometry":{"type":"Point","coordinates":[-122.391388,37.7903436]},"properties":{"id":9971861491,"category":"transit","name":"Spear Street & Folsom Street","area":0}},{"type":"Feature","geometry":{"type":"Point","coordinates":[-122.393925,37.7922974]},"properties":{"id":9971861494,"category":"transit","name":"Spear Street & Mission Street","area":0}},{"type":"Feature","geometry":{"type":"Point","coordinates":[-122.392246,37.7897716]},"properties":{"id":9971861497,"category":"transit","name":"Main Street & Folsom Street","area":0}},{"type":"Feature","geometry":{"type":"Point","coordinates":[-122.413955,37.7492459]},"properties":{"id":9971861504,"category":"transit","name":"26th Street & Folsom Street","area":0}},{"type":"Feature","geometry":{"type":"Point","coordinates":[-122.3967856,37.7902812]},"properties":{"id":10152341240,"category":"transit","name":"San Francisco, CA - Salesforce Plaza (SFC)","area":0}},{"type":"Feature","geometry":{"type":"Point","coordinates":[-122.401731,37.7822253]},"properties":{"id":10201633552,"category":"transit","name":"Yerba Buena/Moscone","area":0}},{"type":"Feature","geometry":{"type":"Point","coordinates":[-122.40645,37.786846]},"properties":{"id":10201633561,"category":"transit","name":"Union Square/Market Street","area":0}},{"type":"Feature","geometry":{"type":"Point","coordinates":[-122.408071,37.794808]},"properties":{"id":10201633568,"category":"transit","name":"Chinatown-Rose Pak","area":0}},{"type":"Feature","geometry":{"type":"Point","coordinates":[-122.4540386,37.8042762]},"properties":{"id":10839032042,"category":"transit","name":"Mason Street - Tunnel Tops","area":0}},{"type":"Feature","geometry":{"type":"Point","coordinates":[-122.396791,37.7961897]},"properties":{"id":10869882833,"category":"transit","name":"Drumm Street & Clay Street","area":0}},{"type":"Feature","geometry":{"type":"Point","coordinates":[-122.3952461,37.796118]},"properties":{"id":10869899330,"category":"transit","name":null,"area":0}},{"type":"Feature","geometry":{"type":"Point","coordinates":[-122.388756,37.789268]},"properties":{"id":10869899392,"category":"transit","name":null,"area":0}},{"type":"Feature","geometry":{"type":"Point","coordinates":[-122.402388,37.7711651]},"properties":{"id":10917024246,"category":"transit","name":null,"area":0}},{"type":"Feature","geometry":{"type":"Point","coordinates":[-122.3923568,37.791333]},"properties":{"id":11019019878,"category":"transit","name":null,"area":0}},{"type":"Feature","geometry":{"type":"Point","coordinates":[-122.4093556,37.7834647]},"properties":{"id":11147345127,"category":"transit","name":"Turk Street & Mason Street","area":0}},{"type":"Feature","geometry":{"type":"Point","coordinates":[-122.3985063,37.7762156]},"properties":{"id":11149042587,"category":"transit","name":"5th Street & Brannan Street","area":0}},{"type":"Feature","geometry":{"type":"Point","coordinates":[-122.387803,37.7554467]},"properties":{"id":11152262603,"category":"transit","name":"23rd Street & 3rd Street","area":0}},{"type":"Feature","geometry":{"type":"Point","coordinates":[-122.3875708,37.7579229]},"properties":{"id":11152262604,"category":"transit","name":"22nd Street & Illinois Street","area":0}},{"type":"Feature","geometry":{"type":"Point","coordinates":[-122.406761,37.7722913]},"properties":{"id":11166132581,"category":"transit","name":null,"area":0}},{"type":"Feature","geometry":{"type":"Point","coordinates":[-122.3710495,37.8161526]},"properties":{"id":11230505950,"category":"transit","name":"Clipper Cove Way & Treasure Island Road","area":0}},{"type":"Feature","geometry":{"type":"Point","coordinates":[-122.3711274,37.8190925]},"properties":{"id":11230512992,"category":"transit","name":"Seven Seas Avenue & Bruton Street","area":0}},{"type":"Feature","geometry":{"type":"Point","coordinates":[-122.3714234,37.8197133]},"properties":{"id":11230512993,"category":"transit","name":"Seven Seas Avenue & Bruton Street","area":0}},{"type":"Feature","geometry":{"type":"Point","coordinates":[-122.4079929,37.7948233]},"properties":{"id":11280660368,"category":"transit","name":"Stockton Street & Washington Street","area":0}},{"type":"Feature","geometry":{"type":"Point","coordinates":[-122.4008811,37.7816757]},"properties":{"id":11285124497,"category":"transit","name":"4th Street & Folsom Street","area":0}},{"type":"Feature","geometry":{"type":"Point","coordinates":[-122.389434,37.7685075]},"properties":{"id":11590449583,"category":"transit","name":"3rd Street & Warriors Way","area":0}},{"type":"Feature","geometry":{"type":"Point","coordinates":[-122.3967439,37.7903334]},"properties":{"id":12020415069,"category":"transit","name":"Amtrak Thruway Bus Stop","area":0}},{"type":"Feature","geometry":{"type":"Point","coordinates":[-122.4618881,37.8028497]},"properties":{"id":12209519622,"category":"transit","name":"Crissy Field Terminal","area":0}},{"type":"Feature","geometry":{"type":"Point","coordinates":[-122.4615032,37.8028606]},"properties":{"id":12212653833,"category":"transit","name":"Crissy Field Terminal","area":0}},{"type":"Feature","geometry":{"type":"Point","coordinates":[-122.4589735,37.8035613]},"properties":{"id":12212653834,"category":"transit","name":"Mason Street - Sports Basement","area":0}},{"type":"Feature","geometry":{"type":"Point","coordinates":[-122.4561414,37.8017669]},"properties":{"id":12247198045,"category":"transit","name":null,"area":0}},{"type":"Feature","geometry":{"type":"Point","coordinates":[-122.4078634,37.7842166]},"properties":{"id":12799041299,"category":"transit","name":null,"area":0}},{"type":"Feature","geometry":{"type":"Point","coordinates":[-122.4975459,37.7168752]},"properties":{"id":12838710276,"category":"transit","name":null,"area":0}},{"type":"Feature","geometry":{"type":"Point","coordinates":[-122.4289168,37.7667409]},"properties":{"id":12893776147,"category":"transit","name":"Church Street & Market Street","area":0}},{"type":"Feature","geometry":{"type":"Point","coordinates":[-122.4559512,37.8020376]},"properties":{"id":12908604809,"category":"transit","name":null,"area":0}},{"type":"Feature","geometry":{"type":"Point","coordinates":[-122.426255,37.7773816]},"properties":{"id":13025961319,"category":"transit","name":"Grove Street & Laguna Street","area":0}},{"type":"Feature","geometry":{"type":"Point","coordinates":[-122.4270255,37.7484192]},"properties":{"id":13071286544,"category":"transit","name":"Church Street & 26th Street","area":0}},{"type":"Feature","geometry":{"type":"Point","coordinates":[-122.4272637,37.748589]},"properties":{"id":13071286545,"category":"transit","name":"Church Street & 26th Street","area":0}},{"type":"Feature","geometry":{"type":"Point","coordinates":[-122.4267298,37.7452173]},"properties":{"id":13072040676,"category":"transit","name":"Church Street & 28th Street","area":0}},{"type":"Feature","geometry":{"type":"Point","coordinates":[-122.4269559,37.7453917]},"properties":{"id":13072040677,"category":"transit","name":"Church Street & 28th Street","area":0}},{"type":"Feature","geometry":{"type":"Point","coordinates":[-122.4268442,37.7452943]},"properties":{"id":13073127077,"category":"transit","name":"Church Street & 28th Street","area":0}},{"type":"Feature","geometry":{"type":"Point","coordinates":[-122.4271483,37.7484849]},"properties":{"id":13073127078,"category":"transit","name":"Church Street & 26th Street","area":0}},{"type":"Feature","geometry":{"type":"Point","coordinates":[-122.4135837,37.7066421]},"properties":{"id":13679770259,"category":"transit","name":"Geneva Avenue & Schwerin Street","area":0}},{"type":"Feature","geometry":{"type":"Point","coordinates":[-122.4082572,37.7051431]},"properties":{"id":13679781756,"category":"transit","name":"Geneva Avenue & Bayshore Boulevard","area":0}},{"type":"Feature","geometry":{"type":"Point","coordinates":[-122.4195565,37.7080072]},"properties":{"id":13680566549,"category":"transit","name":"Geneva Avenue & Santos Street","area":0}},{"type":"Feature","geometry":{"type":"Point","coordinates":[-122.419538,37.7079999]},"properties":{"id":13680566550,"category":"transit","name":"Geneva Avenue & Santos Street","area":0}},{"type":"Feature","geometry":{"type":"Point","coordinates":[-122.4359496,37.7233988]},"properties":{"id":13680762895,"category":"transit","name":"Mission Street & Persia Avenue","area":0}},{"type":"Feature","geometry":{"type":"Point","coordinates":[-122.43604,37.7237742]},"properties":{"id":13680764000,"category":"transit","name":"Ocean Avenue & Persia Avenue","area":0}},{"type":"Feature","geometry":{"type":"Point","coordinates":[-122.4360588,37.7239014]},"properties":{"id":13680794201,"category":"transit","name":"Ocean Avenue & Mission Street","area":0}},{"type":"Feature","geometry":{"type":"Point","coordinates":[-122.458596,37.8036894]},"properties":{"id":13823176961,"category":"transit","name":"Mason Street - Sports Basement","area":0}},{"type":"Feature","geometry":{"type":"Point","coordinates":[-122.4222125,37.8054119]},"properties":{"id":13879431656,"category":"transit","name":"North Point Street & Larkin Street","area":0}},{"type":"Feature","geometry":{"type":"Point","coordinates":[-122.4250532,37.7100567]},"properties":{"id":14151276337,"category":"transit","name":null,"area":0}},{"type":"Feature","geometry":{"type":"Point","coordinates":[-122.4066853,37.7849668]},"properties":{"id":160331904,"category":"transit","name":"Powell Street Station","area":0}},{"type":"Feature","geometry":{"type":"Point","coordinates":[-122.4014497,37.7894827]},"properties":{"id":550652205,"category":"transit","name":"Montgomery Street Station","area":0}},{"type":"Feature","geometry":{"type":"Point","coordinates":[-122.3934296,37.795538]},"properties":{"id":558731934,"category":"transit","name":"San Francisco Ferry Building","area":0}},{"type":"Feature","geometry":{"type":"Point","coordinates":[-122.4033688,37.7732378]},"properties":{"id":1081658224,"category":"transit","name":"7th Street & Brannan Street","area":0}},{"type":"Feature","geometry":{"type":"Point","coordinates":[-122.4050593,37.7745788]},"properties":{"id":1081658228,"category":"transit","name":"7th Street & Bryant Street","area":0}},{"type":"Feature","geometry":{"type":"Point","coordinates":[-122.4065067,37.7757438]},"properties":{"id":1081661148,"category":"transit","name":"7th Street & Harrison Street","area":0}}]}